amount,transactions_last_hour,account_age_days,new_device,location_changed,failed_attempts,time_since_last_transaction,is_fraud
4898.65,2,52,0,0,0,1164.0,1
2596.02,3,1204,0,0,2,1559.0,1
5696.96,8,1267,0,0,0,834.0,1
13670.97,10,717,0,0,0,2454.0,1
2358.65,6,549,0,0,2,2666.0,1
2358.69,7,940,0,0,1,2235.0,1
14461.03,4,66,0,0,0,63.0,1
6421.68,4,606,1,0,0,10.0,1
1864.09,10,239,0,0,0,2015.0,1
5128.46,5,403,1,0,1,224.0,1
1875.41,9,253,1,0,0,98.0,1
1871.08,3,744,0,0,0,98.0,1
3796.98,2,591,0,0,0,28.0,1
439.98,6,856,0,0,0,2140.0,0
531.17,10,691,0,0,0,7046.0,1
1698.86,4,1281,1,0,0,1476.0,1
1082.65,9,107,0,0,0,1909.0,1
4081.61,8,786,0,0,0,2201.0,1
1202.28,7,627,0,1,1,157.0,1
726.11,8,722,0,0,0,1913.0,0
12908.6,1,997,0,0,0,3475.0,1
2378.5,5,1006,0,1,0,3184.0,0
3189.21,6,1211,0,1,1,633.0,1
717.13,4,267,0,0,0,25.0,0
1729.55,6,156,0,0,0,1963.0,1
3330.65,8,864,0,0,0,2232.0,1
942.94,6,1186,0,0,0,4977.0,0
4340.3,8,697,0,0,0,161.0,1
1634.94,8,1385,0,0,0,5791.0,0
2226.77,10,257,0,0,0,36.0,1
1633.19,6,1167,0,1,1,1052.0,1
19001.59,7,920,0,0,0,937.0,1
2940.99,6,953,0,0,1,22.0,1
1035.14,11,1094,0,0,0,2516.0,1
6785.51,8,962,0,0,1,31.0,1
879.33,9,977,0,0,2,3010.0,1
3673.37,4,967,0,0,0,688.0,1
420.03,6,67,0,0,0,381.0,1
789.83,10,1048,0,0,1,1237.0,1
3629.54,3,563,0,0,0,47.0,1
6238.32,8,894,0,0,1,323.0,1
3538.18,3,972,0,1,0,4844.0,1
2655.4,4,696,0,1,3,4377.0,1
2205.91,4,300,0,0,0,447.0,1
679.58,4,445,0,0,0,264.0,0
1451.21,6,321,1,1,0,1296.0,1
1880.63,4,1148,0,0,2,2043.0,1
8579.43,8,1258,0,0,0,556.0,1
4203.27,11,1283,1,0,0,452.0,1
511.3,2,618,0,0,0,8285.0,0
4121.96,4,1220,0,0,0,1202.0,1
2028.23,6,204,0,0,0,3900.0,1
1514.86,12,1102,0,0,0,863.0,1
5495.45,3,1000,0,1,1,114.0,1
8358.21,7,1496,0,0,2,575.0,1
7564.94,11,926,0,0,1,1890.0,1
1287.92,7,545,0,0,0,1414.0,1
2188.1,6,21,0,0,0,799.0,1
4151.66,4,655,1,0,1,1301.0,1
7907.33,4,1343,0,0,1,10479.0,1
1846.09,8,956,0,0,0,2146.0,1
2475.85,5,736,0,0,1,1916.0,1
986.01,4,819,0,0,0,1459.0,0
901.26,2,801,0,0,0,365.0,1
6717.87,5,491,0,1,0,1732.0,1
11570.8,5,382,0,0,0,1554.0,1
2773.85,5,971,0,0,0,2784.0,1
8131.76,7,1380,0,0,0,713.0,1
4279.69,0,1013,0,0,1,922.0,1
1563.81,3,1161,1,0,1,8750.0,0
4278.66,6,287,0,0,0,767.0,1
13877.67,3,333,0,0,0,1438.0,1
2876.05,9,138,1,1,0,694.0,1
14251.87,3,1161,0,0,0,1874.0,1
217.08,4,301,0,0,2,2665.0,1
6781.15,11,241,0,0,0,2082.0,1
3252.07,1,379,0,0,1,1481.0,1
2210.54,10,416,1,0,0,672.0,1
3267.44,4,264,1,0,0,1580.0,1
408.48,10,504,0,0,1,2672.0,1
2393.06,2,658,0,0,2,303.0,0
4260.38,5,80,0,0,1,1053.0,1
13067.64,5,1262,1,0,0,3749.0,1
1775.31,8,473,0,0,0,1253.0,1
1328.1,4,1340,0,0,1,4135.0,1
1804.87,2,749,1,0,1,157.0,1
7445.78,6,1403,0,0,0,564.0,1
4141.24,7,772,0,1,1,1266.0,1
1755.03,6,543,0,0,0,381.0,1
4980.41,7,399,0,1,0,1539.0,1
3284.85,3,463,0,1,0,1180.0,1
7852.95,5,1191,0,0,1,4943.0,1
1477.26,10,1183,0,0,0,1922.0,1
2148.1,5,892,0,0,0,25.0,1
2014.03,8,1312,1,0,0,3336.0,1
689.86,6,1005,0,0,1,1878.0,1
4008.29,8,170,0,0,0,408.0,1
3870.18,6,469,0,0,0,511.0,1
2996.24,5,1077,0,0,0,2093.0,0
2357.63,5,908,1,0,0,1549.0,1
723.88,5,335,0,0,0,1041.0,1
1957.37,5,619,1,1,0,683.0,1
2116.01,8,352,0,0,0,3150.0,1
1336.38,7,1139,0,0,1,2841.0,1
2536.94,4,1242,1,0,2,3602.0,1
4465.12,3,958,0,0,0,2941.0,1
19656.94,3,1385,0,0,0,5167.0,1
3549.56,7,151,0,0,1,212.0,1
3856.64,2,1409,0,0,0,1297.0,0
2767.1,9,592,0,0,1,676.0,1
437.57,6,1467,0,0,1,880.0,1
2902.96,9,725,1,0,1,4582.0,1
3166.02,10,175,0,0,0,2787.0,1
35004.86,4,1044,0,0,2,59.0,1
2459.32,5,273,0,0,0,1076.0,0
4030.1,7,1497,1,0,0,506.0,1
2879.26,4,25,0,0,0,1572.0,1
926.41,5,324,0,0,0,693.0,1
9347.11,7,1116,0,0,0,1189.0,1
6322.9,7,449,0,0,0,841.0,1
6575.01,5,125,0,0,2,66.0,1
1200.64,10,78,0,0,0,628.0,1
12122.21,6,534,0,0,0,2064.0,1
733.74,7,1230,1,0,1,3209.0,1
5360.74,6,783,0,0,0,2901.0,1
26647.63,7,1349,0,0,1,519.0,1
1107.06,8,1423,0,1,0,3020.0,1
1692.06,5,372,0,0,1,3150.0,0
3293.32,5,575,0,0,0,1341.0,1
1801.77,5,1260,1,0,0,710.0,1
632.28,9,175,1,0,0,3070.0,1
3192.51,3,418,0,0,0,199.0,1
1030.39,2,605,1,1,0,5626.0,1
4786.68,7,86,0,0,1,734.0,1
1188.65,3,71,1,0,1,254.0,1
14043.77,3,1217,0,0,1,2449.0,1
1362.05,5,1331,0,0,0,1049.0,0
2160.16,5,1031,1,0,1,1339.0,1
6724.53,2,746,0,0,0,74.0,1
870.56,7,882,0,0,2,680.0,1
3742.32,5,264,0,0,1,450.0,1
11016.43,12,998,0,0,1,963.0,1
597.36,5,1281,0,0,0,144.0,1
3585.43,6,672,1,0,0,492.0,1
3865.64,10,89,0,0,0,351.0,1
6514.74,1,124,0,0,0,626.0,1
865.28,11,941,0,0,0,1181.0,1
795.96,6,1399,0,0,1,5758.0,0
5023.8,5,197,0,0,1,1221.0,0
4011.76,7,293,0,0,1,5514.0,1
3829.51,7,472,0,0,0,966.0,1
4215.18,5,319,0,0,1,119.0,1
1510.17,8,1259,0,0,0,425.0,1
3760.3,6,746,1,0,0,883.0,1
3996.09,5,507,0,0,0,6813.0,1
1459.21,7,105,0,0,1,2987.0,1
19259.78,3,827,0,0,1,131.0,1
4787.83,6,251,0,0,0,343.0,1
905.69,5,642,0,0,0,1586.0,0
5747.69,14,96,1,0,1,5920.0,1
1124.75,5,32,1,0,0,949.0,0
6549.11,13,1008,1,0,1,3210.0,1
9495.71,6,1010,0,1,1,711.0,1
1312.01,2,1490,0,1,0,390.0,0
7811.69,4,874,1,0,0,692.0,1
4504.27,4,483,1,0,0,1744.0,1
6782.22,5,604,0,0,2,1610.0,1
19866.56,3,468,0,0,1,1066.0,1
2332.3,10,918,0,0,1,2099.0,0
1402.85,5,641,0,0,1,489.0,0
1224.74,4,426,1,0,0,152.0,1
1318.42,6,980,0,0,0,1718.0,0
2759.76,8,1297,1,0,1,271.0,1
4192.92,6,975,0,1,0,1291.0,1
3931.16,7,1494,1,1,1,748.0,1
6817.06,3,1399,0,0,0,59.0,1
3019.97,10,1168,0,1,0,1117.0,1
12753.16,7,737,0,0,1,3767.0,1
2287.79,10,856,0,0,0,3845.0,1
45259.56,3,926,0,1,1,2335.0,1
5572.88,3,1185,0,0,1,1174.0,1
1265.02,5,601,1,0,0,764.0,0
1021.58,8,1198,0,0,0,56.0,1
4829.38,4,878,0,0,0,2302.0,1
2384.01,11,248,0,0,1,4356.0,1
6087.55,4,761,0,0,2,1582.0,1
4784.98,11,676,0,0,0,11614.0,0
2771.58,2,1224,0,0,2,1897.0,1
1278.2,4,720,0,0,1,315.0,1
655.34,3,552,0,0,1,1264.0,0
1907.38,2,250,0,1,0,1495.0,1
7019.16,8,1051,0,0,1,2698.0,1
3692.63,3,1266,0,0,2,1971.0,1
857.71,11,1453,1,0,1,95.0,1
3544.6,4,74,0,0,1,425.0,1
4382.25,6,1432,0,0,0,107.0,1
1231.69,3,1055,0,0,1,1066.0,0
3476.3,7,1126,0,0,0,948.0,1
3159.63,3,275,0,0,0,1181.0,0
950.54,3,824,0,0,0,13882.0,0
4263.25,5,255,0,0,0,44.0,1
5222.78,13,1345,0,0,1,6013.0,1
8804.79,6,1410,0,0,1,4238.0,1
8550.99,5,551,0,0,1,681.0,1
751.69,7,926,0,0,1,4298.0,1
1166.98,13,936,0,0,0,1039.0,1
4989.22,6,653,0,0,0,2780.0,1
4982.99,6,985,1,0,0,5.0,1
4989.28,2,1249,0,0,0,4208.0,1
140467.51,7,1369,1,0,0,1764.0,1
5275.83,3,786,0,0,0,278.0,1
9279.53,5,72,0,0,1,4445.0,1
7738.8,9,1292,0,1,0,77.0,1
5718.1,5,950,1,0,0,46.0,1
2174.88,6,1493,1,0,0,4941.0,1
6367.54,3,1324,1,0,0,1445.0,1
1376.33,6,821,0,0,0,190.0,1
2352.38,7,1007,0,0,0,210.0,1
1834.7,5,572,0,1,0,2419.0,1
3235.29,5,203,0,0,3,1590.0,1
30171.67,4,435,0,0,0,1420.0,1
460.69,12,601,0,0,0,1984.0,1
5921.0,5,1251,0,0,0,2146.0,1
594.24,3,481,0,0,1,607.0,1
1859.51,7,105,0,0,0,10185.0,1
8856.89,0,718,0,0,0,119.0,1
3178.87,3,1008,0,0,2,2741.0,1
1014.61,12,1087,0,0,0,546.0,1
1457.82,4,105,0,0,2,3926.0,1
5881.68,8,575,0,0,1,236.0,1
1436.02,7,541,0,0,1,8270.0,0
3701.37,6,273,0,0,1,1149.0,1
3119.95,8,1137,0,0,1,863.0,1
1553.71,7,1412,0,0,0,213.0,1
25436.59,5,1260,0,0,0,760.0,1
5619.06,5,574,0,0,1,502.0,1
393.41,4,366,0,0,0,5116.0,1
3591.96,7,462,0,0,0,1960.0,1
1537.96,3,1486,0,0,2,782.0,1
6991.38,6,368,0,0,0,175.0,1
1349.49,3,1465,0,0,0,1241.0,1
2657.83,6,834,0,0,0,2560.0,1
4939.34,6,1285,0,0,0,3195.0,1
7085.14,4,402,0,0,0,1395.0,1
897.58,4,939,0,1,2,9356.0,0
2133.46,13,736,0,0,1,1083.0,1
1853.91,9,1449,0,0,1,154.0,1
1551.02,9,393,0,0,1,615.0,1
17421.39,2,1132,0,0,1,1926.0,1
4469.28,6,452,1,0,0,1772.0,1
844.81,2,451,0,0,2,728.0,0
7464.11,3,1045,0,0,0,3939.0,1
24888.38,10,1063,0,0,0,546.0,1
8370.47,7,734,0,0,0,589.0,1
652.38,3,1253,0,1,0,1300.0,1
1836.77,7,344,0,1,2,1032.0,1
10582.02,6,1217,0,1,2,1193.0,1
1468.99,9,156,1,0,0,1869.0,1
4646.27,7,1235,0,0,0,5471.0,1
6468.08,5,1111,0,0,1,1766.0,1
1179.76,9,1431,1,0,0,602.0,1
2808.69,3,252,0,1,0,8090.0,0
116.6,3,656,1,0,1,3554.0,1
1070.21,6,297,0,0,0,810.0,1
2315.62,8,96,0,0,0,1073.0,1
855.95,5,1232,1,0,0,291.0,1
15251.17,6,547,0,0,0,1184.0,1
713.27,9,1219,1,0,1,933.0,1
1919.76,6,660,0,0,0,3411.0,1
3397.31,6,987,0,0,0,633.0,1
12597.75,5,1346,0,0,0,2048.0,1
709.2,8,77,0,0,1,426.0,1
9539.19,5,134,0,0,1,796.0,1
3011.62,4,1102,0,0,0,1027.0,1
1117.1,10,947,0,1,2,7807.0,1
4732.0,4,549,0,0,0,2101.0,1
3637.53,7,974,0,0,0,902.0,1
1635.63,11,968,0,0,1,1981.0,1
3196.47,8,245,0,0,0,96.0,1
2027.76,10,685,0,0,0,372.0,1
3339.3,7,287,0,0,0,2914.0,1
5779.84,7,72,0,1,1,6062.0,0
14559.76,12,932,0,0,1,1779.0,1
864.53,11,734,0,0,0,430.0,1
25160.57,5,699,0,0,1,4919.0,1
423.23,6,784,1,0,0,218.0,0
2561.16,5,1399,1,0,0,1940.0,1
5368.57,7,181,0,0,1,1017.0,1
3948.11,6,1402,0,0,0,6349.0,0
1599.27,4,159,0,0,1,810.0,1
2420.86,7,675,0,0,1,1130.0,1
1820.74,4,421,0,0,1,3519.0,1
1653.48,6,1273,1,1,0,680.0,1
6971.61,9,1086,0,0,1,930.0,1
4259.96,3,167,0,0,2,1391.0,1
1490.83,8,952,0,1,0,1509.0,1
7329.04,6,217,0,0,0,217.0,1
4053.35,7,1473,0,0,1,688.0,1
6720.13,5,1023,0,0,0,416.0,1
5595.0,6,1471,1,0,0,6414.0,0
1301.15,4,247,0,0,0,579.0,1
1702.44,10,669,0,0,0,25.0,1
6293.63,8,1117,0,0,1,198.0,1
5488.28,6,458,0,0,2,1315.0,1
2919.3,8,1032,1,0,0,1873.0,1
3352.05,4,1384,0,0,1,145.0,1
10696.43,2,350,0,0,0,70.0,1
1649.83,4,1438,0,0,1,861.0,1
5151.78,11,425,0,0,0,1036.0,1
2435.26,6,655,0,0,0,584.0,1
2397.83,10,1357,1,0,0,598.0,1
8944.35,8,649,0,0,0,1851.0,1
6805.02,5,1444,0,0,0,1381.0,1
6724.48,6,13,0,0,0,338.0,1
10998.11,4,731,0,0,2,861.0,1
3044.23,8,1032,0,0,1,265.0,1
5895.55,3,426,1,0,0,168.0,1
2185.79,1,1084,0,0,0,2192.0,0
4122.3,3,1338,0,0,0,3805.0,1
2617.19,5,627,0,0,2,855.0,1
3284.59,5,884,0,0,0,195.0,1
5405.42,9,664,0,0,0,391.0,1
1315.25,5,556,1,1,1,3488.0,1
24158.4,7,104,0,0,0,332.0,1
1090.05,5,447,0,0,0,370.0,1
885.2,5,1459,0,0,1,376.0,0
9491.11,9,1236,0,0,1,2210.0,1
6579.16,7,1251,0,0,1,122.0,1
5564.26,5,1160,0,0,0,3982.0,1
5587.83,8,472,0,0,1,1932.0,1
2944.67,12,1448,0,0,0,932.0,1
1215.3,5,972,0,0,1,10.0,1
3215.71,3,1021,0,1,1,712.0,1
1514.5,4,417,0,0,1,731.0,0
7903.96,10,1102,0,0,0,567.0,1
2573.3,6,405,0,0,2,609.0,1
1305.71,7,289,0,0,2,469.0,1
2161.62,4,767,0,0,0,1876.0,0
4504.95,8,55,1,1,1,1964.0,1
1696.42,5,1337,0,0,1,4694.0,0
1310.0,2,326,1,0,1,1496.0,1
3803.54,3,142,0,0,2,950.0,1
3808.41,3,220,0,0,0,1922.0,0
1795.53,6,640,0,0,0,511.0,1
1861.17,2,1303,1,0,1,3815.0,1
3759.53,5,683,0,0,1,1723.0,1
700.58,4,871,0,0,1,1194.0,1
729.63,6,1208,0,0,0,382.0,0
1453.25,4,1169,0,0,0,23.0,1
2408.0,5,1183,0,0,0,364.0,1
4068.0,5,1018,0,0,2,2697.0,1
13034.52,6,52,0,0,1,1017.0,1
7028.02,3,1159,1,0,0,2935.0,1
2540.36,8,377,0,0,0,494.0,1
2924.81,2,18,0,0,2,282.0,0
1093.86,12,1232,0,0,0,420.0,1
2926.28,8,134,0,0,0,2414.0,1
2233.54,6,962,0,0,0,1774.0,1
4116.34,4,1428,0,0,0,3456.0,0
1303.45,6,637,0,0,0,1510.0,1
5010.78,3,343,1,0,0,1761.0,1
13804.35,4,514,0,0,1,814.0,1
2673.76,5,153,0,0,0,2133.0,1
4454.69,6,879,1,0,1,822.0,1
5944.04,8,902,1,0,1,1226.0,1
1995.76,4,427,0,0,0,126.0,0
3729.74,5,744,0,1,0,704.0,1
3018.73,5,157,1,0,0,246.0,1
3286.82,7,9,0,0,1,1144.0,1
1376.07,5,969,0,0,2,115.0,1
3054.92,7,1166,1,0,0,792.0,1
4904.94,4,941,0,0,0,1198.0,1
12722.71,12,783,0,0,0,1444.0,1
7779.68,3,336,0,0,0,498.0,1
25672.67,0,883,1,0,0,88.0,1
1383.89,10,301,0,0,0,9.0,1
7131.81,14,1216,0,0,0,406.0,1
3580.8,6,300,0,0,3,1198.0,1
26630.25,5,348,0,0,1,800.0,1
1328.36,3,836,0,0,2,1779.0,1
1287.27,3,488,0,0,1,673.0,1
1636.98,7,379,1,0,0,1450.0,1
356.42,6,214,0,0,1,3566.0,1
1762.07,5,897,1,0,0,1298.0,1
1395.3,4,680,0,0,2,1460.0,1
3464.74,6,1404,0,0,2,1834.0,1
4195.45,10,388,0,0,0,608.0,1
19461.06,3,298,0,0,1,2391.0,1
7711.16,2,724,0,0,1,2624.0,1
1674.21,5,1123,0,0,0,317.0,1
1213.89,7,367,0,0,1,1512.0,1
4875.21,7,130,1,0,1,1053.0,1
796.13,10,906,0,1,0,215.0,1
18610.08,7,1422,0,0,1,4962.0,1
9695.72,8,829,0,1,1,668.0,1
1864.64,8,1307,0,0,1,1125.0,1
537.47,7,77,0,0,0,819.0,1
11543.44,3,1357,1,0,1,2404.0,1
2658.35,7,694,0,0,0,1777.0,1
10278.57,6,776,0,1,0,1866.0,1
605.21,5,216,0,0,0,92.0,1
1637.01,9,1477,0,0,1,6714.0,0
2996.63,4,66,0,0,0,596.0,1
3124.35,9,1493,0,0,1,276.0,1
1900.62,5,614,0,1,1,462.0,1
5557.2,5,987,0,0,1,2224.0,1
1024.93,9,588,1,0,1,6336.0,0
2585.36,7,458,0,1,0,599.0,1
3362.01,4,1449,0,0,0,546.0,0
4986.25,9,921,0,0,0,5286.0,1
6073.04,6,628,0,0,0,1727.0,1
968.12,4,1434,1,0,2,1427.0,1
642.83,5,454,0,0,0,595.0,1
10696.55,4,854,0,0,0,1376.0,1
4156.02,10,512,0,0,1,16.0,1
1410.24,5,1383,0,0,2,1470.0,1
14060.88,7,442,0,0,0,1172.0,1
3346.51,6,1479,0,0,0,1649.0,1
9694.34,3,781,0,0,1,2445.0,1
3189.18,6,82,0,0,1,350.0,1
23406.01,8,709,0,0,0,353.0,1
17246.09,9,1055,0,0,0,1061.0,1
2323.98,13,399,0,0,0,2393.0,1
7875.96,5,272,0,1,0,324.0,1
5683.8,7,1185,0,0,0,983.0,1
11715.07,6,297,0,1,0,1475.0,1
1135.78,7,1412,1,0,1,1402.0,1
5919.76,4,865,0,0,1,3733.0,1
8590.61,5,348,0,0,1,780.0,1
513.51,10,203,1,0,0,345.0,1
913.01,1,959,1,0,0,446.0,1
387.91,7,938,1,0,2,3246.0,1
2276.95,7,425,0,0,1,1238.0,1
6109.15,4,1139,0,0,1,954.0,1
13391.25,3,536,0,0,1,2131.0,1
3210.22,4,556,0,0,0,1111.0,1
15193.39,1,68,0,1,0,12083.0,1
749.87,5,652,0,0,0,1001.0,1
542.73,4,1207,1,1,0,838.0,1
2819.89,9,260,0,0,0,4002.0,1
4376.77,8,771,0,0,0,233.0,1
2885.07,4,977,0,0,1,143.0,1
377.12,8,922,1,0,0,1144.0,1
2726.79,1,59,0,0,0,8224.0,1
808.78,3,114,0,0,1,795.0,1
5823.59,6,1289,0,1,0,2137.0,1
4300.98,8,781,0,0,2,1203.0,1
1164.59,6,1157,0,0,2,2259.0,1
1783.14,7,623,0,0,0,753.0,0
1033.58,5,1403,0,0,0,4166.0,0
2799.85,4,53,0,0,0,180.0,1
7747.63,4,124,0,0,0,2951.0,1
1112.4,7,61,0,0,0,149.0,1
4934.7,4,389,0,1,0,8469.0,1
1754.15,4,844,0,0,0,386.0,1
1349.01,8,988,0,0,1,865.0,1
2678.39,6,1482,0,0,0,911.0,1
1058.66,6,1409,0,0,1,6619.0,0
1713.6,5,1443,0,1,0,39.0,1
899.75,6,819,0,0,0,547.0,1
21263.03,6,450,0,1,0,1558.0,1
3087.95,4,581,1,0,1,1498.0,1
1480.71,2,1185,0,0,0,379.0,0
3692.21,6,1359,0,0,0,1063.0,1
2664.23,6,321,0,0,1,40.0,1
2389.96,4,372,0,0,0,2821.0,0
5509.16,4,605,0,0,1,255.0,1
6358.25,4,792,0,0,0,327.0,1
1753.73,8,521,0,0,1,1019.0,1
1676.03,5,419,0,1,0,3241.0,1
2264.14,5,317,0,0,1,958.0,1
298.29,4,328,0,0,1,1201.0,1
655.11,5,535,1,0,0,73.0,1
11694.5,5,446,0,0,0,1039.0,1
15443.87,6,428,0,0,0,4547.0,1
2323.81,7,187,0,0,1,104.0,1
5305.81,8,721,0,0,1,743.0,1
4069.4,8,603,0,0,1,1506.0,1
64788.33,12,319,0,0,2,2805.0,1
9132.32,4,1291,0,0,2,3041.0,1
2623.02,2,1220,0,0,1,85.0,0
1146.49,4,1361,0,0,1,4257.0,0
597.98,3,499,0,0,0,1200.0,0
3653.58,11,90,0,0,0,44.0,1
1399.19,8,509,0,0,0,1261.0,1
718.92,8,756,0,0,2,3717.0,1
1561.54,6,1201,0,0,0,408.0,1
1010.75,11,968,0,0,0,3801.0,0
16109.13,3,520,0,0,1,1485.0,1
7198.58,3,1139,1,0,2,356.0,1
2957.29,2,34,1,0,0,1255.0,1
13094.46,6,1124,0,0,0,888.0,1
3220.75,4,1106,0,0,1,2251.0,1
1259.81,14,845,0,0,0,1589.0,1
13672.26,5,1407,0,0,1,1641.0,1
5109.77,5,508,0,0,0,1429.0,1
1056.54,8,249,0,0,0,2400.0,1
2464.3,8,319,0,0,0,452.0,1
1241.88,7,67,0,0,0,1720.0,0
747.85,6,1182,0,1,0,513.0,1
7526.44,10,571,0,0,1,126.0,1
20118.93,4,880,0,1,0,2393.0,1
736.15,9,1433,0,0,0,513.0,1
5234.2,8,161,0,1,0,134.0,1
1555.2,6,528,0,0,2,394.0,1
1831.47,6,561,0,0,0,8905.0,0
1648.48,10,1283,1,0,0,3258.0,1
1256.4,8,495,0,0,0,1504.0,1
3129.17,9,797,0,0,0,748.0,1
1298.61,4,270,0,1,1,752.0,1
3906.73,4,235,0,0,0,796.0,1
2834.9,8,237,0,1,0,7425.0,0
2347.37,6,197,0,0,0,2536.0,1
1202.83,4,1004,0,0,1,782.0,1
1674.43,4,373,0,0,0,32.0,1
6344.8,6,1053,0,0,1,552.0,1
4919.28,10,149,0,0,1,419.0,1
1121.53,6,1432,0,0,0,424.0,1
3292.27,5,1265,0,0,0,5378.0,0
6319.45,2,284,0,1,1,501.0,1
561.49,8,1209,0,0,1,319.0,1
5132.56,6,379,0,0,0,3207.0,1
1536.67,5,1489,0,0,0,3086.0,0
5274.29,10,1270,1,0,1,1016.0,1
1389.56,2,106,0,0,0,1784.0,1
490.35,10,1046,0,0,0,7148.0,1
585.49,1,872,0,0,0,5389.0,0
3127.8,6,274,0,0,1,570.0,1
3865.02,4,313,0,0,0,921.0,1
1206.75,7,869,0,0,0,661.0,1
5645.38,3,1149,0,0,1,392.0,1
565.94,4,695,0,0,0,449.0,0
2790.34,5,1353,1,0,0,1737.0,1
888.01,5,18,0,0,0,1412.0,1
1553.34,4,1144,1,0,0,3084.0,1
3125.65,3,398,0,0,0,861.0,1
1260.91,7,1376,0,0,0,2129.0,0
2029.3,9,295,0,0,1,10429.0,1
8154.24,11,164,1,0,2,1064.0,1
1674.23,7,655,1,0,0,1606.0,1
6875.31,9,315,0,0,0,2062.0,1
963.23,5,417,0,0,1,1769.0,1
5063.45,7,1488,0,0,0,440.0,1
12601.47,7,950,0,1,0,1571.0,1
251.73,4,307,1,0,1,56.0,1
1343.6,6,90,0,0,2,3316.0,1
5308.54,4,632,0,0,1,1053.0,1
2433.18,5,101,0,0,0,1168.0,1
4320.58,6,674,0,0,0,159.0,1
1629.48,3,620,0,0,0,304.0,1
3250.58,5,270,1,0,0,850.0,1
2551.21,7,1007,0,0,0,3769.0,1
9583.35,9,1377,0,0,1,272.0,1
3844.58,7,496,0,0,0,784.0,1
4178.06,6,102,0,0,0,3605.0,1
1974.6,6,1413,0,0,0,2576.0,1
1830.59,7,243,1,0,0,792.0,1
1934.19,3,1391,1,0,1,184.0,1
4422.46,7,348,0,0,0,1471.0,1
1956.7,10,33,0,0,0,514.0,0
3982.94,6,81,0,0,0,1620.0,1
23751.5,8,1109,0,0,0,25.0,1
7123.29,5,163,0,0,1,600.0,1
2151.62,5,711,0,0,1,394.0,1
9909.15,9,1395,1,0,0,2323.0,1
1982.12,3,492,0,0,0,2443.0,1
388.34,4,1468,0,0,0,2573.0,0
1087.8,11,479,0,0,0,6624.0,0
459.07,6,120,0,0,1,1700.0,1
2097.47,10,645,0,0,0,3344.0,1
3036.37,2,5,0,0,0,1639.0,0
15937.61,5,216,0,0,0,920.0,1
4133.7,3,246,0,0,1,2804.0,1
2394.43,8,940,0,0,0,1038.0,1
6832.22,7,726,0,1,1,5344.0,1
326.64,6,602,0,0,2,36.0,1
3772.96,7,1089,0,0,0,1802.0,1
6443.75,7,83,1,0,2,5680.0,1
679.54,7,1410,0,0,0,733.0,1
9355.82,8,313,0,0,0,259.0,1
4181.8,7,178,0,0,0,606.0,1
1967.88,4,692,0,0,0,154.0,1
5612.67,12,30,0,0,0,749.0,1
28873.89,7,727,0,0,0,2144.0,1
3575.52,7,1402,0,0,0,2919.0,1
3820.82,6,60,0,0,1,1573.0,1
1883.03,12,1420,0,0,0,2283.0,1
1274.3,5,6,0,0,0,93.0,1
6838.58,8,5,0,0,1,391.0,1
1266.38,2,942,0,0,1,876.0,1
3202.11,12,1190,0,0,1,3606.0,1
1848.89,3,931,0,0,0,692.0,1
4812.54,4,1463,0,0,1,103.0,1
4161.63,4,64,0,0,0,433.0,1
8413.05,2,134,0,0,0,2551.0,1
1790.02,6,1038,0,0,0,2720.0,0
2275.89,10,564,0,0,1,1635.0,1
1120.17,4,1202,1,0,1,8130.0,0
1911.62,8,1297,0,0,0,1858.0,1
4347.26,6,680,0,0,2,492.0,1
6354.95,4,991,0,0,0,1649.0,1
1185.4,6,548,0,0,0,85.0,0
7112.48,9,1098,0,0,0,1954.0,1
11563.84,2,347,0,0,1,5031.0,1
4507.22,7,1460,0,1,1,1917.0,1
19473.23,6,1221,0,1,0,1812.0,1
1375.0,6,1233,0,0,0,1555.0,0
858.64,9,1055,1,0,0,1927.0,1
503.35,4,185,0,0,1,4100.0,1
13306.98,3,590,0,1,0,80.0,1
5735.13,5,471,0,0,0,86.0,1
2819.78,4,108,0,1,1,67.0,1
3944.07,6,431,1,0,0,6609.0,1
967.3,11,588,0,0,0,34.0,1
34397.94,10,956,0,0,0,620.0,1
3392.16,8,1302,0,1,0,4922.0,1
3325.56,1,286,1,0,0,4173.0,1
6159.6,5,416,0,0,0,216.0,1
4822.31,5,980,0,0,0,2472.0,1
3728.96,11,1190,1,0,0,2362.0,1
1352.25,7,724,1,0,1,2101.0,1
4776.52,5,1154,0,0,0,3076.0,1
19575.31,9,1247,0,0,3,2547.0,1
11446.28,6,576,0,0,2,5158.0,1
14664.53,5,412,0,0,0,5717.0,1
1787.88,5,515,1,0,1,808.0,1
1108.09,2,1467,0,0,2,259.0,1
2628.62,7,148,0,0,0,5352.0,1
3151.79,11,1123,0,0,0,608.0,1
8903.43,6,1470,0,0,1,5.0,1
548.69,9,447,0,0,0,220.0,1
13760.4,6,902,0,0,1,1550.0,1
2545.27,11,459,1,0,0,583.0,1
1945.2,5,70,0,0,2,1288.0,1
1083.44,5,1470,1,0,1,2549.0,1
569.72,7,1102,0,0,0,341.0,0
6789.76,15,1038,1,0,0,2.0,1
3207.73,7,1217,1,0,1,2560.0,1
820.6,14,438,0,0,1,1917.0,1
816.41,1,381,0,0,0,751.0,1
2130.72,1,849,0,0,0,337.0,1
15819.86,9,1212,0,0,1,56.0,1
2299.41,3,758,0,0,2,554.0,1
663.05,5,1055,1,0,1,7946.0,1
2331.48,3,557,0,0,0,741.0,0
2269.41,7,1226,0,0,0,2888.0,0
200.96,6,1249,1,0,1,2515.0,1
2823.42,6,837,0,0,1,184.0,1
2366.26,8,592,0,0,0,516.0,1
5980.18,10,1044,0,0,1,3524.0,1
18938.57,5,1489,0,0,1,844.0,1
9196.38,9,178,0,0,1,2303.0,1
2278.13,9,614,0,0,0,728.0,1
985.82,7,1002,0,0,2,828.0,1
39079.75,5,1225,0,0,2,1662.0,1
3162.82,7,335,0,1,2,483.0,1
3022.77,11,180,0,0,0,1151.0,1
2909.9,4,302,0,0,1,2319.0,0
3633.98,2,78,0,0,1,25.0,1
2580.24,10,1481,0,0,0,4021.0,1
1679.65,1,649,0,0,0,1199.0,0
1725.27,5,417,0,0,0,1699.0,1
2884.9,8,1081,0,0,1,2425.0,1
1731.21,2,757,0,0,0,265.0,1
1461.41,9,970,0,0,0,3496.0,1
3315.72,6,295,0,0,0,810.0,1
2310.05,7,965,0,0,0,94.0,1
13413.18,7,722,0,0,0,4313.0,1
210.4,9,353,0,0,0,2858.0,1
8879.56,11,1393,0,0,1,796.0,1
10363.91,7,338,0,0,0,3402.0,1
374.88,7,1466,0,0,1,1858.0,0
2116.06,3,332,0,0,0,2835.0,1
2056.09,9,473,0,1,1,6108.0,1
729.59,2,832,1,0,1,118.0,1
1369.48,6,886,0,0,0,2728.0,0
981.84,8,1051,0,0,1,123.0,0
17193.22,3,617,0,0,0,2029.0,1
7598.29,5,245,0,1,0,2976.0,1
10631.27,5,689,0,0,0,901.0,1
6134.43,3,192,0,0,0,474.0,1
963.86,3,205,0,0,1,457.0,1
1764.25,7,575,1,0,0,685.0,1
4862.82,7,625,0,0,0,2407.0,1
878.2,7,1430,0,0,0,8238.0,0
6081.45,5,2,1,0,1,7349.0,1
2344.14,5,679,0,0,0,438.0,1
2049.15,7,953,1,0,0,272.0,1
6069.07,9,880,0,0,0,314.0,1
4648.33,10,207,0,0,1,1554.0,1
2077.74,12,1342,0,1,0,1614.0,1
9502.69,7,781,0,1,1,4147.0,1
1011.24,8,889,0,0,0,906.0,1
5518.91,10,109,0,0,0,3614.0,1
5394.32,3,303,0,0,0,312.0,1
2187.37,4,1172,0,0,0,3206.0,1
4130.41,7,695,0,0,0,800.0,1
853.11,6,155,0,0,0,3358.0,1
7510.27,6,1130,0,0,0,681.0,1
2477.73,5,1439,0,0,0,2419.0,1
1767.42,8,858,0,0,0,3475.0,0
8510.1,7,534,0,0,0,232.0,1
1473.88,8,32,0,0,0,215.0,0
728.9,6,320,0,0,0,2349.0,1
628.52,7,1046,0,0,1,2100.0,0
5464.4,6,988,0,0,1,347.0,1
828.46,9,1015,0,0,0,12697.0,0
17236.67,4,490,1,0,1,273.0,1
371.69,6,1071,0,0,0,1232.0,0
16259.89,9,1,0,0,1,472.0,1
3681.29,5,964,0,0,1,157.0,1
2706.16,10,1488,0,0,1,1077.0,1
1728.62,6,1195,0,0,0,11266.0,0
4443.23,6,1367,1,0,0,5729.0,1
2870.86,6,38,0,1,0,845.0,1
8984.91,8,1449,1,1,1,1251.0,1
3341.68,3,484,0,0,0,4207.0,1
3464.42,5,398,0,0,0,4386.0,1
2072.24,5,235,0,0,1,2715.0,1
2815.95,4,363,0,0,0,538.0,1
4055.39,6,1324,0,0,0,837.0,1
539.06,6,136,1,1,0,1532.0,1
774.19,4,1473,0,0,0,3477.0,0
6268.32,5,1109,0,0,2,1047.0,1
3536.4,4,1342,0,0,1,1761.0,1
2480.01,6,76,0,1,0,951.0,1
3036.42,9,1110,0,0,0,1600.0,1
4219.96,5,212,0,0,0,26.0,1
1737.57,3,1213,0,0,0,836.0,0
1368.81,8,508,0,0,0,2618.0,1
3625.85,5,263,0,0,0,45.0,0
1120.61,1,1365,0,0,0,3063.0,0
4483.92,4,316,0,0,0,7602.0,1
543.17,5,22,1,0,0,1208.0,1
8342.81,10,918,1,0,1,339.0,1
4781.92,8,1429,0,0,1,3431.0,1
3850.78,3,509,1,0,0,2838.0,1
7964.03,5,1037,0,0,0,6969.0,1
15763.85,6,237,0,0,0,508.0,1
8220.37,9,473,1,0,0,373.0,1
473.01,7,639,0,0,2,259.0,1
829.17,4,44,0,0,0,1057.0,1
1595.88,7,281,1,0,0,2338.0,1
3059.76,6,1376,0,0,0,278.0,1
5002.33,7,1079,0,0,1,1000.0,1
1442.68,6,844,0,0,0,515.0,0
3593.09,11,1104,0,0,0,907.0,1
1400.55,6,1353,0,0,0,95.0,1
1617.25,7,717,0,0,1,882.0,1
730.21,2,588,0,1,2,136.0,1
1184.13,6,1370,1,0,1,2650.0,0
771.48,5,1423,0,0,0,81.0,1
1123.41,6,324,1,0,0,745.0,1
8549.62,6,817,1,0,0,248.0,1
1153.55,6,714,0,0,0,2251.0,1
41455.76,10,944,0,0,1,276.0,1
4882.04,9,1068,1,0,0,1901.0,1
3586.16,7,112,0,0,1,1722.0,1
1263.5,13,268,0,0,0,1582.0,1
6004.77,6,1340,0,0,0,557.0,1
1676.33,5,1238,1,0,0,3938.0,1
3367.78,6,934,0,0,1,378.0,0
38564.39,13,1374,0,0,0,822.0,1
2707.93,5,15,1,0,0,2342.0,1
9407.6,8,1017,0,0,0,460.0,1
1475.61,6,581,1,0,2,1681.0,1
2878.46,3,1476,0,1,1,2260.0,1
17514.78,3,1114,0,0,0,1441.0,1
1592.46,4,1195,0,0,0,703.0,1
18259.64,2,1299,0,0,3,2783.0,1
6049.63,7,590,0,1,1,205.0,1
1698.56,10,1371,0,0,0,467.0,1
5610.57,9,120,0,0,0,835.0,1
7883.71,5,1190,0,0,0,1122.0,1
5551.43,8,282,1,0,0,42.0,1
620.03,3,1239,0,0,1,2127.0,1
1440.67,11,362,1,0,1,354.0,1
2327.34,6,498,0,0,0,4000.0,0
2767.13,3,1341,0,0,1,656.0,1
5545.11,2,834,0,0,0,572.0,1
3560.66,6,502,0,0,0,235.0,1
784.19,10,1229,0,0,0,2515.0,1
4359.87,7,360,1,0,1,4808.0,1
5489.46,5,836,0,0,0,2785.0,1
5217.59,10,668,0,0,0,3570.0,1
8784.82,5,1464,0,0,0,1832.0,1
6863.15,3,747,0,0,1,763.0,1
4718.19,3,976,0,0,0,2488.0,1
2778.97,4,742,0,1,1,394.0,1
566.25,2,1309,0,0,0,13.0,0
4580.75,5,1039,0,0,0,807.0,1
3669.05,4,1365,0,0,1,1595.0,1
3911.12,7,142,0,0,1,1943.0,1
831.52,7,656,0,0,1,1024.0,1
1011.25,7,475,0,0,0,3454.0,1
8545.44,9,284,1,0,0,3052.0,1
2865.35,5,718,0,0,0,13.0,1
5892.88,9,1060,0,0,0,2161.0,1
3066.58,6,1418,1,0,0,2295.0,1
3070.99,5,182,0,0,2,2652.0,1
7618.11,6,1417,0,0,2,2736.0,1
1779.26,8,220,0,0,1,357.0,1
3281.71,12,382,0,0,0,424.0,1
1877.55,4,1472,0,0,0,1415.0,1
1930.44,3,1107,1,0,0,691.0,1
2188.19,7,1081,0,0,0,1627.0,1
3722.44,8,589,0,1,3,1126.0,1
1846.88,6,179,0,0,1,579.0,1
10464.63,6,869,0,0,0,2070.0,1
1218.52,4,807,0,0,0,1102.0,1
2472.85,5,319,0,0,1,3145.0,0
1920.36,15,317,0,0,1,81.0,1
12669.82,7,323,0,0,0,475.0,1
3628.43,2,28,1,0,0,1.0,1
8365.28,3,14,0,0,0,976.0,1
674.82,7,246,0,0,0,417.0,1
3893.45,4,692,0,1,1,449.0,1
7256.34,5,223,0,0,0,2124.0,1
3236.62,6,1281,0,0,0,2801.0,1
8651.43,5,716,0,0,0,534.0,1
1777.05,8,984,0,0,0,1717.0,1
12201.91,9,1246,1,0,0,1562.0,1
29699.88,9,1078,0,0,1,8.0,1
2073.85,5,112,1,0,1,5015.0,1
1909.31,7,475,0,0,0,748.0,1
12751.25,8,1109,0,0,0,666.0,1
14466.23,6,1092,0,0,0,1595.0,1
1767.18,4,127,0,0,0,810.0,1
1958.26,9,194,0,0,2,635.0,1
2248.94,6,647,0,1,2,2397.0,1
777.08,10,101,0,1,1,2414.0,1
1189.57,6,1095,0,0,1,2082.0,1
1092.1,4,1090,0,0,0,3501.0,0
1383.27,6,204,0,0,2,1237.0,1
2879.34,6,897,0,0,0,1902.0,1
3767.68,5,131,1,0,1,9579.0,1
14051.73,4,1025,0,0,0,492.0,1
1098.44,5,35,1,0,0,3365.0,1
7977.04,8,784,0,1,0,422.0,1
2406.7,9,499,1,0,1,1074.0,1
2837.1,8,1160,0,1,0,953.0,1
5853.64,11,1011,0,0,0,2490.0,1
969.98,6,1285,1,0,0,2096.0,1
4369.53,12,312,0,0,1,2640.0,1
3520.83,10,1311,0,0,0,1433.0,1
4877.81,8,1114,0,0,0,142.0,1
3980.52,3,1281,0,0,0,1624.0,1
34727.95,9,397,0,0,1,534.0,1
1575.39,6,1477,0,0,0,1026.0,1
1752.86,9,596,1,0,1,223.0,1
1598.56,3,1331,0,0,0,414.0,1
1710.47,6,1116,0,1,1,1055.0,1
1575.95,2,1415,0,0,0,2168.0,1
9789.02,11,380,0,0,0,785.0,1
12338.8,5,1082,0,0,0,901.0,1
1684.55,3,1485,0,0,0,1855.0,1
1296.79,5,1312,0,0,0,412.0,0
4776.27,3,494,0,0,0,211.0,1
1716.04,9,18,1,1,2,3873.0,1
5613.51,10,174,0,1,0,684.0,1
3651.61,7,877,0,0,0,815.0,1
654.75,12,520,0,0,2,2920.0,1
14009.7,5,221,0,1,1,466.0,1
17959.56,6,852,0,0,0,3332.0,1
1615.2,3,282,0,0,0,1873.0,1
2022.92,12,814,0,0,1,2703.0,1
3967.4,6,893,1,0,0,1302.0,1
4164.94,12,1455,0,0,0,124.0,1
5759.14,7,442,0,0,1,2493.0,1
22252.39,4,344,0,1,0,668.0,1
2497.52,4,776,0,0,0,1834.0,1
1341.71,5,1302,0,0,1,180.0,0
750.46,3,610,0,0,0,2075.0,1
1435.22,8,480,0,0,1,301.0,1
2883.83,8,99,0,0,1,348.0,1
17935.87,5,409,0,0,1,783.0,1
1776.48,10,711,0,0,0,5264.0,1
3728.6,7,590,0,0,0,814.0,1
2932.4,4,1452,0,0,1,668.0,1
9782.92,9,157,0,0,0,585.0,1
37306.86,7,997,0,0,0,2136.0,1
1753.08,9,519,0,0,0,4507.0,1
1827.24,7,993,0,0,0,972.0,1
8468.94,2,384,1,0,1,1541.0,1
5895.19,9,1305,0,0,0,2979.0,1
18896.03,1,520,0,0,1,1400.0,1
5345.06,7,972,0,1,0,1941.0,1
2081.22,3,1411,0,0,1,2336.0,0
5381.14,5,287,0,0,0,4109.0,1
9033.58,4,456,0,0,0,589.0,1
6771.53,5,1092,0,0,1,88.0,1
4950.65,4,800,0,1,0,6397.0,1
8661.77,2,135,0,0,1,12204.0,0
9597.86,3,142,0,0,0,4053.0,1
11874.62,7,1442,0,0,0,670.0,1
5702.78,0,1221,0,0,1,1181.0,1
2522.19,9,37,0,0,0,2617.0,1
3452.02,5,283,0,0,0,362.0,0
9961.76,4,85,0,0,0,4339.0,1
1316.94,3,377,0,0,1,3346.0,1
4309.91,7,589,1,0,0,2176.0,1
2011.55,3,601,0,0,2,3545.0,1
3067.89,3,546,1,0,0,1456.0,1
10704.85,6,810,0,0,0,228.0,1
3608.69,8,1041,0,0,0,493.0,1
3122.65,5,1295,0,0,0,1607.0,0
765.21,5,538,0,0,1,6326.0,1
6287.09,7,99,0,0,0,30.0,1
5684.42,5,858,0,0,0,1931.0,1
25932.56,5,1164,0,0,2,2616.0,1
2191.24,3,508,0,0,1,3518.0,0
3711.35,10,22,1,0,1,5308.0,1
3825.27,4,969,1,0,1,202.0,1
14435.61,7,228,0,0,0,351.0,1
2710.0,6,1237,1,0,0,235.0,1
3940.34,4,1377,0,0,0,3644.0,1
5474.72,7,1098,0,0,0,254.0,1
3592.52,6,941,0,0,1,59.0,1
1907.53,3,391,0,1,0,35.0,1
3619.5,12,251,0,0,0,951.0,1
8722.24,8,703,0,0,1,1707.0,1
1067.94,3,466,0,0,0,466.0,1
3404.9,8,985,0,0,2,615.0,1
1480.12,6,306,0,0,1,224.0,1
9848.23,7,882,0,0,1,1110.0,1
649.9,5,365,0,0,0,1245.0,0
1704.59,7,1488,0,0,0,1986.0,1
4346.87,10,1290,1,0,0,1424.0,1
14264.43,4,793,0,0,1,564.0,1
2791.26,4,488,0,0,0,3797.0,0
1710.94,5,1097,0,0,3,746.0,1
19558.34,5,1236,0,0,0,2171.0,1
700.63,5,806,0,0,1,2245.0,0
330.69,14,733,0,0,0,210.0,1
4628.62,10,1189,0,0,0,1370.0,0
1804.33,7,443,0,0,0,968.0,1
1073.59,6,396,0,0,0,3810.0,1
6053.29,2,933,0,0,1,900.0,1
3803.97,3,524,0,0,0,216.0,1
1695.82,9,935,0,0,0,3799.0,0
828.57,8,1228,0,0,0,4022.0,1
7132.79,3,1464,0,0,0,2331.0,1
5711.3,7,993,0,0,2,1560.0,1
2699.51,7,1336,0,0,0,3052.0,0
18894.7,4,107,0,0,2,306.0,1
1022.41,8,920,0,0,0,2042.0,0
648.38,10,671,0,1,1,323.0,1
1492.33,12,1214,0,0,1,2588.0,1
2848.12,5,1007,0,0,1,265.0,1
3802.22,6,1498,0,0,1,2347.0,1
2342.01,7,1076,0,0,0,226.0,1
4238.88,6,593,0,0,1,2801.0,1
852.75,6,641,0,0,0,309.0,0
12629.17,4,820,0,0,1,1030.0,1
2745.86,7,1375,0,0,0,3620.0,0
9111.53,3,380,0,0,0,2418.0,1
4199.52,6,93,1,0,0,3515.0,1
4706.75,5,459,0,1,0,1913.0,1
5269.9,4,493,0,0,0,867.0,1
4664.37,2,1156,0,0,0,769.0,1
5668.74,6,868,0,0,0,282.0,1
11261.58,8,8,0,0,0,1047.0,1
3628.31,7,356,0,0,0,4149.0,1
6057.21,2,943,0,0,0,2635.0,0
2725.11,11,661,0,0,0,67.0,1
12583.19,9,331,0,0,1,382.0,1
1515.66,6,1420,0,0,1,1970.0,1
18050.71,7,1242,1,0,0,447.0,1
2863.62,8,1371,0,0,0,944.0,1
712.82,7,1383,0,0,0,4607.0,0
3388.37,3,333,0,1,1,4723.0,1
1508.62,6,81,0,0,1,550.0,1
6909.44,6,64,1,0,0,1578.0,1
1552.12,6,455,0,0,1,2176.0,0
1908.01,8,477,0,0,0,441.0,1
450.55,7,303,1,0,0,168.0,1
1896.36,8,783,0,0,0,714.0,0
264.05,1,1228,0,0,0,5706.0,0
611.61,8,661,1,0,0,3304.0,1
6376.76,4,1072,0,0,3,216.0,1
6540.7,7,464,0,0,0,3757.0,1
4561.73,4,288,0,0,0,1951.0,1
1133.45,8,1030,0,0,2,1226.0,1
2842.07,5,1368,0,0,0,1373.0,1
2970.24,7,1376,0,0,0,2421.0,1
936.02,5,1426,1,0,0,1253.0,1
13405.2,9,184,0,0,1,1339.0,1
7167.86,8,876,0,0,2,720.0,1
2389.97,3,1482,0,0,0,2544.0,1
3062.19,4,909,0,0,0,722.0,1
3671.6,9,1267,0,0,0,3803.0,1
386.94,4,27,1,0,1,2601.0,1
2328.13,1,1205,0,1,0,1182.0,0
1507.21,2,1028,0,0,0,1539.0,1
1094.86,7,458,0,0,0,5175.0,1
2250.48,4,782,0,0,2,1238.0,1
17992.07,9,25,0,0,0,2680.0,1
5658.1,11,681,0,0,0,369.0,1
1683.82,5,462,0,0,1,630.0,1
5284.76,8,1226,0,0,1,250.0,1
12080.59,5,712,0,0,1,875.0,1
7514.83,7,646,0,0,0,4806.0,1
3164.12,3,917,0,0,0,108.0,1
1560.97,5,1201,0,0,0,2405.0,1
5992.26,6,919,0,0,0,3367.0,1
4418.19,6,37,0,0,0,1337.0,1
7296.81,5,1107,1,0,1,2283.0,1
5626.1,10,821,0,0,0,4459.0,1
8514.73,9,1201,0,0,0,1788.0,1
1745.44,6,1236,0,0,0,4524.0,1
11129.94,7,639,0,0,0,539.0,1
3632.22,1,1234,0,0,1,33.0,1
23748.17,3,944,0,0,1,344.0,1
1496.39,3,591,0,0,1,5003.0,1
16915.13,14,96,0,0,0,1189.0,1
3633.35,4,1163,1,0,0,1131.0,1
1553.99,6,1268,1,0,0,3392.0,1
1837.41,7,221,0,1,2,3037.0,1
2163.87,4,488,0,0,0,1090.0,1
4555.84,5,295,0,0,1,2438.0,1
5028.29,2,385,0,0,0,1280.0,1
1679.58,7,576,0,1,0,722.0,1
2909.23,6,559,0,0,1,999.0,1
25394.05,6,1160,0,0,1,2117.0,1
16773.29,10,76,0,0,1,549.0,1
4611.57,6,126,0,0,2,320.0,1
3096.42,7,348,1,1,0,506.0,1
3361.13,7,467,0,0,1,3963.0,1
5505.58,5,106,0,0,1,1706.0,0
1071.92,8,874,0,0,1,685.0,1
2304.51,6,382,0,0,0,1697.0,1
561.95,8,226,0,0,0,3366.0,1
4443.61,5,403,0,0,0,927.0,1
5694.16,6,88,0,0,0,369.0,1
1838.7,5,226,0,0,0,524.0,1
14385.65,7,322,0,0,1,2433.0,1
875.01,6,1133,0,0,3,481.0,1
689.26,2,381,0,0,1,651.0,1
3731.08,4,958,0,0,0,4499.0,0
8493.86,5,949,0,0,0,1692.0,1
16057.44,6,1225,0,0,0,210.0,1
1883.93,8,375,0,0,1,2822.0,1
8766.39,9,797,0,0,1,463.0,1
2868.35,8,1095,1,0,1,1174.0,1
2508.33,6,1413,0,1,1,22.0,1
7213.14,4,1320,0,0,1,5670.0,1
5723.43,11,1184,0,0,0,3180.0,1
616.22,5,1384,0,0,0,7508.0,1
13049.96,12,771,0,0,0,1828.0,1
11850.1,8,522,0,0,0,2611.0,1
1594.69,4,1470,1,0,0,230.0,1
4428.44,2,1192,0,0,0,798.0,1
4885.52,5,629,0,0,3,748.0,1
3868.7,8,861,0,0,0,202.0,1
1719.34,3,941,0,1,0,747.0,1
1522.91,5,345,0,0,0,1871.0,1
2905.75,10,486,0,0,1,396.0,1
9630.87,3,1203,1,0,1,598.0,1
5133.79,3,1163,0,0,0,710.0,1
2057.79,8,206,0,0,0,5168.0,1
6449.12,1,991,0,0,0,2745.0,1
172.68,9,619,0,0,0,255.0,1
9402.83,7,1491,0,0,0,4400.0,1
523.37,2,1057,0,0,0,2777.0,1
2074.67,8,130,0,0,0,969.0,1
972.95,6,605,0,1,0,514.0,1
816.74,7,82,0,1,0,722.0,1
9516.92,9,110,1,0,0,1212.0,1
1867.39,8,10,0,0,0,1995.0,1
4215.42,9,742,0,0,1,3801.0,1
2844.32,5,1423,1,0,1,148.0,1
4803.22,8,726,0,0,0,858.0,1
3218.99,7,539,0,0,0,1583.0,1
826.34,9,923,0,0,1,1915.0,1
8072.89,5,1494,0,0,0,821.0,1
1819.37,7,661,0,0,0,681.0,1
628.55,3,1439,0,0,0,1129.0,1
1942.8,8,1152,0,0,2,785.0,1
13369.88,5,1478,0,0,1,1834.0,1
6975.94,6,269,0,0,0,281.0,1
2103.48,7,424,0,0,0,449.0,1
2102.21,5,731,1,0,1,128.0,1
2161.08,9,892,0,0,0,503.0,1
23783.52,6,443,0,0,0,2225.0,1
4367.45,6,223,0,0,1,97.0,1
4582.69,7,426,0,0,0,1566.0,1
8352.23,6,663,1,0,1,961.0,1
3784.95,3,832,0,0,1,2855.0,1
2300.68,8,366,1,0,0,3234.0,1
2449.53,9,1123,0,0,0,5172.0,1
2774.98,11,310,0,0,3,1040.0,1
2872.04,2,1015,1,0,0,5117.0,1
6171.08,3,97,0,0,0,227.0,1
3139.9,6,583,0,0,0,185.0,1
6202.08,4,996,0,0,0,585.0,1
2749.8,7,397,0,0,0,3242.0,1
3224.83,7,170,0,0,0,130.0,1
404.16,4,1183,0,0,2,675.0,1
7452.67,5,13,0,1,0,4558.0,1
4215.35,4,1144,0,1,1,1479.0,1
8086.98,6,1330,0,0,1,69.0,1
164.64,7,327,0,0,0,602.0,0
24061.65,5,406,0,1,0,1875.0,1
2592.58,4,1161,0,0,1,35.0,1
9028.87,6,483,0,0,1,1206.0,1
1053.73,10,515,0,0,0,9307.0,1
5501.49,9,21,0,0,0,731.0,1
1039.59,5,249,0,1,0,470.0,1
1597.56,4,353,0,0,0,155.0,1
20211.99,5,932,0,0,3,48.0,1
2463.45,6,266,0,0,2,2998.0,0
3704.98,5,402,0,0,0,580.0,1
7115.76,6,749,0,0,0,56.0,1
4893.59,4,488,0,0,0,1539.0,1
3464.83,10,1281,0,0,0,432.0,1
4293.94,10,927,0,0,0,194.0,1
32972.05,9,550,0,0,1,923.0,1
2814.05,2,695,0,0,0,198.0,1
3644.95,8,588,0,0,0,184.0,1
8524.11,8,1008,0,0,2,1102.0,1
9004.92,13,1067,0,0,0,243.0,1
9769.6,3,1075,0,0,1,1375.0,1
5646.16,4,1117,0,0,0,2184.0,1
950.51,7,956,0,0,1,493.0,1
15266.73,5,826,0,0,0,2510.0,1
947.34,7,1029,0,0,0,447.0,0
4034.49,6,1066,0,0,1,3598.0,0
1402.1,3,1282,1,0,1,131.0,1
2795.77,8,1468,0,0,2,3877.0,1
4141.29,13,1422,0,0,0,620.0,1
4110.74,9,559,1,0,0,1829.0,1
4545.63,8,566,0,0,1,492.0,1
14968.62,7,1059,0,0,0,659.0,1
4691.63,5,380,0,0,1,888.0,1
2335.18,9,529,0,0,0,1046.0,1
7817.24,7,387,0,0,0,149.0,1
9793.46,8,73,0,0,1,72.0,1
873.4,5,320,0,0,1,3233.0,0
5417.56,5,852,1,0,2,1410.0,1
6009.96,6,1022,0,0,1,280.0,1
2213.74,6,1356,0,0,0,667.0,1
11798.25,11,7,0,0,1,156.0,1
2565.59,8,886,0,0,0,318.0,1
3379.82,1,318,0,0,1,903.0,1
2507.22,5,925,0,0,2,1511.0,1
3027.76,7,893,0,0,0,1900.0,1
995.98,9,1042,1,0,1,1714.0,1
706.24,9,688,0,0,0,326.0,0
14683.87,4,11,0,0,1,809.0,1
1277.98,11,987,0,0,1,1871.0,1
1106.11,7,1171,0,0,0,1072.0,1
346.06,3,955,0,0,0,1804.0,0
1573.47,8,742,0,1,1,2072.0,1
793.86,8,909,0,0,0,693.0,0
15398.34,4,1189,0,0,0,550.0,1
8183.02,9,121,0,0,1,1107.0,1
1497.95,6,1089,0,0,1,1072.0,1
28351.52,9,308,0,1,0,4371.0,1
7956.67,1,770,1,0,1,4521.0,1
2154.19,5,1254,0,1,0,544.0,1
244.84,3,41,0,1,0,109.0,1
29464.53,9,1054,0,0,0,2028.0,1
742.8,12,1112,0,0,0,52.0,1
575.13,12,745,0,0,0,1157.0,0
8288.05,5,806,1,0,0,1737.0,1
34192.19,7,731,0,0,2,359.0,1
11899.75,4,1310,0,0,2,625.0,1
5239.12,7,126,0,0,2,7794.0,1
5403.24,5,649,0,0,0,414.0,1
6998.25,3,613,0,0,1,41.0,1
6367.29,4,272,1,0,2,341.0,1
3948.9,6,844,0,0,1,307.0,0
3308.34,8,844,0,0,0,848.0,1
2800.09,2,1075,0,0,0,2964.0,1
1402.53,10,1033,0,0,0,1254.0,1
2251.44,4,1395,0,0,0,2688.0,0
548.42,9,691,1,1,1,4790.0,1
2701.76,7,213,0,0,0,98.0,1
1109.22,2,657,0,0,1,808.0,0
988.72,2,1114,0,0,3,1337.0,1
3568.48,6,502,0,0,1,1240.0,1
11992.09,8,914,0,0,0,3081.0,1
7467.51,3,1378,0,0,0,749.0,1
619.86,5,948,0,0,0,38.0,1
1108.07,3,226,0,0,0,1191.0,1
7637.08,5,636,0,1,1,1333.0,1
1116.01,2,50,0,0,0,1941.0,1
2381.22,6,560,0,0,1,1842.0,1
5167.02,9,1325,0,0,0,6751.0,1
1131.9,7,79,0,1,0,3016.0,0
3312.23,5,838,0,0,0,1834.0,1
785.23,10,871,0,0,0,4877.0,1
1633.75,3,634,1,0,0,71.0,1
4104.26,4,1198,1,0,0,1469.0,1
606.08,7,447,0,0,1,812.0,0
4630.75,6,806,0,0,0,5798.0,1
2922.99,4,857,0,0,2,550.0,1
5179.64,2,1004,0,0,0,478.0,1
3729.07,9,587,0,0,0,58.0,1
11662.58,1,541,0,0,0,322.0,1
3378.63,7,60,0,0,2,737.0,1
1940.29,5,1093,0,0,0,812.0,1
3368.75,9,596,0,0,2,87.0,1
5132.24,5,780,0,0,1,3418.0,1
3130.22,6,1360,0,0,0,583.0,1
3104.45,4,1023,0,0,0,1879.0,1
1477.35,6,341,1,0,0,3643.0,1
1536.25,2,567,0,1,0,3538.0,0
733.18,4,1394,0,0,1,888.0,1
17146.97,8,1250,0,0,0,920.0,1
859.32,8,392,0,1,0,1381.0,1
1490.84,6,366,1,0,0,353.0,0
1453.3,6,1375,0,1,1,1544.0,1
7294.85,6,1173,0,0,1,9254.0,0
2219.53,7,1211,0,0,1,1453.0,1
10381.1,9,125,0,0,0,1725.0,1
1520.07,5,341,0,0,0,71.0,1
3940.23,10,1245,0,0,2,826.0,0
1292.91,5,698,1,0,0,646.0,0
25467.26,4,625,0,0,2,1128.0,1
909.05,10,154,0,0,1,1610.0,1
4063.58,4,241,0,0,0,272.0,1
5618.26,6,161,0,0,1,238.0,1
4508.86,7,1472,0,0,1,838.0,1
2476.77,8,31,0,0,0,3348.0,1
2618.03,4,182,0,0,0,182.0,1
3114.46,6,615,0,0,1,867.0,1
2573.44,2,629,0,0,0,1537.0,0
7815.62,9,143,0,1,0,317.0,1
27187.78,6,1364,1,0,1,343.0,1
1707.03,3,1204,0,0,1,1588.0,0
757.63,7,1351,0,0,1,1470.0,1
2729.07,7,100,0,0,0,2519.0,1
39328.68,6,1195,0,0,1,550.0,1
1334.52,7,1229,0,0,1,1492.0,1
15353.78,5,517,0,0,0,3960.0,1
15957.76,8,1158,0,0,0,1010.0,1
1713.7,4,429,0,0,1,834.0,1
5265.77,1,551,0,0,0,3146.0,1
15190.06,6,875,0,0,0,2732.0,1
2040.34,3,239,0,0,0,698.0,0
2431.88,6,838,0,0,0,557.0,1
1666.23,10,758,0,0,2,1814.0,1
1080.57,2,1414,0,1,1,553.0,1
1557.32,6,1499,0,1,0,1007.0,1
876.61,6,528,0,1,0,1218.0,1
3084.31,4,877,0,0,1,3121.0,1
1380.26,5,160,0,0,0,5106.0,0
3766.06,5,1305,0,0,0,1379.0,1
628.98,7,83,0,0,1,1631.0,1
4150.07,9,1139,0,0,2,854.0,1
6860.45,4,822,1,0,1,920.0,1
405.96,5,27,1,0,2,2172.0,1
4333.18,6,466,0,0,0,6473.0,0
10174.8,2,1037,0,0,0,107.0,1
889.23,8,415,0,0,2,2649.0,1
15876.14,2,629,0,0,0,852.0,1
4532.45,5,451,1,1,1,956.0,1
1472.9,12,31,0,1,0,705.0,1
2819.26,7,216,0,1,1,1401.0,1
5209.96,5,190,0,0,0,1586.0,1
3216.36,6,1317,0,0,0,1968.0,1
5108.98,9,662,0,0,0,1697.0,1
1187.17,1,1377,0,0,2,2681.0,0
3531.09,9,1021,0,1,0,1756.0,1
725.08,7,1167,1,0,0,7081.0,0
2667.17,4,870,0,0,0,695.0,1
1207.24,3,1019,0,0,0,1798.0,1
1428.63,9,62,0,0,2,214.0,1
10260.87,4,206,0,0,0,882.0,1
8877.81,4,1328,1,0,0,237.0,1
5481.52,8,1148,0,0,0,1530.0,1
999.93,6,527,0,0,0,4019.0,0
2172.41,12,504,0,1,0,2077.0,1
10027.61,7,797,0,0,0,8732.0,1
3434.81,7,538,0,0,1,3141.0,1
30312.93,9,790,0,0,1,3849.0,1
4417.45,3,1313,0,0,0,2331.0,1
3612.12,5,697,0,1,0,470.0,1
2188.31,4,1093,0,0,0,920.0,1
3406.84,3,28,0,0,0,2122.0,1
2559.41,10,127,0,0,0,1642.0,1
6051.79,4,547,0,1,0,1440.0,1
7759.73,4,1450,0,0,0,450.0,1
1358.33,11,416,0,0,0,5281.0,1
787.42,6,861,1,0,0,90.0,1
475.23,6,174,1,0,0,5409.0,0
4954.2,1,1304,0,0,0,496.0,1
988.94,2,1118,0,0,0,1248.0,1
346.23,2,329,0,0,0,1191.0,0
4396.56,6,895,0,0,3,102.0,1
36062.16,4,950,1,0,1,3144.0,1
2962.92,6,914,0,0,2,155.0,1
6894.58,10,1174,0,0,0,216.0,1
3235.15,6,869,0,1,1,388.0,1
2700.28,5,215,1,0,0,1509.0,1
7473.18,9,1145,0,0,1,1277.0,1
2229.93,5,1376,0,0,1,2913.0,1
3894.78,4,826,0,0,0,1410.0,1
4112.14,7,1132,0,0,1,1312.0,1
1528.3,8,1226,0,0,0,397.0,1
8038.86,2,368,0,0,0,609.0,1
2502.49,3,1414,0,0,2,1148.0,1
1400.04,8,1187,0,0,1,3227.0,1
5097.52,6,597,1,0,0,1014.0,1
1213.83,5,370,0,0,0,820.0,1
3066.16,5,683,0,0,0,2509.0,1
2953.9,2,1314,1,1,0,2406.0,1
8829.87,7,259,0,0,0,3135.0,1
4791.98,4,1197,0,0,0,3083.0,1
2907.28,12,1128,1,0,0,805.0,1
6753.16,7,383,0,0,0,531.0,1
11970.58,10,677,0,0,0,3876.0,1
5207.27,6,821,0,0,0,2185.0,1
3011.98,9,389,1,0,0,40.0,1
802.85,6,818,0,1,0,780.0,1
1027.5,11,960,0,0,0,1557.0,1
2196.84,9,112,0,0,0,4433.0,0
1620.5,6,529,0,0,0,481.0,1
2472.61,10,1412,0,0,1,452.0,1
3154.7,5,8,1,0,0,2202.0,1
5062.89,7,1065,0,0,0,1815.0,1
2778.04,7,879,0,0,0,1579.0,1
4848.87,8,511,1,0,1,982.0,1
3179.48,2,1046,0,0,0,3802.0,1
413.45,8,608,0,0,0,874.0,1
1165.22,8,795,1,0,3,1312.0,1
2580.95,6,58,0,0,0,74.0,1
889.18,4,159,0,0,2,205.0,1
5431.27,4,571,0,0,1,6229.0,1
13776.93,10,1455,0,0,0,160.0,1
10084.57,7,103,1,0,2,1881.0,1
2408.01,5,1195,1,0,1,25.0,1
13236.4,6,1397,0,0,1,5708.0,1
3458.77,10,1377,1,0,0,1203.0,1
2127.95,8,863,0,0,0,2563.0,1
1614.2,5,828,0,1,0,503.0,1
2202.9,4,473,0,0,1,2971.0,1
2021.96,5,250,0,0,1,1163.0,1
3534.81,10,575,1,0,1,3572.0,1
3500.2,4,913,0,1,1,238.0,1
2990.05,4,761,0,0,0,1314.0,1
4614.4,4,95,0,1,0,670.0,1
9804.99,6,1074,0,0,2,223.0,1
7704.46,9,612,0,0,0,653.0,1
675.26,7,1390,1,0,0,411.0,1
231.85,8,17,0,0,0,911.0,1
7587.97,9,906,0,0,0,2038.0,1
759.85,4,115,0,0,1,58.0,0
2380.9,3,304,0,0,1,5575.0,0
925.09,4,406,0,0,0,1491.0,1
491.77,11,320,0,1,0,7702.0,1
5122.83,13,414,1,0,0,6286.0,1
6368.73,4,271,0,0,1,1492.0,1
1674.87,7,299,0,0,0,43.0,1
223.4,6,313,0,0,1,2686.0,0
1726.33,7,403,0,0,1,5167.0,1
4410.77,8,1461,0,0,0,3959.0,0
679.32,4,296,1,0,1,2276.0,1
3580.87,10,1119,0,1,0,82.0,1
2935.67,3,1253,0,0,0,692.0,1
5320.33,8,919,0,0,1,1415.0,1
3359.61,9,364,0,0,2,6140.0,1
1126.57,4,1018,0,0,0,757.0,0
9863.25,9,718,0,0,0,5430.0,1
2543.94,5,1046,0,0,1,1180.0,1
2900.67,3,222,1,1,0,88.0,1
1172.31,6,1264,0,1,0,170.0,0
1913.55,4,200,0,0,0,394.0,1
1230.53,5,543,0,0,1,3638.0,0
2507.53,6,1296,0,0,1,1009.0,0
16509.78,7,54,0,0,0,3073.0,1
756.04,1,871,0,0,0,1082.0,0
593.74,6,1432,0,0,1,1507.0,1
12980.07,7,533,0,0,0,1798.0,1
2417.95,6,328,0,0,0,1309.0,1
1526.8,10,978,0,0,2,1373.0,1
8432.97,7,550,0,0,1,1272.0,1
1626.82,10,326,0,0,1,958.0,0
18508.95,5,1166,0,0,1,4076.0,1
5871.85,15,631,0,1,1,492.0,1
1830.03,5,462,0,0,0,6478.0,1
25778.81,8,263,1,1,2,2695.0,1
1626.66,6,260,0,0,0,1452.0,1
6261.0,6,1401,0,0,0,503.0,1
4021.03,10,1427,0,0,0,438.0,1
10957.08,10,1195,0,1,0,2287.0,1
14207.3,5,350,0,0,2,129.0,1
3077.9,9,944,0,0,1,1033.0,1
1403.3,1,483,0,0,0,541.0,1
4721.93,7,673,0,1,0,161.0,1
1513.66,8,1047,0,1,1,6167.0,1
22323.32,7,471,0,0,1,729.0,1
3417.06,8,318,0,0,0,566.0,1
2068.71,10,101,1,0,0,116.0,1
3585.6,6,631,0,0,1,3720.0,1
775.01,3,298,1,0,1,106.0,0
1128.21,9,350,0,0,0,42.0,0
9901.23,4,848,0,0,0,631.0,1
1545.5,3,127,0,0,0,1008.0,1
1046.38,4,801,0,0,1,1650.0,0
5098.25,6,347,0,0,1,1519.0,1
9756.65,5,1418,0,0,1,748.0,1
6117.77,10,1172,0,0,1,2040.0,1
8071.12,8,63,0,0,1,984.0,1
1398.57,6,1492,0,0,0,1595.0,0
719.24,11,143,0,0,0,3557.0,1
13377.56,8,1295,0,0,0,4757.0,1
2158.83,5,831,0,0,0,3317.0,1
2319.64,3,943,0,0,0,1861.0,1
11250.8,7,401,1,0,1,12.0,1
5199.04,4,1492,0,0,1,620.0,1
4702.68,4,1278,1,0,0,251.0,1
25977.92,0,1329,0,0,0,2339.0,1
1566.32,8,501,0,1,0,378.0,1
7538.96,10,1246,0,0,0,564.0,1
3155.85,7,121,0,0,0,832.0,1
3899.46,3,345,0,0,0,868.0,1
13745.52,10,1453,0,0,0,357.0,1
4953.43,4,977,0,0,1,2202.0,1
5106.64,10,438,0,0,0,794.0,1
8712.44,2,1019,0,0,1,1514.0,1
2069.47,9,1010,0,0,1,256.0,1
1287.93,4,1087,0,0,0,17.0,1
1048.58,6,538,0,0,0,1677.0,1
417.23,9,1269,0,0,1,2409.0,1
23299.96,3,59,0,0,2,1880.0,1
989.1,8,299,0,0,1,30.0,1
2389.28,5,1144,0,1,1,746.0,1
2260.15,6,139,0,0,0,4346.0,0
4053.79,5,431,1,0,0,2118.0,1
6739.47,9,924,0,0,0,2755.0,1
7047.82,12,222,0,0,0,33.0,1
1663.91,7,419,0,0,0,996.0,1
2522.18,2,391,1,0,0,4722.0,1
3954.38,9,1121,0,0,2,368.0,1
2324.61,5,1008,0,0,0,3230.0,0
14873.64,9,93,0,0,1,66.0,1
4870.61,6,923,0,1,2,530.0,1
6215.97,7,1119,0,0,0,452.0,1
5784.18,7,175,0,0,0,27.0,1
9638.05,7,645,0,0,0,2113.0,1
3572.5,3,1250,0,1,1,3109.0,1
814.98,5,549,0,0,0,709.0,1
4445.68,6,1045,0,0,0,1652.0,1
1554.09,11,1370,0,0,0,430.0,1
1757.04,5,630,0,1,0,347.0,0
5358.1,1,1259,0,0,1,945.0,1
10283.37,4,1093,1,0,1,328.0,1
3045.05,6,97,0,0,0,2875.0,0
4059.57,7,1343,0,0,2,515.0,1
16353.79,5,343,0,0,0,96.0,1
3792.4,5,128,0,1,1,3644.0,1
40202.45,3,1203,1,1,0,4316.0,1
5247.51,3,1016,1,0,0,1788.0,1
512.47,5,861,0,0,0,233.0,1
6331.81,9,1426,0,0,0,2261.0,1
4364.06,8,419,0,0,0,317.0,1
10826.51,5,394,0,0,0,491.0,1
5844.06,3,935,0,1,0,508.0,1
2595.52,8,234,0,0,1,2671.0,1
876.29,8,37,0,0,0,120.0,1
2418.68,5,471,0,0,0,1892.0,1
1273.44,4,529,0,0,0,380.0,0
1668.16,7,366,0,0,1,1487.0,1
5369.97,8,548,0,1,0,637.0,1
15833.84,8,155,0,0,0,409.0,1
4423.43,1,48,0,0,0,2231.0,1
901.55,6,167,0,0,0,3300.0,0
4649.91,5,422,0,0,0,4101.0,1
9863.85,8,910,0,0,1,907.0,1
1620.06,11,1476,0,0,0,856.0,0
2607.07,9,1493,0,1,2,2449.0,1
3025.07,10,1410,1,0,1,4582.0,1
1359.81,4,890,0,0,2,3081.0,1
5700.34,3,1113,0,0,0,1093.0,1
2641.37,5,422,0,0,0,1400.0,1
4534.78,5,699,0,0,0,240.0,1
1227.22,9,688,0,0,1,691.0,1
1924.73,7,334,0,0,0,222.0,1
6138.78,4,1165,0,0,2,684.0,1
2053.22,4,172,0,0,0,1169.0,1
16763.58,4,908,0,1,0,1321.0,1
1998.92,11,60,0,0,1,941.0,1
3731.94,5,546,1,0,2,28.0,1
7574.87,5,681,0,0,0,1373.0,1
721.72,5,919,0,0,0,817.0,1
512.44,4,457,0,1,0,1139.0,1
648.29,5,728,0,0,0,150.0,1
10536.33,5,1253,0,0,1,1466.0,1
1716.67,6,287,0,0,2,3071.0,1
38491.75,9,1376,0,0,0,204.0,1
1695.53,3,1194,0,0,0,590.0,1
3585.13,8,1303,0,0,0,700.0,1
13934.32,3,868,0,1,0,68.0,1
22161.08,8,1376,0,0,0,1056.0,1
23423.7,6,919,1,0,1,249.0,1
9980.28,9,1270,0,0,0,306.0,1
8300.43,7,343,0,0,1,1657.0,1
5391.22,5,1274,0,0,0,955.0,1
6492.23,2,1121,0,0,2,2827.0,1
1717.83,4,1407,0,0,0,4.0,1
1315.28,4,510,0,0,0,3801.0,1
2970.92,2,489,0,0,3,1496.0,1
2514.47,5,922,1,0,0,2063.0,1
1894.62,8,1283,0,0,0,757.0,1
5981.27,6,1025,0,0,0,84.0,1
7748.89,6,219,0,0,0,560.0,1
3256.5,8,1458,0,0,0,656.0,1
13062.88,10,539,0,0,1,890.0,1
951.76,6,300,0,0,1,2291.0,1
2456.13,6,342,0,0,1,2687.0,1
1455.61,4,715,0,0,2,4317.0,0
461.03,11,1118,0,0,0,162.0,0
2744.4,4,1234,0,0,0,1647.0,0
2639.26,6,44,0,0,0,234.0,1
13540.63,3,472,1,1,0,2965.0,1
5601.62,9,1376,0,0,1,770.0,1
1070.43,3,214,0,0,2,228.0,1
19036.1,8,1221,0,0,0,954.0,1
10107.51,14,325,0,0,1,1567.0,1
5335.29,5,958,0,0,0,3607.0,1
2376.81,5,1008,0,0,1,2054.0,1
1142.03,7,881,0,0,1,2187.0,1
2054.51,5,167,1,0,1,1859.0,1
8855.1,5,1430,0,0,0,643.0,1
19625.53,4,1415,0,1,1,23.0,1
13950.12,11,562,0,0,1,1702.0,1
1828.32,5,1277,0,0,1,968.0,1
973.0,10,725,1,0,1,428.0,1
3431.96,9,626,0,0,1,5902.0,1
508.55,8,652,0,0,1,894.0,1
4118.18,6,958,0,0,1,529.0,1
2571.89,4,1381,0,0,1,14.0,1
1870.5,8,727,0,0,0,2677.0,1
605.04,6,934,0,1,1,353.0,1
4982.07,6,1019,0,0,0,930.0,1
1749.87,10,717,0,0,1,1653.0,1
925.27,5,707,0,0,1,127.0,1
168.64,5,386,0,0,0,1045.0,1
2900.06,8,1339,0,0,1,83.0,1
17540.22,4,189,1,0,0,952.0,1
15697.54,6,860,0,0,1,280.0,1
1887.3,10,1269,0,0,1,39.0,1
1632.37,6,689,0,0,1,405.0,0
4763.67,4,744,0,0,0,1851.0,1
1098.41,11,863,0,0,1,3021.0,1
4031.09,5,145,0,0,1,1561.0,1
6412.99,9,713,0,0,1,158.0,1
10167.31,6,532,1,0,0,47.0,1
2696.87,5,1357,0,0,0,6223.0,1
2431.65,10,996,1,0,2,4415.0,1
1238.95,2,124,0,0,3,2833.0,1
1303.91,7,1082,0,0,1,1359.0,1
2376.83,2,72,0,0,0,757.0,1
4304.28,3,448,0,0,0,3310.0,1
7432.26,8,649,0,0,1,2649.0,1
1335.18,7,725,1,0,1,964.0,1
13262.4,9,803,0,0,0,937.0,1
2273.05,5,381,0,0,0,1136.0,1
2917.94,7,156,0,0,0,201.0,1
1412.04,6,667,0,0,0,2298.0,0
263.95,7,178,0,1,1,503.0,1
7215.92,8,270,0,1,0,7605.0,1
6228.21,6,110,0,0,2,756.0,1
2249.97,7,316,0,0,0,700.0,1
3187.5,9,1181,0,0,0,2086.0,1
4993.73,7,57,0,0,0,2455.0,1
624.81,3,246,0,0,1,1828.0,0
1756.27,4,829,0,0,1,1269.0,1
6596.3,9,213,0,0,1,717.0,1
850.4,8,113,0,0,1,424.0,1
3998.03,7,322,0,1,0,1654.0,1
767.71,7,1075,0,0,1,447.0,1
4752.52,8,522,0,1,0,884.0,1
2876.58,5,856,0,0,0,1499.0,0
592.81,5,51,1,0,0,1610.0,1
9554.23,3,243,0,0,0,4821.0,1
1429.97,3,352,0,0,0,311.0,1
1325.77,4,493,1,1,1,1163.0,1
3643.02,5,983,0,0,1,3590.0,0
9401.62,9,688,0,0,0,591.0,1
1079.42,7,57,0,0,1,1332.0,1
3170.61,5,436,0,0,2,1694.0,1
4577.08,8,236,0,0,0,2069.0,1
5961.67,7,313,0,0,2,1828.0,1
3556.18,5,853,0,0,1,1323.0,1
2065.18,6,854,1,0,0,468.0,1
1302.98,5,727,0,0,0,2806.0,0
3249.13,6,886,0,0,2,4781.0,1
1020.31,4,1036,0,0,0,2033.0,0
160.56,5,461,0,0,0,734.0,1
4612.66,8,802,0,0,0,10289.0,1
7360.88,3,1497,0,0,2,463.0,1
280.64,3,450,0,0,0,13712.0,0
1086.01,7,425,0,1,0,1286.0,1
5536.7,5,509,0,0,1,1378.0,1
23330.0,4,694,0,0,0,1573.0,1
3043.59,6,351,0,0,0,258.0,1
1439.42,6,402,0,0,0,2155.0,1
2482.7,3,976,1,0,0,1128.0,1
11788.46,5,462,1,0,1,668.0,1
1562.49,3,1326,0,0,1,2470.0,0
1340.51,5,788,0,0,0,2284.0,0
1839.51,7,900,0,0,0,78.0,1
1149.03,6,11,0,0,1,573.0,1
3370.01,1,774,1,0,0,489.0,1
15133.69,7,1383,0,0,0,752.0,1
4117.82,8,242,0,0,0,986.0,1
2316.12,4,647,0,0,0,3350.0,1
2226.51,4,1069,0,1,2,2190.0,1
624.41,8,30,0,0,0,3794.0,1
7209.17,3,1386,0,0,1,2060.0,1
2757.73,4,540,0,0,1,230.0,1
2488.71,9,358,0,0,1,1067.0,1
72628.13,8,1153,0,0,0,1872.0,1
4018.86,10,344,0,0,0,1152.0,1
1405.59,8,1340,0,0,0,230.0,1
1946.22,5,432,0,0,1,101.0,1
9399.82,8,28,1,0,0,783.0,1
3338.48,7,183,1,1,1,3126.0,1
707.49,9,337,1,0,0,2665.0,0
7474.32,4,88,0,0,1,4699.0,1
1528.22,6,799,1,0,5,1471.0,1
19405.23,8,1467,0,0,0,1058.0,1
8778.39,10,426,0,1,1,2851.0,1
1905.84,7,704,1,0,0,1252.0,1
10732.33,5,666,0,0,0,444.0,1
3190.25,5,236,0,0,3,13387.0,1
6993.76,4,1035,0,0,0,114.0,1
4840.3,4,1444,0,0,0,4470.0,1
1278.76,6,1309,0,0,1,374.0,0
1566.27,8,1371,0,0,1,3947.0,0
8349.53,5,924,0,0,0,4899.0,1
2132.87,7,411,1,0,1,2723.0,1
1990.92,4,267,0,0,3,5128.0,1
1146.97,6,685,0,0,0,2126.0,0
4553.26,7,1224,1,1,1,775.0,1
23447.64,9,952,0,0,0,4473.0,1
1025.02,5,689,0,0,0,70.0,0
3054.04,9,821,0,0,0,466.0,1
12237.01,2,363,1,0,1,3807.0,1
2752.76,5,324,0,0,0,1944.0,1
4686.17,5,1460,0,0,1,3067.0,1
1030.3,14,1145,0,0,0,1156.0,1
4574.75,1,1228,0,0,0,2832.0,1
2472.18,5,672,0,0,0,906.0,1
7988.27,11,187,0,0,1,525.0,1
9773.07,11,716,0,0,0,2439.0,1
39718.15,6,755,0,0,1,427.0,1
5322.15,5,824,1,0,1,533.0,1
4129.02,3,921,0,0,3,154.0,1
3620.56,4,84,0,0,1,1725.0,1
2094.0,4,306,0,0,0,1031.0,1
4181.74,4,234,0,0,1,2885.0,1
2218.53,4,1031,0,0,1,3.0,1
3527.91,7,627,0,0,1,176.0,1
11132.2,10,518,0,0,0,2034.0,1
1089.48,8,211,0,0,1,409.0,1
9319.63,1,658,0,0,1,1095.0,1
11126.84,6,747,0,0,0,1000.0,1
2648.98,6,623,0,0,0,100.0,1
357.15,8,677,0,0,0,3929.0,0
1623.24,11,1290,0,0,0,1706.0,1
10905.19,6,978,0,0,0,410.0,1
2913.56,7,21,0,0,1,89.0,1
1097.4,6,950,0,0,0,58.0,1
1799.43,3,1007,0,0,0,2157.0,0
6909.28,3,254,0,0,0,4726.0,1
5149.91,11,803,0,0,0,2588.0,1
2347.41,4,880,0,0,0,1022.0,1
2065.6,4,98,0,0,0,6656.0,0
2014.73,5,233,0,0,2,235.0,1
1185.11,5,458,0,0,0,360.0,0
14993.55,7,101,0,0,1,3195.0,1
2159.6,11,1176,0,0,0,312.0,1
10068.41,5,981,0,0,2,296.0,1
13647.56,5,738,1,0,0,1437.0,1
8089.41,3,767,0,0,0,3126.0,1
1936.0,4,807,0,0,1,876.0,1
4463.69,4,1321,1,0,0,1262.0,1
2909.7,4,672,0,0,0,5838.0,1
1207.49,6,520,0,0,0,501.0,1
4123.09,5,18,0,0,0,689.0,1
916.86,6,698,0,0,1,504.0,1
9775.94,7,641,0,1,0,1201.0,1
1873.16,9,175,0,0,0,440.0,1
3645.18,9,849,1,1,1,577.0,1
3957.18,4,575,1,0,0,4953.0,1
2300.99,12,914,0,0,0,423.0,0
5359.86,5,1428,0,0,1,2728.0,1
1853.99,4,26,0,0,4,1046.0,1
7124.52,5,114,0,0,0,555.0,1
775.9,5,1246,1,0,1,540.0,1
3382.53,5,1125,1,0,0,396.0,1
20721.54,7,347,0,0,0,1028.0,1
1096.27,6,1447,0,0,0,724.0,1
1513.61,5,23,0,0,0,1124.0,1
4983.6,7,346,0,0,0,1366.0,1
3567.36,4,1029,1,0,0,18.0,1
4232.85,3,14,0,0,1,2905.0,1
4861.91,8,1123,0,0,1,2455.0,1
5623.57,5,256,1,0,0,676.0,1
9042.58,14,629,0,0,0,845.0,1
4490.95,5,736,0,0,0,6224.0,1
2341.96,8,429,0,0,0,2503.0,1
5840.51,5,452,0,0,1,247.0,1
19928.02,3,534,0,0,0,145.0,1
2610.68,10,1137,0,1,0,5925.0,1
1124.92,2,328,0,0,0,2275.0,0
9018.93,3,430,0,0,1,4269.0,1
2642.87,8,201,0,1,2,1020.0,1
339.45,6,954,0,0,0,1047.0,1
6956.43,7,108,0,0,0,4.0,1
1745.28,4,412,0,0,0,8395.0,0
2722.94,2,129,0,0,2,2576.0,1
4154.64,4,143,0,0,0,704.0,1
3606.52,1,903,0,0,1,1267.0,1
6059.92,7,1425,0,0,0,631.0,1
1928.53,3,1484,0,0,0,162.0,1
4979.6,7,1335,1,0,0,1582.0,1
2299.51,4,119,0,0,0,1444.0,1
6240.47,8,1245,0,0,0,1226.0,1
5515.78,3,1038,0,0,1,13487.0,0
1169.77,6,117,0,0,0,4195.0,1
8830.63,6,1080,1,1,0,1756.0,1
1744.17,6,928,0,0,0,676.0,1
6687.92,5,125,0,0,0,286.0,1
4303.94,7,25,0,0,1,3348.0,1
18735.66,7,408,0,0,1,309.0,1
2384.0,4,909,0,0,1,109.0,1
2102.08,4,93,0,1,0,2248.0,1
2923.63,8,158,0,0,0,526.0,1
2201.34,6,1243,0,0,0,4118.0,0
6633.86,6,141,0,0,0,3974.0,1
592.11,5,647,0,0,0,1533.0,1
1039.32,5,710,0,0,0,2421.0,0
1024.74,6,827,0,1,3,227.0,1
7710.26,7,398,0,0,3,1693.0,1
16491.71,9,1072,0,1,0,1249.0,1
2685.31,5,93,0,0,0,523.0,1
2517.89,3,26,0,0,2,4069.0,1
3197.27,6,1063,0,0,1,3745.0,1
9526.93,4,165,0,0,0,3078.0,1
1179.27,8,448,0,0,0,3719.0,1
3783.36,7,882,0,0,1,4858.0,1
7904.58,14,493,1,0,1,1473.0,1
4920.15,7,446,0,0,1,1314.0,1
3603.21,5,668,0,0,0,5231.0,1
8111.56,4,1425,0,0,1,4028.0,1
199.69,4,780,0,0,0,1594.0,0
5871.56,10,540,0,0,0,250.0,1
1549.87,6,1240,0,0,0,2565.0,1
477.88,5,1055,0,0,0,344.0,1
4970.14,3,997,0,0,1,3500.0,1
11774.11,4,952,0,0,0,2158.0,1
2598.14,12,497,0,0,1,1396.0,1
7730.08,6,1280,0,0,1,5461.0,1
14947.18,3,1208,1,0,2,1975.0,1
11102.38,13,413,0,0,1,470.0,1
15366.8,7,901,0,0,1,559.0,1
6261.2,5,141,0,0,1,344.0,1
3214.52,3,1395,0,0,0,3911.0,1
600.66,5,429,1,0,0,601.0,1
2330.73,3,415,0,0,1,5570.0,1
1282.74,13,471,0,1,0,1098.0,1
26132.7,7,891,1,0,0,3580.0,1
2500.17,5,656,0,0,0,1049.0,1
3371.81,4,980,0,0,0,5696.0,1
5174.43,9,1269,0,0,0,2784.0,1
3113.81,6,1160,0,0,0,4979.0,1
16237.05,5,688,0,0,1,3147.0,1
1599.35,8,721,0,0,0,1997.0,1
3621.37,3,1216,1,0,0,4067.0,1
1418.75,5,306,1,0,2,189.0,1
796.3,6,147,0,0,0,988.0,1
1616.84,7,1067,0,1,2,1079.0,1
2872.57,9,365,1,0,1,3481.0,0
1940.49,3,1359,0,0,0,1424.0,0
1491.56,4,1205,0,0,0,1360.0,0
730.47,3,1199,0,0,0,593.0,1
2743.24,5,806,0,0,1,1420.0,1
662.01,10,57,0,0,0,4385.0,1
6374.47,8,265,0,0,0,2831.0,1
3237.12,3,857,0,0,0,2446.0,0
693.98,9,655,0,0,2,2123.0,1
2188.1,10,748,0,0,0,940.0,1
1405.07,4,1467,0,0,0,2870.0,1
4101.77,7,1197,0,0,1,696.0,1
11389.54,9,6,0,0,0,3321.0,1
457.07,7,16,0,0,0,5955.0,1
3344.34,12,768,0,1,1,712.0,1
2539.87,3,819,0,0,0,2358.0,1
5833.31,3,225,0,1,0,3939.0,1
3689.32,6,1106,0,1,1,1369.0,1
1405.33,7,868,0,0,0,2810.0,0
2166.67,4,257,0,0,1,1676.0,1
1344.76,3,141,0,1,1,3582.0,1
8742.99,7,902,0,0,1,3841.0,1
3045.17,7,1126,0,0,0,1871.0,1
19954.12,6,866,0,0,0,538.0,1
2805.51,0,82,0,1,1,1707.0,1
1467.91,2,638,1,0,0,626.0,1
656.08,8,967,0,0,0,40.0,1
491.2,6,549,1,0,0,8782.0,1
611.47,8,502,0,0,0,1052.0,1
3893.74,5,1488,0,0,0,1109.0,1
4957.84,7,462,1,0,0,1428.0,1
613.27,4,974,0,0,2,2544.0,0
7295.68,6,1412,0,0,1,2550.0,1
1838.93,10,654,0,1,0,1449.0,1
3452.29,6,65,0,0,1,3018.0,1
14946.32,9,1336,0,0,1,429.0,1
7308.84,5,1224,0,0,0,3401.0,1
2278.95,6,1371,1,0,0,227.0,1
1222.69,2,762,0,0,3,1921.0,1
346.6,7,378,0,0,1,18.0,0
1452.22,3,1374,0,0,1,8072.0,1
2413.59,9,1428,0,0,0,1861.0,1
1110.78,9,390,1,0,0,4516.0,1
2614.28,3,521,0,0,0,1502.0,1
3219.08,3,55,0,0,0,9393.0,0
2380.69,7,32,0,0,0,1386.0,1
1556.19,8,865,0,0,0,979.0,1
3528.59,5,530,0,0,1,2544.0,1
4637.55,8,805,0,0,0,198.0,1
1001.85,8,1215,0,1,0,543.0,1
12221.26,4,787,0,0,1,1490.0,1
2701.09,7,353,1,0,0,934.0,1
3037.68,5,133,0,0,0,1211.0,1
6052.43,6,1336,1,0,0,3459.0,1
3763.92,4,140,0,0,1,393.0,1
7732.11,9,449,0,0,0,214.0,1
3972.39,6,198,0,0,1,1135.0,1
1615.76,4,1233,0,0,0,444.0,1
4279.12,4,392,0,0,0,33.0,1
949.82,4,645,0,1,0,2266.0,0
3322.79,5,483,0,0,0,1007.0,1
2883.53,6,1487,0,0,0,2265.0,1
2420.87,5,1116,0,0,0,415.0,1
2621.4,5,344,0,0,1,649.0,1
454.02,8,90,0,0,0,1903.0,0
1722.06,9,1096,0,0,0,2009.0,1
3270.98,4,355,0,0,1,2481.0,1
3497.68,6,1104,0,0,0,198.0,1
1066.7,4,583,0,0,0,3123.0,0
10569.29,3,529,1,0,0,1600.0,1
1253.66,7,563,0,0,2,229.0,1
7859.33,8,1463,1,0,0,1039.0,1
4569.66,9,1123,0,0,1,856.0,1
1562.08,7,1344,0,0,0,338.0,1
17593.96,4,699,0,0,1,3689.0,1
903.58,7,583,0,0,0,1457.0,0
7473.77,6,563,0,0,1,1101.0,1
8107.8,5,835,0,1,0,335.0,1
1524.44,8,18,0,0,0,1674.0,0
11997.64,4,629,0,0,1,236.0,1
2321.46,4,1233,0,0,0,1353.0,1
3978.63,10,160,1,0,0,687.0,1
3867.34,7,75,1,0,1,1553.0,1
2606.31,5,676,0,0,0,2055.0,1
6706.34,4,76,0,0,0,5295.0,1
6591.19,3,1339,0,0,2,1703.0,1
518.77,3,212,0,0,1,742.0,1
10985.6,6,323,0,0,0,3275.0,1
565.39,10,287,0,0,0,2054.0,0
8371.15,3,1285,0,0,1,973.0,1
9197.67,6,596,0,1,0,103.0,1
1001.28,6,744,0,0,1,3092.0,1
1976.7,10,363,0,0,1,2376.0,1
986.63,4,687,1,0,0,1125.0,0
2404.46,7,248,0,0,0,1496.0,1
2190.68,7,682,1,0,0,2675.0,1
6500.67,9,1208,0,0,0,1153.0,1
11051.36,8,139,0,0,0,1896.0,1
12036.32,8,169,0,0,0,1176.0,1
1699.06,5,804,0,0,1,1763.0,1
2418.2,1,635,0,1,1,1286.0,1
553.67,4,1311,0,0,1,551.0,1
1331.59,7,1343,0,0,0,1789.0,1
7823.22,1,1112,0,0,1,1167.0,1
14996.66,4,1423,0,0,2,567.0,1
867.53,7,825,0,0,0,3676.0,1
1648.36,4,386,0,0,1,777.0,1
2903.27,7,285,0,0,2,680.0,1
3944.83,3,827,0,0,0,91.0,1
1326.63,3,297,1,0,0,273.0,1
4555.37,14,854,0,0,0,952.0,1
1855.97,6,41,1,0,0,1516.0,1
2938.19,2,251,0,0,0,127.0,1
5147.59,5,139,0,0,0,1625.0,1
3000.16,7,248,0,0,0,1535.0,1
1926.8,7,1406,0,0,0,95.0,1
2671.49,1,1123,0,0,1,1928.0,1
2728.85,7,1489,0,0,1,2729.0,1
2059.03,3,1156,0,0,0,2224.0,1
2301.24,6,756,0,0,1,714.0,1
14744.82,4,31,0,0,1,93.0,1
5223.48,6,733,1,0,0,1522.0,1
2218.35,6,445,0,0,0,2059.0,1
5984.66,3,453,0,0,0,3460.0,0
2134.91,5,1481,0,0,2,61.0,1
9634.68,6,1269,0,0,1,605.0,1
4314.09,7,869,0,0,0,20.0,1
2677.66,3,1294,0,0,0,938.0,1
4664.41,9,504,0,0,1,484.0,1
619.63,10,1143,0,0,0,139.0,1
966.07,9,1068,0,0,1,2552.0,1
903.32,8,530,0,0,0,1869.0,1
3439.02,8,1233,0,0,0,995.0,1
16856.89,6,442,0,0,0,324.0,1
27758.58,8,1301,0,0,2,1435.0,1
5642.32,5,694,0,0,2,463.0,1
4918.92,3,1006,0,1,2,433.0,1
492.23,5,810,0,0,1,1137.0,1
1732.51,9,1290,1,0,0,489.0,1
1355.89,5,364,1,0,0,1395.0,1
1602.23,3,348,0,0,0,70.0,1
2519.6,9,613,0,0,0,518.0,0
1859.21,9,813,0,0,1,2149.0,1
411.87,7,1207,0,0,0,324.0,1
6297.51,2,533,1,0,1,1751.0,1
1019.69,7,297,0,0,0,38.0,1
3786.69,8,749,0,0,0,1890.0,1
23720.21,6,511,0,1,0,1921.0,1
1188.7,4,1136,0,0,0,610.0,1
237.39,9,1049,0,0,1,2315.0,1
2239.47,4,1089,1,0,0,370.0,1
8963.89,6,740,0,0,1,909.0,1
21127.85,3,254,0,0,1,4256.0,1
871.7,8,1258,0,0,0,2677.0,1
4898.57,3,931,1,0,0,3437.0,1
1871.86,6,1283,0,1,0,858.0,1
2681.29,6,108,0,0,0,6817.0,0
41954.6,8,64,0,0,1,1927.0,1
663.17,9,216,0,0,0,3.0,1
3841.97,6,599,0,0,0,138.0,1
4758.53,4,90,0,0,1,2154.0,1
8828.91,7,453,0,0,0,5245.0,1
3287.83,4,546,0,0,0,2447.0,1
4056.4,5,1269,1,0,2,1325.0,1
2014.95,9,436,0,0,0,402.0,0
3901.54,5,510,0,0,2,2913.0,1
2114.99,4,894,0,0,0,1536.0,1
5550.1,2,1205,1,0,0,331.0,1
2059.85,6,440,0,0,0,442.0,1
4346.39,12,1041,0,0,1,878.0,1
2894.99,5,481,0,0,2,794.0,1
9191.65,7,236,1,0,0,939.0,1
2831.63,7,1260,1,0,2,903.0,1
506.22,5,655,0,0,1,2903.0,0
10529.35,4,355,0,0,1,468.0,1
1205.04,6,1038,0,0,1,482.0,0
1550.35,2,942,0,0,1,96.0,1
1643.1,5,1382,0,0,0,2622.0,1
11783.29,7,749,0,0,0,1470.0,1
352.24,10,677,0,0,2,691.0,1
68716.77,3,1397,0,0,0,1416.0,1
8570.29,5,1251,0,0,1,2504.0,1
3726.55,9,865,0,0,1,1337.0,1
2821.73,5,402,0,1,1,1623.0,1
3966.16,7,1135,0,0,0,354.0,1
5019.68,7,1274,0,0,0,6500.0,1
5682.89,3,1168,0,0,0,3540.0,1
5195.79,9,346,0,0,0,637.0,1
3260.32,5,261,0,0,0,125.0,1
2447.11,5,1168,0,0,1,1320.0,1
2562.47,7,108,0,0,0,3911.0,1
2453.06,3,1360,0,0,1,26.0,1
9262.88,7,523,0,0,2,1498.0,1
5396.77,7,1475,0,1,0,40.0,1
157.53,9,1340,0,0,0,38.0,1
5743.94,9,208,0,0,0,1018.0,1
3621.84,4,519,0,0,1,2843.0,0
2925.71,5,732,0,0,2,47.0,1
2021.27,3,31,0,0,0,1305.0,0
9173.85,10,1257,0,0,0,2308.0,1
7688.85,3,971,0,0,2,556.0,1
1376.26,1,65,0,0,0,1489.0,0
4478.54,3,61,1,0,0,3885.0,0
1128.16,3,697,0,1,0,3093.0,1
750.23,8,94,0,0,2,1907.0,1
1592.85,7,140,0,0,0,478.0,0
7061.36,10,458,0,0,2,202.0,1
7732.02,7,1207,0,0,0,275.0,1
4979.5,7,1004,1,0,0,9212.0,1
6155.47,7,299,0,1,0,2303.0,1
4994.93,7,618,0,0,1,435.0,1
1569.51,8,120,0,0,0,1614.0,1
4591.32,8,497,0,0,2,35.0,1
6636.96,4,1375,0,0,1,3171.0,1
6337.83,5,223,0,0,1,2883.0,1
9788.01,4,1285,0,1,0,1929.0,1
6052.97,8,319,0,0,1,424.0,1
4236.31,4,530,0,0,1,1249.0,1
8691.93,3,850,0,0,0,2055.0,1
2902.94,5,1156,1,0,0,837.0,1
1234.13,3,946,0,0,0,1662.0,1
2532.43,8,788,1,0,1,691.0,1
1415.3,6,1077,0,0,0,1280.0,1
1517.5,5,1264,0,0,0,595.0,1
2579.84,6,28,0,0,1,2231.0,1
1349.62,6,239,1,0,1,286.0,1
2190.84,7,77,0,0,1,787.0,1
448.71,7,163,0,0,0,2204.0,1
3689.68,3,914,0,0,0,2135.0,0
2984.55,8,417,0,0,1,1328.0,1
1316.74,2,805,0,0,0,167.0,1
5763.19,5,228,0,0,1,1195.0,1
7612.68,6,137,0,0,0,220.0,1
597.31,12,538,0,0,2,809.0,0
1390.3,4,1025,1,0,2,546.0,1
1381.41,4,153,0,0,0,4277.0,1
1164.56,2,88,1,0,1,1129.0,1
6832.7,7,554,0,0,1,2689.0,1
2455.72,4,1100,0,0,1,1051.0,0
2288.12,2,236,1,0,0,654.0,1
401.87,7,251,0,0,1,1023.0,1
5627.49,5,1423,0,0,1,4024.0,1
863.28,6,724,0,1,1,189.0,1
3165.08,8,1117,0,0,1,859.0,1
3933.86,3,322,0,0,1,507.0,1
11622.04,6,778,0,0,1,1202.0,1
805.27,7,1178,1,0,1,1609.0,1
145.55,5,418,0,1,0,2239.0,1
3582.62,10,1089,0,0,1,257.0,1
18042.97,7,256,0,0,1,1609.0,1
10290.19,7,143,1,1,0,2683.0,1
3676.29,5,196,0,0,1,2066.0,1
1823.23,7,451,0,0,1,1178.0,0
6681.67,6,1005,0,0,0,1627.0,1
1126.03,4,1154,0,0,1,4143.0,1
4799.94,7,1427,1,0,1,1247.0,1
4941.73,8,1326,0,0,0,3095.0,1
8605.96,6,361,0,0,0,5695.0,1
47082.66,4,1363,0,0,1,110.0,1
4413.47,9,1273,0,1,1,3565.0,1
1791.91,4,84,0,1,1,209.0,1
2905.69,17,689,0,0,1,124.0,1
508.22,6,248,0,0,0,1003.0,1
1488.15,11,1210,0,0,1,1217.0,1
1979.73,9,1445,0,0,0,161.0,1
1765.01,4,470,0,1,0,5799.0,0
3471.54,8,930,0,0,1,102.0,1
1309.73,11,204,1,0,0,2157.0,1
9145.62,6,1164,0,0,0,771.0,1
2981.58,7,895,0,0,2,249.0,1
2953.36,6,1013,1,0,0,2986.0,1
2147.6,6,479,0,0,0,2919.0,1
3481.4,5,1141,0,0,0,4272.0,0
6802.86,3,828,0,0,0,3278.0,1
1252.47,8,356,1,0,0,1352.0,1
1543.62,1,154,1,0,0,201.0,1
2200.13,4,220,0,0,1,2954.0,0
775.98,2,1,0,0,0,66.0,1
1313.88,6,1162,1,0,2,2169.0,1
1851.55,6,1239,0,0,1,92.0,1
7146.58,4,1443,0,0,1,493.0,1
3876.01,4,565,0,0,0,1149.0,1
3617.69,6,1405,0,0,0,1598.0,1
6980.65,4,941,0,0,2,4236.0,1
2598.34,3,648,1,0,0,7944.0,0
4404.86,3,1428,0,0,0,2468.0,0
2688.61,6,169,0,0,0,16920.0,0
3886.88,5,875,0,1,1,430.0,1
1664.44,9,1053,1,0,2,1100.0,1
260.13,11,1064,0,0,1,2868.0,1
2606.39,2,937,0,0,0,13.0,1
12366.52,8,128,0,0,0,1286.0,1
7526.73,5,1459,1,1,0,3652.0,1
7827.49,6,1348,0,0,0,1750.0,1
10261.26,9,1002,1,0,1,2373.0,1
3257.31,6,250,0,0,0,3478.0,1
3631.19,3,296,0,0,0,3892.0,1
1607.36,3,1253,0,0,0,870.0,1
2173.14,9,149,0,0,0,523.0,1
5518.0,3,463,1,0,0,883.0,1
9935.65,8,830,0,0,1,659.0,1
2592.96,9,289,0,1,1,1243.0,1
1900.38,3,241,1,0,1,908.0,1
2982.53,8,204,0,0,2,205.0,1
5438.22,5,798,0,0,0,3577.0,1
703.55,5,196,0,0,0,453.0,1
300.01,6,651,0,0,0,3769.0,1
1718.94,4,620,0,0,0,366.0,1
879.44,8,880,0,0,0,2502.0,1
1793.38,6,1490,0,0,0,340.0,1
2571.44,5,1486,1,0,1,1426.0,1
1894.58,6,655,0,0,0,5263.0,0
12739.56,5,561,0,0,0,1933.0,1
4132.94,6,418,0,0,1,81.0,1
4025.78,6,215,0,0,1,1980.0,1
5553.63,10,197,0,0,1,206.0,1
954.48,8,218,0,0,1,120.0,0
8426.29,3,138,0,0,0,1231.0,1
2763.45,6,591,0,1,0,3708.0,1
5828.3,5,344,0,0,0,3763.0,1
1020.6,7,1316,0,0,0,1996.0,1
630.33,8,336,0,0,1,685.0,1
6754.0,8,522,1,0,0,3225.0,1
4343.39,8,1378,0,0,1,2806.0,1
1209.48,6,378,0,0,1,9806.0,0
1249.3,7,398,1,0,2,1219.0,1
9185.99,4,1221,0,0,0,3541.0,1
907.4,5,530,0,0,1,1764.0,1
15408.47,11,889,0,0,1,3060.0,1
1211.21,7,438,0,0,1,92.0,1
5644.25,2,1288,0,0,2,704.0,1
2146.04,8,351,0,0,2,1260.0,1
5449.0,5,620,0,0,0,299.0,1
1730.02,4,572,0,0,1,986.0,1
2533.12,5,338,0,0,3,526.0,1
3105.47,4,141,1,0,0,339.0,1
1094.24,6,1253,0,0,0,1080.0,1
6253.05,5,1163,0,0,2,1198.0,1
1784.31,4,259,0,0,0,457.0,1
2371.79,3,912,0,0,1,977.0,1
1102.85,7,230,0,0,1,1054.0,1
229.91,3,360,0,0,1,2180.0,1
2462.6,7,648,1,0,0,4512.0,1
33276.79,4,851,0,1,1,1087.0,1
6532.89,4,682,0,0,0,8966.0,1
2924.09,7,632,0,0,0,275.0,1
2291.84,4,79,1,0,0,2416.0,1
3048.69,8,319,0,0,0,534.0,1
5151.89,4,455,1,0,1,107.0,1
915.24,4,1409,0,0,2,78.0,1
9084.47,4,59,0,0,0,70.0,1
6095.96,4,1101,0,0,0,1742.0,1
6113.08,2,945,0,0,0,1088.0,1
4621.51,7,1278,0,0,0,3201.0,1
3040.01,6,787,0,0,0,5432.0,0
5842.19,5,1081,0,0,1,296.0,1
5387.38,3,1087,1,1,0,2298.0,1
2092.17,5,1021,0,0,0,1584.0,1
1679.75,6,1474,0,0,1,4392.0,1
3300.59,6,406,0,0,1,500.0,1
14030.94,5,1032,0,0,0,185.0,1
863.41,8,555,0,1,1,894.0,1
687.1,9,1177,0,0,0,340.0,1
3514.88,5,794,0,0,0,4128.0,1
3136.58,2,460,0,0,0,1554.0,1
3545.17,7,1477,0,0,0,2292.0,0
3804.55,10,27,0,0,1,369.0,1
2384.63,3,1272,0,0,0,2725.0,1
13224.99,6,1195,0,0,2,1449.0,1
601.3,6,963,0,0,0,5468.0,1
1301.8,12,1206,0,0,0,1294.0,1
2688.52,5,436,0,0,1,18.0,1
576.41,6,330,0,0,1,43.0,0
2500.25,9,275,0,0,0,461.0,0
15700.85,4,863,0,0,2,2685.0,1
3043.87,4,973,0,0,0,394.0,1
3754.46,4,628,0,0,0,716.0,1
845.42,7,1118,0,0,0,938.0,0
1609.44,7,206,0,1,1,214.0,1
2048.38,9,1082,0,0,0,2768.0,1
2169.57,7,1056,0,0,0,1399.0,0
10739.07,7,874,0,0,0,521.0,1
5206.65,4,614,0,0,0,1136.0,1
980.97,5,1070,0,0,0,2202.0,0
3814.27,6,604,1,0,0,2193.0,1
4906.04,4,1213,0,0,1,485.0,1
9322.15,2,1483,0,0,0,1013.0,1
14480.25,12,27,0,0,1,53.0,1
1080.2,8,249,0,0,0,992.0,1
1324.97,7,837,0,1,0,105.0,1
847.61,3,1073,1,0,1,40.0,1
2358.97,8,131,0,1,0,1607.0,1
4752.18,9,952,0,0,0,1420.0,1
8001.1,8,1206,0,1,0,3870.0,1
2762.94,5,1160,0,0,0,2604.0,1
2164.95,6,737,0,0,2,2610.0,1
3469.47,4,426,0,0,0,3979.0,1
1293.18,4,671,0,0,1,303.0,1
24089.68,7,776,0,1,0,21.0,1
597.25,6,321,0,0,0,837.0,0
3585.81,7,1029,0,0,2,576.0,1
22552.61,4,371,1,0,0,193.0,1
3001.3,7,487,0,0,0,421.0,1
2465.03,6,1157,1,0,1,174.0,1
2085.06,5,1058,0,0,1,2442.0,1
2488.93,4,751,0,0,0,1338.0,1
11764.58,4,1,0,0,0,480.0,1
326.4,10,830,0,0,1,3785.0,1
13813.94,5,1034,0,0,0,6585.0,1
717.69,7,846,0,0,0,977.0,1
2283.23,4,93,1,0,1,2422.0,1
1940.61,3,434,0,1,0,2425.0,1
5369.84,4,317,0,0,1,1486.0,1
602.97,6,549,1,0,1,1117.0,1
4732.33,3,1237,0,0,1,1860.0,1
22568.48,6,1055,0,0,0,333.0,1
762.67,4,1134,0,0,1,2331.0,0
3603.66,7,1176,0,0,0,211.0,1
1537.66,7,1385,0,0,0,1675.0,1
4563.69,5,341,0,0,1,49.0,1
3038.59,8,451,0,0,0,3988.0,0
1569.5,4,480,0,0,1,2320.0,1
4855.52,4,1214,0,0,0,1143.0,1
18112.33,3,646,0,1,1,1686.0,1
2462.9,4,1075,1,0,2,1833.0,1
6122.7,6,399,0,0,0,4332.0,1
817.89,6,1442,1,0,1,1226.0,1
1145.46,5,1472,1,0,0,1605.0,1
4781.01,7,942,0,1,0,3191.0,1
13149.2,4,750,0,0,0,1065.0,1
4253.99,5,1100,0,0,0,536.0,1
2179.7,5,253,0,0,1,673.0,1
2978.85,6,665,1,0,0,329.0,1
853.71,4,934,1,0,0,2471.0,1
5456.24,5,702,1,0,1,5078.0,1
7203.58,7,341,1,0,1,59.0,1
1896.77,5,535,0,0,0,2129.0,1
1863.03,8,1051,1,0,1,927.0,1
3888.89,5,317,0,0,1,812.0,1
1926.15,9,1144,0,0,1,1506.0,1
2790.2,6,157,1,0,0,616.0,1
24336.24,6,559,0,0,0,6616.0,1
2328.49,3,1318,0,0,1,2518.0,0
2083.2,6,849,0,0,0,1118.0,0
1560.03,7,1096,0,1,0,1475.0,1
6274.14,6,1338,0,0,1,210.0,1
2486.86,2,692,0,0,0,2102.0,1
1557.17,4,1170,0,0,1,1663.0,1
11173.54,9,44,0,0,1,5477.0,1
12327.69,7,1096,0,0,0,1486.0,1
1635.29,1,180,0,0,0,31.0,1
461.03,3,344,1,0,0,2273.0,1
8164.2,5,45,0,0,0,347.0,1
1503.23,5,932,0,0,0,1613.0,0
6572.34,7,840,0,0,1,1636.0,1
415.67,5,1220,0,0,0,4491.0,1
7277.9,8,814,0,0,0,1288.0,1
887.87,7,600,0,0,0,2492.0,1
6190.46,12,305,0,0,1,197.0,1
3023.81,5,1154,1,0,0,8341.0,0
1148.33,5,588,0,0,1,941.0,1
1984.19,8,1228,1,0,2,3550.0,1
5921.34,6,986,0,0,1,2652.0,1
3313.94,4,1368,0,0,0,532.0,1
5347.65,6,959,1,0,0,3338.0,1
21513.6,6,938,0,0,1,583.0,1
623.76,5,315,0,0,1,4620.0,1
15021.12,3,1049,1,0,0,106.0,1
3308.85,7,1424,1,0,1,1863.0,1
1213.44,7,1473,0,0,2,836.0,1
788.15,4,254,0,0,0,1210.0,1
2467.3,7,1440,0,0,1,1009.0,1
7492.44,6,432,0,0,1,2839.0,1
2623.99,8,765,0,0,0,7440.0,1
13509.59,5,1256,0,0,1,273.0,1
698.42,4,499,0,0,0,1299.0,1
2945.14,8,120,0,0,0,2933.0,0
852.02,6,674,0,0,2,2327.0,1
4288.24,9,980,0,0,0,1311.0,1
7236.46,5,604,0,0,0,847.0,1
1957.14,6,1076,0,0,0,1549.0,0
220.48,6,1120,1,0,1,872.0,1
3637.12,5,1397,0,0,1,1925.0,1
4613.48,8,1208,0,0,0,3391.0,1
4466.21,7,302,0,0,0,1759.0,1
10257.68,5,1063,0,0,1,241.0,1
1021.42,9,551,0,0,1,1579.0,1
5885.32,8,953,1,0,0,1107.0,1
9823.25,7,677,0,0,0,4858.0,1
503.41,4,858,0,0,0,1596.0,1
4103.73,5,1243,0,0,1,2426.0,1
1800.5,7,191,0,0,0,1728.0,1
2747.58,5,1273,0,0,1,10630.0,1
4220.36,3,411,0,0,1,2969.0,1
1831.28,6,557,0,0,2,2801.0,1
1516.7,3,399,0,0,1,1152.0,1
3084.52,8,880,0,0,5,4122.0,1
1005.01,4,86,0,0,3,1608.0,1
1006.44,7,1323,0,0,0,1393.0,1
5880.36,3,663,0,0,0,1628.0,1
945.02,5,712,0,0,0,2515.0,1
5804.06,6,885,0,0,0,25.0,1
4734.31,5,1400,1,0,1,1577.0,1
530.7,7,1086,0,0,0,3497.0,1
1513.89,6,767,0,0,0,825.0,1
9839.0,4,867,0,0,0,393.0,1
1117.48,5,694,0,0,0,224.0,0
1873.56,12,233,0,0,0,1548.0,1
4731.8,7,1358,0,0,1,802.0,1
6524.96,12,130,0,0,0,2556.0,1
2318.0,5,249,0,0,0,3124.0,1
1640.06,6,1027,0,0,0,4105.0,0
12361.84,6,834,0,1,0,16.0,1
16964.86,3,301,0,0,1,3026.0,1
7933.57,4,1422,0,0,1,1751.0,1
3246.45,8,775,1,0,0,698.0,1
1328.41,7,1027,0,0,0,734.0,0
1299.27,4,1460,0,0,1,1487.0,0
5026.68,10,1431,0,1,0,9.0,1
4529.64,11,397,0,0,1,726.0,1
12107.72,9,573,0,0,0,4115.0,1
5712.72,4,428,0,0,0,1891.0,1
663.1,9,1034,0,0,0,305.0,0
8535.14,4,739,0,0,1,3218.0,1
1098.76,4,1441,0,0,0,2347.0,0
2030.48,8,920,0,0,0,121.0,1
3828.39,3,781,0,0,0,5998.0,0
21931.24,6,738,0,0,0,3114.0,1
66830.75,7,1269,0,0,0,277.0,1
5468.3,8,19,0,0,0,3706.0,1
2481.96,6,724,0,0,0,4681.0,0
5087.32,9,1086,0,0,0,1282.0,1
7242.02,3,707,1,0,0,615.0,1
2163.18,4,943,0,0,1,1493.0,1
17947.59,5,1427,0,0,0,2122.0,1
3752.1,6,42,1,0,0,529.0,1
4903.69,4,1243,0,0,0,594.0,1
5801.8,7,267,0,0,1,2646.0,1
4544.11,6,239,0,0,0,1994.0,1
6897.68,5,1320,0,0,0,787.0,1
1608.0,8,1489,0,0,2,833.0,1
1705.64,7,370,0,0,1,2372.0,1
992.12,6,713,0,0,0,761.0,1
4626.25,3,423,1,0,1,665.0,1
6495.97,6,1367,0,0,0,2621.0,1
4711.55,5,904,0,0,0,971.0,1
15906.65,9,674,0,0,0,2820.0,1
2964.32,7,938,0,0,2,2916.0,1
5818.17,5,763,0,0,0,5573.0,1
1000.54,7,721,0,0,0,1830.0,0
2024.14,12,688,0,1,1,2201.0,1
5976.19,4,1126,1,1,2,1004.0,1
6968.13,3,1311,0,0,1,1696.0,1
2221.71,3,47,0,0,1,417.0,1
2774.99,6,48,0,1,0,1927.0,1
653.36,9,387,0,0,0,4334.0,0
2085.93,12,1325,1,0,0,360.0,0
7261.8,3,1202,0,0,1,1356.0,1
5298.64,8,1315,0,0,0,471.0,1
4918.04,5,36,0,0,1,154.0,1
3133.09,5,410,0,0,1,158.0,1
3002.09,3,127,0,0,0,448.0,1
1540.22,4,564,0,0,0,754.0,1
5995.88,8,1304,0,0,0,448.0,1
4541.32,7,1286,0,0,0,2803.0,0
4875.7,5,1332,0,0,0,137.0,1
1761.58,6,28,1,0,0,78.0,1
346.08,4,45,0,0,0,361.0,1
8929.83,4,590,0,0,1,473.0,1
1846.71,4,1493,0,0,1,1969.0,1
1257.93,7,651,1,0,0,9.0,1
5963.89,5,1273,1,0,0,4416.0,1
2014.22,5,162,0,0,2,600.0,1
8603.6,2,803,1,0,1,196.0,1
5524.82,6,628,0,0,1,5515.0,1
5905.09,2,1479,0,0,0,4214.0,0
760.55,1,245,0,0,1,161.0,1
10016.05,6,791,0,0,2,1054.0,1
3870.93,7,129,0,0,0,1795.0,1
2060.54,3,672,0,0,0,2770.0,0
3440.56,7,98,0,0,0,7238.0,0
504.6,4,694,1,0,2,2559.0,1
4485.71,5,1138,0,0,3,1411.0,1
1064.89,7,1358,0,0,0,63.0,1
770.72,4,709,0,0,0,413.0,0
650.43,5,216,0,0,1,3654.0,0
9069.64,9,1429,0,0,0,902.0,1
1588.8,7,834,0,0,1,194.0,1
13818.0,3,1407,0,0,1,2864.0,1
1744.46,5,458,0,0,1,233.0,1
540.58,6,141,0,1,0,600.0,1
976.01,6,735,0,0,0,53.0,0
10257.98,2,920,0,0,1,635.0,1
2550.65,5,1400,0,0,0,3065.0,1
1722.81,4,1057,0,0,0,1056.0,1
3498.25,12,1289,0,0,0,421.0,1
4923.54,5,991,0,0,1,1176.0,1
9112.47,7,187,0,0,0,6.0,1
12689.11,4,1145,0,0,0,2172.0,1
2080.23,5,88,1,0,0,10.0,1
791.52,2,939,0,1,0,679.0,1
1971.47,6,551,0,0,0,363.0,1
3867.18,2,822,0,0,2,5227.0,1
1137.11,7,1397,0,0,0,240.0,1
1144.64,7,150,0,0,0,1703.0,1
4203.98,3,1377,0,0,0,840.0,1
2839.4,6,470,1,0,1,2301.0,1
3080.35,6,464,0,0,0,737.0,1
1396.19,2,1379,0,0,2,200.0,0
2367.52,3,345,0,0,1,75.0,1
1182.95,1,613,0,0,0,8372.0,0
7260.46,8,1393,0,0,0,5949.0,1
8393.81,3,1147,0,1,0,436.0,1
470.51,9,1461,0,0,0,167.0,1
1176.72,5,1290,0,0,0,1684.0,1
667.45,9,402,0,0,1,2112.0,1
1556.16,12,109,0,0,0,2387.0,1
2742.33,11,1338,0,0,0,4391.0,1
699.49,7,772,0,0,2,527.0,1
1185.76,5,68,1,0,0,451.0,1
1092.3,8,79,0,0,0,139.0,1
3667.51,7,767,1,1,0,293.0,1
3195.01,5,644,0,0,0,1887.0,1
1448.47,7,1037,0,0,0,1199.0,1
3557.53,4,178,0,1,0,2274.0,1
1725.58,6,1077,1,0,0,1752.0,1
2271.84,5,56,0,0,0,2207.0,1
15890.11,3,1349,0,0,1,1362.0,1
11389.66,11,55,0,0,0,5331.0,1
812.75,6,801,0,0,0,2020.0,1
6834.46,11,966,0,0,1,2203.0,1
6710.28,5,418,0,0,0,3865.0,0
945.52,5,581,0,0,0,1692.0,1
6760.0,6,570,0,0,0,466.0,1
13876.22,6,804,0,0,1,999.0,1
970.15,11,781,0,0,1,2325.0,1
1190.94,7,860,0,0,0,4691.0,1
8247.47,7,135,0,1,0,1177.0,1
3910.79,11,57,1,0,1,456.0,1
5174.39,10,794,0,0,0,680.0,1
4190.56,7,1335,0,0,0,1001.0,1
4405.88,3,696,0,0,0,2360.0,0
791.18,4,154,0,0,0,201.0,0
8495.72,7,628,1,0,1,88.0,1
9600.69,10,433,1,0,0,10951.0,1
2369.91,5,589,0,0,0,778.0,1
2854.13,5,987,0,0,0,530.0,1
644.77,10,1474,0,0,2,1784.0,1
4985.33,6,272,0,0,1,4823.0,1
5281.99,6,1011,1,0,1,1043.0,1
2801.22,12,608,1,0,1,2997.0,1
9176.06,4,983,0,0,0,579.0,1
2134.36,6,1276,0,1,1,1378.0,1
5242.77,7,1097,0,0,0,1438.0,1
1075.28,6,306,0,0,1,483.0,1
2911.57,7,810,0,0,1,1529.0,1
2504.0,4,1005,1,0,0,1546.0,1
3734.27,6,650,0,0,1,1556.0,1
2060.02,3,1008,0,0,0,924.0,1
2613.71,4,56,0,0,0,1815.0,1
6809.32,3,1227,0,0,0,749.0,1
1926.07,5,220,1,0,0,894.0,1
597.9,4,702,1,0,0,76.0,1
17147.09,5,1164,0,0,1,5622.0,1
11866.26,4,981,0,0,1,2277.0,1
818.72,6,813,1,0,1,2420.0,1
5941.45,7,994,0,0,0,2780.0,1
1802.67,8,738,0,0,0,2278.0,0
3879.6,5,1458,0,0,0,3642.0,1
4000.7,7,963,0,0,0,42.0,1
2358.05,7,1414,0,0,1,199.0,1
1361.35,8,1345,0,0,0,980.0,1
1494.37,10,489,0,0,1,3562.0,1
1192.5,4,524,0,0,0,615.0,1
1297.48,5,999,0,0,1,2476.0,1
2787.28,4,1278,0,0,1,563.0,1
1457.15,3,1108,0,0,0,11911.0,0
5896.13,4,164,1,0,0,3311.0,1
13190.42,6,432,0,0,1,1114.0,1
1668.94,6,943,0,1,1,3930.0,1
3787.28,5,509,0,1,1,1673.0,1
4913.22,6,690,0,0,0,251.0,1
4779.07,8,947,0,0,0,1934.0,1
3216.2,9,173,0,0,1,1308.0,1
6264.68,6,1172,0,0,0,407.0,1
4828.3,6,750,1,0,0,152.0,1
864.66,7,1352,0,0,2,3873.0,1
7109.28,2,1163,0,0,0,873.0,1
7239.38,7,1464,0,0,0,3896.0,0
1389.52,7,542,1,0,0,2456.0,1
3096.22,5,60,0,0,0,55.0,1
5903.67,3,937,0,0,1,3029.0,1
2417.98,6,1204,0,0,0,474.0,1
8716.54,8,20,0,0,0,975.0,1
31693.68,8,110,0,0,0,792.0,1
1358.33,8,1310,0,0,0,25.0,1
749.16,3,1325,0,0,1,3472.0,1
4039.27,3,1228,0,0,1,2200.0,1
6133.76,3,268,0,0,1,1135.0,1
2366.42,4,1396,0,1,1,885.0,1
12749.67,4,807,0,1,0,5753.0,1
781.64,7,1090,0,1,2,3744.0,1
5960.55,12,1239,0,0,0,7570.0,1
1626.42,4,890,0,1,0,701.0,1
16636.89,7,971,0,0,0,1799.0,1
21862.22,2,688,0,1,1,641.0,1
1384.84,12,1293,0,0,0,114.0,1
1720.62,6,830,0,1,0,3356.0,0
7041.58,5,530,0,0,0,1023.0,1
2024.08,9,147,0,0,1,3738.0,1
2848.62,9,1179,1,1,0,1049.0,1
3057.61,8,907,0,1,0,84.0,1
437.17,3,501,0,0,0,88.0,1
2939.99,7,1054,1,0,1,2137.0,1
1495.58,7,641,1,0,1,2348.0,1
1820.52,3,461,0,0,1,7540.0,1
12627.5,11,1467,0,0,0,1004.0,1
848.52,9,1160,0,0,1,3025.0,0
6722.43,5,575,1,0,0,634.0,1
2255.3,6,148,0,0,3,497.0,1
2253.5,5,846,0,1,1,51.0,1
6570.68,7,848,0,0,0,1367.0,1
4188.3,9,1171,0,1,0,494.0,1
5274.36,6,892,0,0,0,1648.0,1
7849.34,6,1318,0,0,1,710.0,1
2140.28,4,1481,1,0,1,2320.0,1
1616.09,5,1330,0,0,0,1873.0,1
1007.12,7,1414,1,0,1,5056.0,1
1305.82,4,26,0,0,1,1184.0,1
56902.49,9,689,1,0,0,538.0,1
10349.36,10,1124,0,1,1,1031.0,1
771.95,4,532,1,1,0,5496.0,1
794.36,3,1385,1,0,0,1654.0,1
4826.45,11,623,0,0,0,1729.0,1
5152.64,3,1128,0,0,0,5478.0,0
5160.99,7,1435,0,0,0,6398.0,1
2310.1,11,640,0,0,1,5042.0,1
2629.49,3,1045,0,0,0,1321.0,1
4137.63,7,1227,0,1,0,2273.0,1
3248.32,7,467,0,0,0,831.0,1
323.99,7,1018,0,1,1,4603.0,0
2368.95,5,901,0,0,1,3865.0,0
1272.32,5,90,0,0,0,2160.0,0
3551.81,5,71,0,0,1,287.0,1
58998.01,8,752,0,0,0,798.0,1
4304.78,8,600,0,0,0,4887.0,1
2178.67,5,368,0,0,0,2972.0,1
7493.58,7,152,0,0,0,245.0,1
4830.42,7,738,0,0,1,5696.0,1
4537.33,6,1063,0,0,2,213.0,1
5469.0,6,84,0,0,1,28.0,1
23307.81,5,1229,0,0,0,1142.0,1
962.09,4,569,1,0,0,4270.0,0
4786.87,5,316,1,0,0,247.0,1
1180.41,6,821,0,0,1,98.0,1
5195.32,6,869,1,0,1,2818.0,1
1189.53,3,1175,0,0,1,1163.0,1
1963.79,8,1101,0,0,0,15350.0,0
2219.22,7,422,1,0,1,237.0,1
7909.48,6,314,0,0,0,88.0,1
7468.54,5,887,0,0,0,611.0,1
857.72,8,1188,0,0,1,196.0,1
3149.3,5,953,0,1,0,139.0,1
1466.19,9,1193,0,0,0,10173.0,0
846.83,6,1413,0,0,0,4276.0,0
2399.42,8,587,0,0,0,1350.0,1
2189.69,7,512,0,0,0,66.0,0
33749.35,2,144,0,0,0,3368.0,1
4596.08,6,332,0,0,0,825.0,1
751.73,7,1183,0,0,0,2346.0,0
1694.64,6,200,0,1,0,2442.0,1
8278.22,6,908,0,0,0,3852.0,1
24063.29,3,1293,0,1,0,12274.0,1
610.34,4,151,0,0,2,4387.0,0
454.9,8,1285,0,0,2,2652.0,1
19360.02,4,968,0,0,1,760.0,1
4401.12,3,1283,0,1,1,4122.0,0
1251.01,7,639,0,0,0,620.0,0
5087.94,6,1003,0,0,0,1885.0,1
213.63,6,1477,0,0,0,7825.0,0
2991.04,8,810,0,0,0,4139.0,0
4137.39,6,1322,0,0,1,1471.0,1
7512.1,8,281,0,1,0,226.0,1
1081.5,5,608,0,0,0,2791.0,1
3247.65,6,592,0,0,1,1504.0,1
1181.54,7,1099,0,0,0,1569.0,1
3848.29,5,664,0,0,1,1406.0,1
1217.62,4,617,0,0,3,720.0,1
1982.07,6,600,0,0,0,224.0,1
1101.23,5,126,0,1,0,604.0,0
5716.64,5,438,0,1,0,2892.0,1
7033.58,6,1447,0,0,0,135.0,1
2357.55,4,1340,0,0,0,1935.0,0
3097.15,7,381,0,0,1,689.0,1
700.23,7,46,0,0,0,699.0,1
2209.06,5,445,0,0,1,1332.0,1
2834.99,7,1454,0,1,0,904.0,1
40978.1,6,918,0,0,0,3187.0,1
980.47,10,338,0,1,0,3755.0,1
12889.62,7,465,0,0,0,2931.0,1
8077.67,5,577,0,0,1,4460.0,1
3946.71,3,1111,1,1,0,1331.0,1
17302.75,4,776,0,0,0,746.0,1
4324.73,5,353,1,0,3,534.0,1
4399.12,1,268,0,0,0,3122.0,1
2826.74,4,222,1,0,3,571.0,1
10133.16,7,1383,0,0,0,2139.0,1
8923.73,9,235,0,0,1,774.0,1
1594.51,9,77,0,0,0,1355.0,1
796.92,9,1468,0,0,0,3419.0,0
2433.34,6,1429,0,0,0,323.0,1
1339.38,6,1149,0,1,0,657.0,1
2797.48,11,511,0,0,0,140.0,1
10274.68,2,631,0,0,1,804.0,1
1886.91,9,796,0,0,0,2153.0,1
2856.0,2,967,0,0,2,1464.0,1
3159.04,6,210,0,1,1,754.0,1
6963.45,7,509,0,0,1,1036.0,1
315.17,4,170,0,0,0,469.0,0
1625.06,6,1019,1,0,1,1821.0,1
3682.27,6,801,0,0,0,321.0,0
9897.91,3,302,1,0,0,587.0,1
1822.74,12,832,0,0,1,2270.0,1
456.44,4,407,0,0,0,681.0,1
5539.79,5,1461,0,0,0,2461.0,1
1579.14,2,577,0,0,0,260.0,1
907.17,5,423,0,0,0,2209.0,0
1596.64,9,192,0,0,1,1152.0,1
2478.66,10,403,0,0,0,1291.0,1
1628.24,5,1028,0,0,0,1133.0,1
328.47,6,7,0,0,0,544.0,1
7310.49,8,1437,0,1,2,1853.0,1
10666.63,8,624,0,0,1,684.0,1
5718.84,9,843,0,1,0,1065.0,1
955.58,7,605,1,1,0,594.0,1
2436.96,6,1277,0,0,2,861.0,1
2961.58,9,776,0,0,0,5.0,1
5425.12,7,1325,0,1,0,1256.0,1
5815.84,11,457,0,0,3,1285.0,1
1430.57,10,261,0,0,0,1338.0,1
3235.68,6,575,0,0,0,1186.0,1
4709.23,5,1354,1,0,0,999.0,1
12782.37,3,1195,0,0,0,1968.0,1
6030.03,1,600,0,0,1,405.0,1
6562.04,8,1169,1,0,0,1539.0,1
3241.61,7,239,0,0,0,4149.0,1
12215.48,7,843,0,0,0,229.0,1
4490.7,8,546,0,1,0,297.0,1
1260.06,14,856,0,0,0,3621.0,1
12129.19,6,249,0,0,1,4267.0,1
5990.34,4,1452,0,0,0,2641.0,1
1914.01,6,408,0,0,0,131.0,1
1845.5,8,1154,0,0,1,197.0,1
4010.12,3,904,0,0,0,3732.0,1
4737.12,3,799,0,0,0,10962.0,0
3631.1,5,1135,0,0,0,3224.0,1
4069.64,4,300,0,0,1,5032.0,1
16316.91,4,931,0,0,0,4582.0,1
8704.05,5,768,0,0,1,573.0,1
3607.01,6,4,0,1,0,1021.0,1
7641.2,10,716,0,0,0,3495.0,1
1061.54,8,1143,0,0,1,962.0,1
4437.86,3,1383,0,0,0,680.0,1
18202.36,3,80,0,0,0,146.0,1
2396.95,6,22,0,0,0,614.0,1
1277.12,11,209,0,0,2,7445.0,1
1552.95,2,985,0,1,0,4770.0,1
1002.62,5,186,0,0,2,3329.0,1
1360.0,7,1311,0,0,0,2563.0,1
2058.0,5,1266,0,0,0,565.0,1
731.01,4,325,0,0,2,539.0,0
3027.88,10,734,0,0,0,1238.0,1
7348.69,10,182,0,0,1,1493.0,1
1202.6,4,758,0,0,0,930.0,1
13619.85,3,254,0,0,0,1478.0,1
4968.1,9,1243,0,0,0,1174.0,1
8354.71,9,430,0,1,2,1728.0,1
1544.05,3,398,0,0,0,1347.0,1
7006.02,7,1006,0,0,0,441.0,1
1000.31,8,977,0,0,1,1351.0,1
7260.82,1,132,0,0,1,1354.0,1
3539.85,8,490,0,0,2,116.0,1
5183.58,3,1220,1,0,2,545.0,1
920.03,2,579,0,0,0,1647.0,1
1217.96,6,1287,0,1,0,980.0,1
5416.63,5,884,0,0,0,2918.0,1
1154.76,6,295,0,0,1,115.0,1
4737.22,4,292,1,0,1,245.0,1
759.65,12,1075,0,0,0,7267.0,0
6961.67,10,1316,0,0,1,1783.0,1
869.12,7,111,0,0,1,1676.0,1
5178.65,5,1018,0,0,0,2622.0,1
5572.68,6,500,0,0,0,702.0,1
1485.09,8,1312,0,1,0,1927.0,1
5334.91,7,748,0,0,0,1091.0,1
3867.8,8,1230,0,0,0,808.0,1
1739.16,6,420,0,0,0,337.0,1
1087.29,8,1382,0,1,0,157.0,1
418.79,3,128,0,0,0,28.0,1
4228.7,5,1327,0,1,1,647.0,1
623.41,3,316,1,0,0,31.0,1
3279.17,8,512,0,0,1,576.0,1
2290.56,10,390,0,0,0,1767.0,1
5879.0,5,935,1,0,0,301.0,1
2203.84,10,116,0,0,0,1080.0,1
2144.27,6,1214,0,0,1,287.0,1
6197.31,5,1387,1,0,2,809.0,1
4167.44,3,505,0,0,0,3633.0,1
4089.41,8,1201,1,0,1,2098.0,1
4766.02,4,1036,0,0,1,2416.0,1
641.9,8,584,0,0,0,1163.0,0
6353.68,4,371,0,0,0,4375.0,1
5499.81,7,1222,0,0,0,288.0,1
1078.49,4,773,0,0,0,230.0,0
2335.36,3,109,0,0,0,688.0,0
2866.06,8,1111,0,0,1,187.0,1
2605.82,7,89,0,0,0,646.0,1
4162.45,5,1325,0,0,0,1506.0,1
12473.56,6,709,0,0,2,933.0,1
8793.49,6,382,0,0,0,1034.0,1
802.54,4,114,0,0,1,317.0,1
5552.87,5,291,0,0,0,1061.0,1
11259.12,4,1273,0,0,1,4570.0,1
4388.79,4,1152,0,0,0,117.0,1
8874.88,7,1170,0,0,0,2062.0,1
22298.41,10,1205,0,0,0,1810.0,1
8297.5,7,102,0,0,1,2946.0,1
3824.98,7,673,0,0,1,1663.0,1
8476.8,10,772,0,0,2,912.0,1
3445.72,5,724,0,0,0,2825.0,1
3053.07,5,1431,0,0,0,801.0,1
2097.68,9,306,0,0,1,524.0,1
14234.35,6,961,1,0,0,1402.0,1
1314.97,8,1319,0,0,1,5249.0,0
13799.23,8,939,0,0,1,1435.0,1
4914.1,6,32,0,0,1,9463.0,1
735.61,9,240,0,0,1,2945.0,1
4305.5,8,115,0,1,0,3551.0,1
365.03,6,860,0,0,0,2272.0,1
5571.99,6,1112,0,0,0,792.0,1
7224.49,7,525,0,0,0,1191.0,1
1648.54,4,1377,0,0,0,2240.0,1
3372.97,7,12,0,0,0,636.0,1
21039.51,3,1441,0,0,0,3469.0,1
1797.68,2,637,0,0,0,1206.0,1
1033.9,5,1166,0,0,0,2043.0,0
13116.99,5,1037,0,0,0,1233.0,1
21217.62,8,61,0,0,1,6069.0,1
2992.0,7,319,0,0,0,1037.0,1
8196.5,5,1371,0,0,0,985.0,1
11401.22,4,1256,0,0,0,1801.0,1
1418.73,4,185,0,0,1,228.0,0
1834.81,6,1391,0,0,0,2243.0,1
10207.46,11,1296,0,0,0,88.0,1
16074.9,6,39,0,0,0,4719.0,1
5233.74,7,784,0,0,3,1374.0,1
1236.68,11,479,0,0,0,624.0,1
21743.3,5,218,0,0,0,538.0,1
1752.9,14,23,0,0,0,2364.0,1
2132.1,6,632,0,0,0,160.0,1
4197.89,1,1402,0,0,2,4715.0,1
14103.25,8,376,0,1,1,1270.0,1
7002.17,4,1136,1,0,3,2071.0,1
4513.67,3,954,0,0,0,140.0,1
4737.61,2,1337,0,0,0,505.0,1
3113.54,3,166,0,0,0,9.0,1
5208.98,9,971,0,0,2,370.0,1
237.56,3,910,0,1,0,1452.0,1
2215.85,12,208,0,0,0,1244.0,1
3794.55,3,1072,0,0,1,2727.0,1
942.92,3,553,0,0,1,1849.0,1
4386.66,5,1203,0,0,2,2294.0,1
2429.71,6,37,0,0,0,508.0,1
17248.42,8,1173,0,1,1,1288.0,1
14371.75,12,392,0,0,3,4482.0,1
1870.94,5,206,0,0,1,1212.0,1
2563.59,1,137,0,0,0,445.0,1
2768.48,4,396,0,0,0,1600.0,1
1897.59,6,789,0,0,0,291.0,0
3622.88,6,1198,1,1,2,1997.0,1
1396.49,5,1250,0,0,0,1093.0,0
962.36,4,1278,0,0,0,705.0,1
5556.43,2,118,0,0,0,492.0,1
5594.45,9,836,0,0,0,1791.0,1
1333.66,9,153,0,0,0,930.0,0
7298.0,8,1448,0,0,0,3282.0,1
1585.13,5,1184,0,0,0,108.0,1
3839.76,6,1086,1,0,0,848.0,1
6770.59,8,29,0,0,0,185.0,1
2882.43,5,982,0,0,0,3372.0,1
4697.29,4,98,0,0,0,719.0,1
1778.58,8,1043,0,0,1,1583.0,1
2449.24,5,178,0,0,0,1704.0,0
2426.34,7,1350,0,0,0,3091.0,1
1412.93,6,660,0,0,1,6538.0,1
2497.95,4,976,0,0,0,603.0,1
633.58,4,609,0,0,1,1110.0,1
1824.11,5,342,0,0,0,1413.0,1
2242.0,4,290,0,1,0,467.0,1
2307.27,4,1007,0,0,0,330.0,1
2341.4,5,851,0,0,0,16.0,1
2802.41,3,632,0,0,2,97.0,1
4814.76,8,745,0,0,0,2558.0,1
7147.49,3,169,0,0,0,2291.0,1
1556.56,5,1317,0,0,0,48.0,1
894.98,2,68,0,0,0,1154.0,1
1051.48,10,1356,0,0,0,268.0,1
1831.33,2,1075,1,0,0,430.0,1
2096.61,12,1083,0,1,2,4442.0,1
1380.23,4,959,0,0,1,1972.0,1
815.57,7,1196,0,0,0,756.0,0
1889.14,14,888,0,0,1,5351.0,1
3573.95,4,478,0,0,1,4881.0,1
5404.73,6,93,1,0,0,935.0,1
1707.14,7,685,1,0,0,560.0,1
1972.39,5,180,0,0,0,5267.0,0
1180.04,10,529,0,0,0,3362.0,1
2888.7,5,547,0,0,0,956.0,0
1276.11,9,1037,0,0,0,809.0,1
5287.64,3,1070,0,0,0,1858.0,1
499.76,7,1028,0,0,0,3273.0,1
2080.51,11,829,1,0,0,214.0,1
4028.33,11,1217,0,0,2,1602.0,1
3582.57,7,486,0,0,1,733.0,1
44047.93,5,1067,1,1,0,779.0,1
4229.33,7,795,0,0,1,1575.0,1
1092.2,1,1113,0,0,1,5204.0,1
2709.54,5,984,1,1,0,1712.0,1
504.59,5,1474,0,0,0,1259.0,1
2750.12,3,307,0,0,1,1971.0,1
1295.88,8,1366,1,0,1,441.0,1
7445.69,3,1362,0,1,2,1638.0,1
1720.65,7,1208,0,0,1,431.0,1
2652.44,4,820,0,0,2,1251.0,1
1578.83,3,54,0,0,1,1718.0,0
16964.04,4,1168,0,1,0,979.0,1
2161.93,4,224,0,1,0,1779.0,1
18630.53,9,1347,0,0,0,3828.0,1
6728.8,6,610,0,0,0,84.0,1
4827.42,7,922,0,0,0,3468.0,1
4310.17,5,444,0,1,1,1486.0,1
4419.57,5,1324,0,0,0,2252.0,0
433.69,5,548,0,0,0,2865.0,1
2255.48,10,1033,0,0,1,298.0,1
6940.7,4,1159,0,0,1,98.0,1
2838.7,4,543,1,0,1,1375.0,1
731.29,6,929,0,1,1,1007.0,1
2828.77,8,310,0,1,1,1499.0,1
16384.74,7,1220,0,0,0,2947.0,1
10372.28,7,1350,1,0,1,941.0,1
2801.74,5,616,0,0,0,2074.0,1
7719.07,8,717,0,0,1,991.0,1
2066.25,5,1353,0,0,0,2495.0,1
542.47,5,1406,0,0,0,5118.0,0
1182.67,6,26,0,0,1,479.0,1
14226.89,7,1495,0,0,0,124.0,1
2266.53,4,1075,0,1,0,1176.0,0
2336.98,6,190,0,0,0,1002.0,1
2208.71,8,1413,0,0,0,483.0,1
20012.98,6,1162,0,0,0,2048.0,1
15153.08,8,1455,0,0,0,116.0,1
27413.21,9,1064,0,0,0,1725.0,1
2542.63,7,783,0,0,1,152.0,1
4006.3,7,403,0,0,2,4037.0,1
654.16,5,165,1,0,0,1525.0,1
13055.1,6,1228,1,0,1,1483.0,1
927.25,3,799,1,0,1,2688.0,0
3702.54,9,960,0,1,0,2463.0,0
994.95,6,341,0,0,1,28.0,0
1654.3,10,1207,0,0,0,4006.0,0
1290.44,6,1364,0,0,0,1547.0,1
1623.15,12,122,0,0,0,3255.0,1
1738.67,9,178,0,0,0,2354.0,1
1722.84,3,1324,0,1,0,58.0,1
6859.12,7,1349,0,0,0,232.0,1
987.46,4,776,0,0,0,358.0,0
3716.51,5,545,0,0,1,776.0,1
10076.48,6,987,0,0,0,990.0,1
1784.34,4,30,0,1,0,2378.0,0
1454.01,8,488,0,1,0,834.0,1
2367.23,6,507,0,0,1,3187.0,1
9698.49,4,122,0,0,0,1193.0,1
3619.56,5,884,1,0,0,768.0,1
1752.48,8,394,0,0,0,3002.0,1
4836.16,7,1192,0,0,2,285.0,1
990.0,3,1293,0,0,0,1611.0,0
5892.05,7,957,0,0,1,49.0,1
4485.51,4,683,0,0,0,2458.0,1
2191.17,7,1079,0,0,2,1696.0,1
1288.73,8,488,0,0,2,3097.0,1
1228.22,7,1459,0,0,1,560.0,1
5088.9,5,1111,0,0,1,2751.0,1
10188.15,4,631,0,0,2,637.0,1
1576.07,7,915,0,0,1,796.0,1
4714.45,15,54,0,0,0,5127.0,1
369.8,5,1047,0,0,0,1102.0,0
1661.34,8,830,0,0,1,1331.0,1
2889.8,14,425,1,0,2,4954.0,1
1200.29,7,255,0,0,1,5332.0,1
1168.52,7,132,0,0,0,756.0,0
1528.77,5,1036,1,0,0,1110.0,1
3992.58,5,1435,0,0,1,1362.0,1
2471.72,7,14,0,0,1,664.0,1
317.91,9,1040,0,0,0,2052.0,0
357.56,7,1013,0,0,1,538.0,1
1624.79,9,1117,0,0,1,309.0,1
4711.15,3,1420,0,0,0,4852.0,1
191.04,9,437,0,0,1,21.0,1
1808.53,6,271,0,0,0,1724.0,1
1761.2,9,1,0,1,0,2131.0,1
11948.22,5,796,0,0,0,2475.0,1
2028.35,4,1376,0,0,1,1297.0,1
4372.06,4,739,0,0,0,515.0,1
3433.23,7,76,0,0,0,2930.0,0
354.05,3,700,0,0,0,158.0,1
6426.64,4,1158,0,1,0,5623.0,1
3697.44,6,703,0,1,0,678.0,1
4955.58,7,1247,0,1,1,135.0,1
151181.7,6,1019,0,0,0,194.0,1
370.88,8,122,0,0,2,8377.0,0
16725.61,9,521,0,0,0,1687.0,1
2236.24,2,1332,0,0,1,1696.0,1
3973.21,5,473,0,0,1,3125.0,1
2848.33,6,1103,0,0,0,1215.0,1
1950.35,7,128,1,0,1,521.0,0
1686.09,6,1434,1,0,3,292.0,1
4144.38,3,869,0,0,1,249.0,1
653.82,3,1009,1,0,1,2844.0,1
6314.34,6,523,0,0,0,3688.0,1
1966.1,7,1087,0,0,1,3256.0,1
962.88,0,411,1,0,0,6223.0,0
1900.72,6,39,0,0,0,3720.0,1
10479.22,8,789,1,0,3,954.0,1
1745.27,6,902,0,0,0,324.0,1
4266.09,2,1163,1,0,2,2773.0,1
1435.18,6,814,0,0,1,1274.0,1
6360.88,6,1439,0,1,1,780.0,1
5916.54,5,819,0,0,0,42.0,1
18932.0,7,648,0,0,0,2863.0,1
2500.98,8,83,0,0,0,3755.0,1
5817.67,7,218,0,0,1,1512.0,1
3288.11,2,750,1,0,0,5559.0,1
10892.96,12,1195,0,0,0,80.0,1
1452.68,4,885,0,0,0,145.0,1
6279.25,9,546,0,0,0,230.0,1
2453.58,1,559,0,0,0,820.0,1
2795.63,9,1296,0,0,0,785.0,1
3267.41,5,737,1,0,0,1734.0,1
3836.21,5,1187,0,0,0,3423.0,1
2653.86,9,778,1,0,1,183.0,1
3694.92,5,228,0,0,1,1315.0,1
14445.21,4,343,0,0,0,129.0,1
7986.04,6,823,0,0,0,236.0,1
7109.27,4,125,1,0,1,2612.0,1
1890.24,3,304,0,0,1,1446.0,1
1225.08,5,1284,0,0,1,622.0,1
7748.86,7,787,0,0,1,680.0,1
7158.44,6,1084,1,0,2,1285.0,1
12999.56,6,467,0,0,1,1006.0,1
1629.49,9,490,0,0,1,161.0,1
2369.54,7,1057,0,0,1,808.0,1
578.54,7,432,0,0,1,1525.0,0
2013.3,8,566,0,0,1,3430.0,1
8075.34,9,692,0,0,0,687.0,1
1869.65,9,421,0,0,0,471.0,1
5656.04,10,878,0,0,2,673.0,1
2463.89,3,978,0,0,0,981.0,1
4121.85,6,1160,0,0,0,1608.0,1
946.06,4,159,0,0,1,3373.0,1
3246.1,3,35,1,0,0,297.0,1
149.73,6,1022,0,0,0,2305.0,1
2472.79,2,439,0,0,0,2698.0,1
583.78,5,1177,0,0,2,1977.0,1
9956.64,4,872,0,0,0,4165.0,1
6486.04,3,367,0,0,0,3618.0,1
4753.66,9,366,0,0,0,4770.0,1
13643.33,4,1045,0,0,0,1737.0,1
1154.11,7,570,1,0,0,17.0,1
17109.06,10,923,0,0,0,3536.0,1
7571.84,3,782,1,0,0,1718.0,1
2353.0,4,1316,0,0,0,1064.0,1
9280.03,7,1070,0,0,1,2201.0,1
986.05,6,1257,0,0,1,1567.0,1
1306.99,9,664,0,0,0,628.0,1
1621.99,5,1418,0,0,0,4105.0,0
1756.4,7,1119,0,1,0,553.0,1
1036.33,7,495,0,0,0,58.0,1
10128.24,4,570,0,0,0,307.0,1
2301.11,9,1456,0,0,3,354.0,1
4240.79,8,1256,0,0,0,7912.0,1
1685.22,6,1424,0,0,1,1052.0,1
482.7,1,1248,1,0,0,1485.0,1
3905.17,4,70,1,0,2,5503.0,0
440.43,2,435,0,0,0,897.0,1
2783.23,7,1354,0,0,0,858.0,1
758.76,7,1467,0,0,0,113.0,1
21747.98,6,784,0,1,1,1498.0,1
7415.76,10,770,0,0,0,1509.0,1
3313.48,6,617,0,0,0,1867.0,1
10548.16,6,679,0,0,1,267.0,1
1278.81,3,837,0,0,1,1563.0,0
5133.17,10,222,0,1,0,31.0,1
3640.26,6,8,1,0,0,1112.0,1
3881.67,3,1117,0,0,0,1788.0,1
10639.76,8,515,0,0,1,810.0,1
6201.16,6,948,1,0,0,2993.0,1
3978.75,5,1459,0,0,1,300.0,1
569.7,3,460,0,0,2,2379.0,0
1141.33,6,1469,1,0,0,442.0,1
2636.72,2,819,0,0,0,10344.0,0
3272.71,8,808,0,0,0,1965.0,1
962.75,8,774,0,0,1,208.0,1
33245.57,5,615,0,0,1,467.0,1
13580.55,6,1073,0,0,0,3362.0,1
5443.18,3,1167,0,0,0,141.0,1
3203.62,6,1403,1,0,0,872.0,1
2410.99,4,104,0,0,0,152.0,1
1150.65,4,123,0,0,0,1511.0,1
3221.11,4,1055,0,0,0,147.0,1
3857.41,4,1190,0,0,0,2380.0,0
861.12,9,823,0,0,2,3961.0,1
4163.77,7,899,0,0,0,705.0,1
2552.28,6,432,0,0,1,538.0,1
442.39,5,739,0,0,3,2354.0,1
1260.94,2,1421,0,0,1,45.0,1
1971.19,4,507,0,0,2,340.0,0
19686.49,5,1152,0,0,1,78.0,1
5200.72,9,698,0,0,1,3355.0,1
784.09,7,1263,0,0,0,2325.0,0
4846.62,3,169,1,0,0,3876.0,1
634.41,7,250,0,0,0,309.0,1
8801.62,4,1423,0,0,1,661.0,1
1861.01,4,1434,1,0,0,143.0,1
2714.5,9,652,0,0,1,3879.0,1
11223.85,2,764,0,0,0,488.0,1
822.9,11,729,0,0,1,2253.0,1
737.22,8,659,0,0,0,301.0,1
1663.04,11,457,0,0,2,2.0,1
8420.12,8,1123,0,1,0,3442.0,1
652.4,5,429,0,1,0,5000.0,1
175.54,7,292,0,0,0,4052.0,0
1898.54,6,1056,0,0,1,314.0,1
5175.76,4,1219,0,0,0,3399.0,1
9899.72,4,1157,0,0,1,1888.0,1
1875.89,4,316,0,0,1,6266.0,0
1975.49,9,1106,0,0,0,375.0,1
9451.24,12,682,0,0,1,460.0,1
459.55,8,376,0,0,0,4243.0,0
2021.27,10,1331,1,0,1,5602.0,1
3606.25,4,1487,0,1,1,944.0,1
4671.42,6,1241,0,0,0,7192.0,1
1790.4,4,914,0,0,0,140.0,1
3085.41,8,455,1,0,0,2078.0,1
247.56,1,1302,0,0,0,2919.0,0
1543.41,10,216,0,0,0,3879.0,1
4691.51,7,35,0,0,0,804.0,1
1116.22,8,534,0,0,1,2017.0,1
3162.08,10,923,0,1,0,4332.0,0
4660.47,9,1410,0,0,0,9314.0,1
2116.36,9,715,0,0,1,4455.0,1
3534.98,8,1274,0,0,0,2437.0,1
1138.27,6,637,0,0,0,1814.0,1
2424.52,6,623,0,0,0,2452.0,1
5487.43,5,1434,0,0,0,738.0,1
3487.61,3,1415,0,0,0,2324.0,1
1658.17,3,211,0,0,1,130.0,1
3730.2,8,339,0,0,1,7704.0,1
6091.26,8,714,0,0,0,2635.0,1
383.78,4,1263,0,0,0,1798.0,0
9500.26,5,991,0,0,0,972.0,1
2129.72,5,465,0,0,2,144.0,1
4561.88,9,1354,0,1,0,744.0,1
9869.92,5,1316,0,0,1,3363.0,1
756.22,6,661,0,0,0,887.0,1
1466.39,5,913,0,0,0,5610.0,0
2233.78,6,682,0,0,1,1327.0,1
1361.37,6,940,0,0,2,3853.0,1
16897.76,7,939,0,1,2,3402.0,1
1265.51,6,1267,0,0,0,501.0,1
1710.35,6,1330,0,0,0,655.0,1
3656.97,7,790,1,0,0,404.0,1
895.92,6,862,0,0,0,311.0,1
2006.85,3,1277,0,0,0,452.0,1
4094.72,4,1458,0,1,0,2839.0,1
2136.96,4,1060,1,0,0,166.0,1
2715.18,2,1283,0,0,0,2416.0,1
1755.78,7,193,0,1,2,510.0,1
655.59,7,593,0,0,0,1251.0,1
4111.71,8,497,0,0,0,73.0,1
17239.06,6,310,0,0,0,2210.0,1
3036.32,2,1204,0,0,0,295.0,1
3734.11,5,1046,0,0,1,2885.0,1
5959.39,2,987,0,1,2,191.0,1
837.71,9,1057,0,0,0,382.0,1
16358.69,8,405,1,0,1,4603.0,1
3649.44,7,129,1,0,2,2122.0,1
15242.71,4,1156,0,0,0,176.0,1
1432.2,7,1158,1,0,3,474.0,1
18362.43,5,540,0,0,0,2000.0,1
6471.45,6,460,0,0,0,767.0,1
5182.49,2,1018,0,0,0,2817.0,1
3766.96,5,471,0,0,0,6251.0,1
2324.99,3,235,0,0,0,2072.0,1
9902.39,6,12,1,0,0,1627.0,1
3430.15,5,106,0,0,0,600.0,1
416.93,2,1200,0,0,1,3781.0,0
975.37,5,1210,1,0,0,197.0,1
2475.39,6,625,0,0,1,613.0,1
4064.31,7,289,0,0,0,1030.0,1
2816.95,4,1173,0,0,1,208.0,1
10086.68,6,887,1,0,2,388.0,1
423.65,5,105,0,0,1,1369.0,1
3441.24,8,1273,0,0,0,198.0,1
483.97,2,1338,0,0,0,848.0,0
6372.28,5,1000,0,0,0,4397.0,1
2712.27,10,1074,1,0,0,1156.0,1
4535.13,5,1376,0,0,1,1659.0,1
1256.54,6,1,0,0,0,405.0,1
10715.7,5,544,0,0,0,3332.0,1
8448.34,5,1219,0,0,1,1675.0,1
5343.01,6,97,0,0,0,5905.0,1
2618.83,12,1409,0,0,1,539.0,1
5323.35,3,536,0,0,0,1647.0,1
1470.13,8,1171,0,1,0,1595.0,1
7013.24,4,914,0,0,0,3931.0,1
15513.73,8,1120,0,0,1,2433.0,1
8695.93,5,428,0,1,0,324.0,1
1437.12,5,1414,0,0,0,3381.0,1
4278.75,10,209,0,0,0,3705.0,1
818.0,7,12,1,0,0,1373.0,1
5283.74,6,103,0,0,0,1209.0,1
4677.89,4,192,0,0,0,1467.0,1
459.52,3,66,1,0,0,93.0,1
932.82,11,1428,0,0,1,1847.0,1
2245.9,8,980,0,1,2,172.0,1
2206.45,9,1455,1,1,2,2007.0,1
889.38,7,311,0,0,0,5060.0,1
4398.32,7,1081,0,0,1,2041.0,1
3833.27,8,307,0,0,0,1158.0,1
2454.63,5,352,0,1,0,2051.0,1
1399.97,8,899,0,1,3,1971.0,1
8507.53,4,90,0,0,0,1342.0,1
15605.94,5,937,0,0,2,2859.0,1
1838.01,0,204,0,0,0,4733.0,1
1616.2,6,924,0,1,0,82.0,1
4871.75,4,1225,0,0,1,4463.0,1
2083.85,3,474,1,0,1,888.0,1
2593.08,5,1285,0,0,0,347.0,1
6245.73,4,1225,0,0,0,118.0,1
441.71,6,951,0,0,1,3016.0,0
11140.05,6,354,0,0,0,3802.0,1
3205.68,6,538,0,0,0,5567.0,1
1975.36,7,313,0,0,0,1744.0,1
2726.48,6,255,0,0,0,114.0,1
2871.04,6,446,0,0,0,930.0,1
527.84,8,99,0,0,0,350.0,1
13292.27,9,449,1,1,2,2610.0,1
3106.73,1,68,0,0,1,3916.0,0
4642.47,3,891,0,1,0,355.0,1
7719.85,4,973,0,0,0,52.0,1
1073.67,6,872,0,0,1,2183.0,0
4786.1,3,949,0,0,1,592.0,1
2280.98,4,96,0,0,0,1352.0,1
6951.9,5,667,0,0,1,4253.0,1
355.23,5,1369,0,0,0,1400.0,1
2699.73,8,1351,0,0,1,33.0,1
1631.38,9,1453,0,0,2,2232.0,1
4592.88,9,862,0,0,0,6174.0,1
4769.73,9,343,0,0,0,4188.0,1
1469.05,7,1053,0,0,0,7557.0,0
1462.39,6,1145,0,0,1,173.0,1
2668.67,9,697,0,0,0,5308.0,1
1216.04,5,1173,0,0,1,4030.0,1
6918.7,5,1307,0,0,1,466.0,1
2060.68,10,552,0,0,0,164.0,0
162.88,6,1014,0,0,0,5052.0,0
2049.15,11,415,0,0,0,521.0,1
1055.17,7,264,0,0,0,1770.0,1
583.31,8,963,0,0,0,658.0,1
864.86,10,163,0,0,1,1050.0,1
3325.61,10,331,0,0,0,1688.0,1
11255.82,5,1008,0,0,0,278.0,1
4077.28,5,1131,0,0,0,537.0,1
1625.38,14,116,1,0,2,459.0,1
4702.76,9,599,0,0,1,4309.0,1
1883.54,5,709,0,0,0,174.0,0
1488.31,5,1438,0,0,1,9526.0,1
939.77,7,933,1,0,0,1538.0,1
517.07,9,656,0,1,1,2262.0,0
2018.43,4,1294,0,0,1,2331.0,1
3491.38,7,1479,0,0,2,4452.0,1
2706.4,8,629,1,0,0,343.0,1
1966.54,7,1121,0,0,1,6328.0,0
1157.77,3,2,0,0,0,800.0,0
5476.64,5,174,0,1,0,1011.0,1
798.61,3,5,0,0,1,457.0,1
6477.1,8,557,0,0,0,693.0,1
1094.2,8,557,0,0,1,237.0,1
1404.68,3,743,1,0,2,1615.0,1
687.61,7,1021,0,0,0,6411.0,0
1805.51,8,655,0,0,0,4099.0,1
7905.49,4,380,0,0,0,1165.0,1
4992.18,8,554,0,0,0,1027.0,1
7930.11,4,386,0,0,0,1465.0,1
5024.81,4,472,0,0,2,1599.0,1
988.64,8,605,0,0,0,2346.0,0
2141.39,8,725,0,0,0,55.0,1
1366.22,3,153,0,1,1,380.0,1
11277.61,7,1430,0,0,1,81.0,1
900.74,12,339,0,0,1,2435.0,1
7285.91,6,1214,1,0,1,966.0,1
7280.49,5,653,0,0,0,25.0,1
18575.9,8,190,0,0,0,3416.0,1
1978.93,6,1408,0,0,1,430.0,1
6077.34,4,1209,0,0,1,338.0,1
29192.05,7,289,0,0,0,530.0,1
1607.38,6,1279,1,0,1,1413.0,1
642.24,8,545,0,0,0,1293.0,1
454.86,10,312,1,0,0,1711.0,1
6079.71,4,1420,0,0,0,3051.0,1
453.43,6,878,0,0,1,276.0,1
2054.28,6,727,1,0,0,1321.0,1
4616.14,2,251,0,0,2,4799.0,1
3587.37,4,1084,0,0,0,287.0,0
4561.67,8,321,0,0,2,2700.0,1
3723.02,5,1176,0,0,1,4044.0,1
10709.28,4,1093,0,0,0,88.0,1
1150.19,7,441,0,1,1,789.0,1
1514.75,2,35,0,0,1,96.0,1
1376.56,8,173,0,0,0,4462.0,1
6837.6,8,1477,0,0,1,736.0,1
7334.9,3,160,0,0,0,155.0,1
4680.8,4,874,0,0,1,160.0,1
9735.1,1,539,0,0,1,2058.0,1
917.78,5,600,0,0,1,9366.0,0
15791.45,5,515,0,0,0,1637.0,1
13673.82,6,1343,0,0,0,6.0,1
6220.6,3,380,1,0,1,632.0,1
17708.48,4,93,0,0,0,173.0,1
568.71,1,1110,0,0,1,530.0,0
1764.38,8,709,0,1,0,2444.0,1
1428.95,6,555,0,0,0,918.0,1
6133.25,2,1147,0,0,0,508.0,1
1043.0,10,1036,0,1,0,888.0,1
6358.17,6,988,0,0,0,817.0,1
11737.41,8,715,0,0,0,468.0,1
5974.18,4,1167,0,0,1,217.0,1
3959.02,5,125,0,0,0,3005.0,1
1110.01,7,294,0,0,0,1968.0,1
1278.12,7,318,0,0,0,569.0,1
10400.6,5,291,0,0,1,123.0,1
6498.65,7,1264,0,0,0,2231.0,1
2866.88,12,109,0,0,0,424.0,1
1962.73,6,272,0,0,0,1890.0,0
393.15,9,997,1,0,0,1012.0,1
1021.62,5,1248,0,0,0,661.0,1
20159.26,6,1088,0,0,0,477.0,1
828.44,6,954,1,0,0,469.0,1
3602.85,5,251,0,1,0,194.0,1
8163.63,7,592,0,1,0,5076.0,1
849.86,4,865,0,0,1,696.0,0
3585.71,3,680,1,1,1,6338.0,1
7615.31,8,1337,0,0,0,775.0,1
3018.45,8,1428,0,0,0,8842.0,1
52491.32,5,677,0,0,1,1222.0,1
561.94,4,1255,0,0,1,94.0,1
8593.22,3,893,0,0,0,796.0,1
2507.89,8,586,0,1,1,3298.0,1
6450.55,5,400,0,0,1,364.0,1
4634.61,6,56,0,0,1,1274.0,1
1432.02,7,1115,0,0,0,3460.0,1
3748.07,6,1323,0,0,0,3824.0,1
465.03,9,444,0,0,0,636.0,1
5449.33,3,562,0,0,0,7.0,0
4016.47,6,59,0,0,0,1206.0,1
5645.76,6,84,0,0,0,2814.0,1
8587.98,5,909,0,1,0,449.0,1
4305.38,5,403,0,0,0,305.0,1
3456.77,3,1132,1,0,1,915.0,1
1235.13,3,1010,0,0,0,624.0,0
1462.32,7,975,0,0,0,511.0,1
9766.71,1,806,0,0,3,3389.0,1
12535.69,9,1386,0,0,0,275.0,1
2349.34,4,977,0,0,0,135.0,1
3121.29,5,970,0,0,0,270.0,1
1206.39,5,1316,0,0,2,1227.0,1
9631.14,9,1413,0,0,0,4891.0,1
5798.86,3,563,0,0,0,284.0,1
20769.01,7,882,0,0,0,4310.0,1
1238.53,5,27,0,0,0,3917.0,1
2042.63,4,1334,0,0,0,1026.0,1
3757.26,6,924,0,0,1,5140.0,1
5690.14,5,1476,0,0,0,977.0,1
2402.66,4,839,0,0,1,442.0,1
1245.18,7,1039,0,0,2,3031.0,1
7196.91,4,1309,0,0,0,1366.0,1
6131.14,9,743,1,0,1,1378.0,1
1192.4,5,201,0,0,0,1620.0,1
11561.58,6,1217,0,0,0,36.0,1
9606.53,9,1186,0,1,0,173.0,1
3409.42,6,495,0,0,2,36.0,1
3227.93,7,1290,0,1,2,1201.0,1
5187.76,4,891,1,0,0,925.0,1
1259.28,3,617,0,0,0,6009.0,0
3071.84,6,816,0,0,0,2268.0,1
346.41,8,1094,0,1,0,2431.0,1
7161.36,4,921,0,0,1,599.0,1
625.47,4,1228,0,0,1,1852.0,1
13405.49,10,1383,0,0,0,251.0,1
2142.82,5,78,0,0,0,1173.0,1
2412.29,1,395,0,0,0,2285.0,1
1591.24,6,682,0,0,0,3129.0,1
2234.92,5,220,0,0,2,2864.0,1
12314.48,13,1077,0,0,0,255.0,1
247.69,4,723,0,0,0,849.0,1
10688.95,8,557,0,0,0,741.0,1
4179.82,9,1123,0,0,0,1389.0,0
891.57,7,1047,0,0,0,731.0,0
1017.08,5,956,0,0,1,1140.0,1
15936.91,5,1104,0,0,1,666.0,1
1158.05,1,741,0,0,1,555.0,1
940.72,2,572,0,1,0,323.0,0
9295.77,8,1045,0,0,0,807.0,1
4182.03,3,1192,0,0,0,522.0,1
1166.86,3,257,0,0,1,648.0,1
3701.99,5,229,0,0,2,746.0,1
1068.75,3,1040,0,0,0,182.0,1
8962.65,7,1313,0,0,0,281.0,1
8615.95,5,985,0,1,0,408.0,1
5074.62,2,1046,0,0,1,1514.0,1
4279.8,5,1219,0,0,0,995.0,1
17347.23,6,1483,0,0,0,32.0,1
2980.02,6,555,0,0,0,6229.0,1
914.27,5,63,0,0,0,836.0,1
4672.61,6,901,0,0,0,1093.0,1
24005.71,11,1388,0,0,0,460.0,1
1080.57,6,1318,1,0,0,883.0,1
2076.7,9,693,1,0,0,943.0,1
4520.81,8,656,0,0,1,910.0,1
2824.52,6,605,1,0,1,131.0,1
1116.21,3,1494,0,0,1,3660.0,0
9153.19,9,969,0,0,0,46.0,1
30334.49,4,394,0,0,0,1957.0,1
3626.89,12,439,0,0,0,371.0,1
1207.05,7,359,0,1,0,5839.0,0
633.36,6,340,0,0,0,585.0,0
3858.28,6,839,1,0,0,703.0,1
8990.08,1,360,0,0,0,1407.0,1
4794.23,2,824,0,0,1,1552.0,1
2973.8,5,1486,0,0,1,1421.0,1
1653.63,3,1337,1,0,2,324.0,1
1000.08,9,977,0,0,0,923.0,0
6868.85,6,1406,0,0,2,475.0,1
7433.65,9,212,0,0,0,148.0,1
635.41,4,1040,0,0,0,509.0,1
14615.52,8,1092,0,0,0,1742.0,1
5292.63,4,834,0,0,0,877.0,1
12083.48,7,1346,0,1,0,4208.0,1
778.89,7,607,0,1,0,1749.0,1
760.65,7,303,0,0,1,828.0,1
2568.38,7,200,0,0,1,5701.0,1
4928.47,14,112,0,0,1,3719.0,1
17968.24,5,328,0,0,0,1021.0,1
6039.51,5,1387,0,0,1,2775.0,1
2338.63,6,709,0,0,0,1998.0,1
1068.09,7,424,1,0,0,1174.0,1
10198.55,6,678,0,1,0,1647.0,1
1136.03,7,327,0,0,0,1501.0,0
15191.15,4,274,0,0,1,474.0,1
2243.1,9,537,0,0,3,403.0,1
14626.38,12,579,0,0,1,1879.0,1
5877.76,8,1113,0,0,1,798.0,1
2599.32,7,405,0,0,0,87.0,1
1773.31,4,95,1,0,0,2553.0,1
2119.83,4,1329,0,0,0,592.0,1
4574.79,5,1450,0,0,1,3593.0,1
3220.06,6,592,0,0,2,114.0,1
1646.14,6,308,0,0,0,1410.0,1
2525.94,6,320,0,0,0,379.0,1
3224.64,4,854,0,0,3,1001.0,1
354.7,8,1139,0,0,0,843.0,0
4713.42,6,1149,1,0,0,1123.0,1
1119.1,6,733,0,0,0,1628.0,1
940.74,5,430,0,0,0,1113.0,1
551.51,8,1067,0,0,1,1909.0,0
495.77,5,831,1,0,0,440.0,1
768.59,5,385,1,0,2,1093.0,1
1467.01,7,714,0,0,2,116.0,1
21020.62,5,1023,0,0,1,1344.0,1
1761.85,4,89,1,0,2,982.0,1
3560.83,8,60,1,1,1,1894.0,1
4449.21,4,1323,0,1,1,369.0,1
3398.42,5,584,0,0,0,558.0,1
2758.82,6,1287,0,0,1,2083.0,1
902.08,3,390,0,0,0,778.0,1
12719.96,5,428,0,0,1,4079.0,1
18164.0,8,661,1,0,1,314.0,1
554.1,4,1026,0,0,0,2191.0,1
1070.6,1,1421,0,0,0,277.0,0
2253.39,7,133,0,0,0,789.0,1
1136.22,7,630,0,0,1,248.0,1
4944.18,4,858,0,0,1,1160.0,1
1439.03,3,998,0,0,0,2101.0,1
25979.32,7,1376,1,0,0,449.0,1
9804.03,10,466,0,0,1,8790.0,1
3687.02,7,529,0,0,1,630.0,1
8324.73,7,399,0,0,3,1851.0,1
9008.29,3,1468,1,0,0,722.0,1
1696.04,7,751,0,0,1,617.0,1
1317.88,7,713,0,0,0,526.0,1
3223.24,5,494,1,1,1,1091.0,1
7056.02,4,289,0,0,2,4581.0,1
3425.7,6,1290,0,0,0,1044.0,1
615.85,4,175,1,0,1,2401.0,1
1335.65,8,363,1,0,1,967.0,1
2768.41,6,552,0,0,0,1947.0,1
2763.72,4,585,0,0,1,533.0,1
21429.89,5,1046,0,0,0,4219.0,1
745.47,6,26,0,0,0,6440.0,1
4942.32,8,1315,0,0,0,1909.0,1
13215.07,6,545,0,0,0,206.0,1
28895.75,7,522,0,0,0,264.0,1
1989.43,7,1446,0,0,0,1821.0,1
4872.83,8,915,0,0,1,66.0,1
5269.87,6,196,0,0,1,265.0,1
3624.54,7,851,0,0,0,1514.0,1
2700.4,8,1159,0,1,0,3370.0,1
4609.96,2,603,0,0,1,534.0,1
236.93,2,1440,0,0,0,1758.0,0
5896.24,9,1465,0,0,1,696.0,1
3381.85,6,310,0,0,0,1176.0,1
2386.36,5,339,0,0,1,58.0,1
23083.24,3,115,0,0,2,3317.0,1
1517.87,7,1012,0,1,1,5599.0,1
1992.06,5,1397,0,0,0,701.0,1
21841.2,5,1358,0,0,1,3291.0,1
1297.17,3,1061,0,0,2,204.0,1
1719.66,5,1330,0,0,0,5358.0,0
2573.38,6,381,1,0,1,8298.0,0
6910.07,9,905,1,0,0,33.0,1
3669.47,7,1413,0,0,0,274.0,1
818.42,5,1078,0,1,0,1371.0,1
1750.81,6,560,1,0,0,1484.0,1
1624.0,6,265,1,0,1,1592.0,1
2759.43,6,692,0,0,0,142.0,1
4563.49,3,235,0,0,0,3340.0,1
4528.77,3,30,0,0,1,3541.0,1
504.71,6,334,0,0,0,2844.0,0
8638.13,8,1212,0,0,0,2316.0,1
3837.47,2,1283,0,0,0,38.0,0
11902.84,6,152,0,0,1,3196.0,1
4648.03,5,679,0,0,1,13.0,1
8967.15,2,843,0,0,0,339.0,1
4753.07,5,1233,1,0,0,241.0,1
11455.51,7,1106,1,0,0,2272.0,1
5025.35,2,721,0,0,1,332.0,1
2702.91,5,665,0,0,1,1724.0,1
28924.22,6,1385,0,0,1,265.0,1
7252.03,11,270,0,0,1,2081.0,1
5290.9,3,469,0,0,1,4132.0,1
831.89,9,267,0,0,1,2662.0,1
821.96,3,283,0,0,0,624.0,1
3994.67,3,4,0,0,1,2309.0,1
3447.9,7,947,0,1,0,9414.0,1
1613.04,2,617,0,0,0,1996.0,1
3432.29,3,290,0,0,1,245.0,1
14597.81,8,1448,0,0,0,1485.0,1
5975.38,3,71,0,0,1,961.0,1
952.41,8,1298,0,0,2,387.0,1
2666.42,10,531,1,0,0,363.0,1
1332.79,4,1167,0,0,1,2935.0,1
2022.93,10,140,0,1,0,308.0,1
1971.17,9,803,0,0,1,5430.0,1
1848.92,4,548,0,0,0,4925.0,1
849.68,7,757,0,1,0,4003.0,0
2623.71,4,1266,0,0,0,365.0,1
1701.72,9,396,0,0,1,889.0,1
159.26,9,1168,0,0,1,1196.0,1
23224.71,7,1020,0,0,0,2197.0,1
8855.28,7,1244,0,0,1,583.0,1
2046.12,3,172,0,0,0,271.0,1
3037.59,6,743,0,0,0,1768.0,0
923.66,3,1324,0,0,0,1426.0,1
16247.96,6,932,0,0,1,1283.0,1
19876.41,10,1467,0,0,0,119.0,1
3486.64,3,1438,0,0,0,1458.0,1
8296.02,7,1040,0,0,0,447.0,1
3552.07,8,625,0,0,1,962.0,1
783.11,6,596,0,0,1,776.0,1
1974.71,11,1033,1,0,0,1509.0,1
3401.35,2,125,0,0,0,805.0,1
1892.12,6,46,1,0,0,1296.0,1
2395.5,8,901,1,0,0,3701.0,0
2720.58,2,1298,0,0,3,2771.0,1
2749.35,4,1452,0,1,0,3961.0,0
3140.88,7,1238,1,0,0,2721.0,0
1032.15,3,834,0,0,0,946.0,1
1455.32,6,634,0,0,0,1635.0,0
825.03,5,1466,0,0,0,1874.0,1
7925.3,11,1347,0,0,0,1673.0,1
362.98,5,843,0,0,2,1827.0,1
9448.3,9,586,0,0,0,1812.0,1
11924.49,10,1108,0,0,0,2056.0,1
2203.54,2,607,0,0,0,2097.0,1
220.71,3,429,1,0,0,1598.0,1
2077.02,6,432,0,0,1,538.0,1
2795.64,8,631,0,1,0,1300.0,1
1085.07,3,918,0,0,0,1164.0,1
1780.74,5,1106,1,0,1,2212.0,1
13769.28,4,1036,0,0,1,3677.0,1
5796.02,5,207,0,0,1,3700.0,1
1182.56,10,951,0,0,0,468.0,1
603.29,6,354,1,0,0,1157.0,1
2149.48,8,45,0,0,0,3713.0,1
2407.98,10,604,0,0,0,1633.0,1
4896.12,9,1471,0,0,0,2195.0,1
1745.3,9,192,0,0,0,2444.0,1
4971.61,6,684,0,0,0,141.0,1
20643.46,3,1404,0,0,1,943.0,1
6737.88,6,739,0,0,0,1248.0,1
2841.0,11,1425,0,0,0,7681.0,0
2482.07,2,998,0,0,1,3720.0,1
2086.67,8,1341,0,0,1,6208.0,0
9707.37,6,922,0,0,0,2222.0,1
1591.9,8,413,0,0,0,1185.0,1
3118.86,10,756,0,0,1,7491.0,1
3137.55,7,1113,0,0,1,1728.0,1
1804.82,3,1028,0,0,2,1421.0,0
755.62,14,923,1,0,0,9042.0,1
4117.39,2,214,0,0,0,1443.0,1
2804.54,6,152,0,0,0,396.0,1
4915.95,8,19,0,0,0,977.0,1
1748.3,5,41,0,0,0,1351.0,1
10105.36,8,495,0,0,0,3278.0,1
1240.45,3,361,0,0,2,1214.0,1
16515.26,7,141,0,0,0,1842.0,1
519.24,3,66,1,0,1,4975.0,0
4604.41,9,64,0,0,0,2691.0,1
4795.49,8,456,0,0,0,1298.0,1
1345.4,3,1164,0,0,1,912.0,1
4556.88,4,1437,0,0,0,1825.0,1
10716.27,6,214,1,0,0,7667.0,1
324.79,6,1310,0,0,2,1876.0,0
4928.28,9,585,0,0,1,406.0,1
246.34,8,709,0,0,2,394.0,1
1134.94,12,612,1,0,0,188.0,1
15201.76,8,13,0,0,1,347.0,1
1666.06,8,1154,0,0,0,4125.0,0
921.61,7,545,0,0,1,651.0,1
2445.64,5,772,0,0,3,119.0,1
23574.16,8,440,0,0,0,2122.0,1
477.38,5,586,0,0,1,80.0,1
1041.78,3,441,0,0,1,38.0,1
13325.46,4,865,0,0,0,688.0,1
19104.94,7,258,0,0,0,16.0,1
2688.04,3,125,0,0,0,1305.0,1
863.46,8,780,0,0,1,2164.0,0
24242.04,4,1168,0,0,0,417.0,1
14682.95,15,60,0,0,1,1615.0,1
5877.85,6,1251,0,0,2,1019.0,1
1322.92,10,440,0,0,0,3542.0,1
2838.33,6,841,0,0,0,1271.0,1
2539.29,4,131,1,0,0,795.0,1
4149.95,6,732,0,0,0,1325.0,1
12720.9,9,1204,0,0,1,498.0,1
7182.6,3,528,0,0,1,912.0,1
1014.98,7,723,1,0,1,1350.0,1
11807.57,6,1483,0,0,0,2246.0,1
4077.06,6,230,0,0,0,352.0,1
5925.77,1,1198,0,0,1,2612.0,1
12920.12,6,287,0,0,2,166.0,1
980.85,7,1,0,0,0,39.0,1
2876.05,7,1004,0,1,0,3394.0,1
1752.06,8,1463,0,0,1,139.0,1
621.5,10,542,0,1,1,3581.0,1
4216.29,5,975,0,1,0,6038.0,1
36737.62,11,1092,0,0,1,2145.0,1
473.39,4,1112,0,0,1,1203.0,0
2886.27,5,168,0,0,0,1400.0,1
5656.4,7,17,1,0,0,1159.0,1
3371.38,7,1014,0,0,1,823.0,1
2662.1,9,611,0,0,0,1206.0,1
813.04,3,376,0,0,0,557.0,1
3762.3,5,794,0,0,1,380.0,1
1398.61,6,803,0,0,0,698.0,1
333.65,2,463,0,0,0,5.0,0
9843.75,6,1423,1,0,0,1030.0,1
7772.8,5,411,1,0,1,81.0,1
3139.0,3,1352,0,0,0,283.0,1
3748.36,9,1269,0,0,0,902.0,1
8728.23,5,117,0,0,0,2119.0,1
3730.66,2,1480,0,0,2,1420.0,1
7361.49,8,1011,0,0,2,677.0,1
2213.92,2,1284,0,0,2,137.0,1
11069.89,2,449,0,0,2,979.0,1
4108.39,5,1305,0,0,1,4276.0,1
3619.36,3,483,0,0,1,333.0,1
837.1,6,1160,0,0,0,3567.0,0
3971.73,5,433,0,0,3,2643.0,1
1297.31,6,1425,0,0,2,1483.0,1
1574.54,8,28,1,0,1,1097.0,1
1318.99,3,892,0,1,2,1926.0,1
1026.35,10,875,0,0,1,2528.0,1
24953.55,4,67,0,0,1,2724.0,1
11286.23,4,180,0,0,0,2164.0,1
20340.46,2,713,0,0,1,822.0,1
877.52,5,975,0,0,0,45.0,1
3201.11,3,1064,0,0,0,1195.0,1
817.7,5,1098,1,0,1,279.0,1
1486.69,5,1102,0,0,1,1078.0,1
1190.2,5,887,0,0,0,1105.0,1
10296.75,3,912,1,0,0,1285.0,1
2005.74,6,15,0,0,0,5045.0,1
8676.55,10,681,1,0,0,1786.0,1
5454.09,1,858,0,0,0,72.0,0
29841.01,7,522,1,0,0,2384.0,1
678.96,3,1420,0,0,1,2104.0,1
10501.08,3,293,0,0,0,2756.0,1
9380.99,4,1294,0,0,0,849.0,1
1126.22,10,409,0,0,1,4368.0,1
8161.09,10,734,0,0,2,2051.0,1
4171.98,2,1461,0,0,0,323.0,1
2374.46,4,158,0,1,0,2135.0,1
1307.75,6,975,0,0,1,996.0,1
1452.28,6,223,0,0,1,919.0,1
23151.44,7,614,0,0,0,140.0,1
2982.99,4,892,1,1,0,2009.0,1
6516.74,6,658,0,0,0,761.0,1
1351.68,6,1406,0,0,1,1506.0,1
1366.69,8,451,0,0,0,4001.0,1
8795.41,10,5,0,0,2,831.0,1
773.11,3,1113,0,0,2,410.0,1
1968.03,3,1231,0,0,0,1427.0,1
3084.14,4,852,0,0,0,9573.0,1
3332.15,5,1065,0,0,1,1056.0,1
2492.16,4,700,0,1,0,1153.0,1
4428.52,8,86,1,0,0,34.0,1
5960.18,10,419,0,0,1,818.0,1
6214.48,7,283,0,0,0,7033.0,1
1112.31,5,1292,0,0,0,1087.0,1
2243.62,7,417,0,0,0,135.0,1
9845.43,3,152,0,0,0,2707.0,1
7292.83,6,154,0,0,0,3689.0,1
755.32,5,372,0,0,0,2193.0,0
4236.45,7,1378,0,0,0,628.0,1
412.31,7,909,0,0,1,689.0,1
3124.2,2,1300,0,0,1,1774.0,0
19885.92,8,1202,0,0,0,2253.0,1
1155.29,5,1142,0,1,0,2477.0,1
1294.24,3,674,0,0,0,3761.0,0
6399.85,7,1264,0,0,0,1845.0,1
637.27,7,286,0,0,0,1559.0,1
1583.27,6,483,0,0,0,1099.0,0
5412.36,8,656,0,0,0,3861.0,1
1580.84,9,688,0,0,1,827.0,1
2354.37,9,1417,0,0,1,624.0,1
6274.1,4,694,0,0,0,3297.0,1
4543.92,4,403,0,0,0,894.0,1
3892.54,4,1003,0,0,0,4102.0,0
2123.62,4,1186,0,0,0,2013.0,0
4315.9,14,720,0,1,0,4885.0,1
2634.02,7,600,0,0,0,263.0,1
4711.71,5,144,0,0,0,355.0,1
1813.6,5,1359,0,0,0,5348.0,1
2483.52,5,31,0,0,0,2869.0,1
1107.7,5,1204,0,0,0,1514.0,0
2878.41,9,824,0,0,1,3438.0,0
1324.78,8,812,0,0,0,2216.0,0
978.43,3,1423,1,0,0,1195.0,1
3860.92,3,450,0,0,0,2210.0,1
3687.63,8,639,0,0,1,961.0,1
6521.59,11,743,0,0,0,5548.0,1
1936.96,8,628,0,0,0,1221.0,1
4483.02,5,1494,0,0,0,253.0,1
5170.88,4,1278,0,0,1,820.0,1
4650.7,6,396,0,1,0,1699.0,1
1305.51,4,116,0,0,0,947.0,1
3461.18,4,290,1,1,0,5635.0,1
4290.42,7,238,0,0,1,5649.0,1
3002.43,0,276,0,0,0,1699.0,1
370.01,3,831,0,0,0,19.0,0
3499.9,2,78,0,0,0,1017.0,1
27242.43,1,1362,0,0,0,1855.0,1
2079.66,6,35,0,0,0,4182.0,0
1439.32,8,63,0,0,0,414.0,1
4330.11,4,688,0,0,0,161.0,1
4073.99,6,1197,0,0,0,2156.0,1
9825.49,6,727,0,0,2,517.0,1
847.37,8,31,0,0,1,3845.0,1
6194.27,4,1305,0,0,0,3612.0,1
5379.88,6,224,0,0,0,1467.0,1
2585.96,9,223,0,0,0,1200.0,1
4182.6,10,262,0,0,0,81.0,1
8345.33,7,145,1,0,1,9816.0,1
7131.77,10,1007,1,0,1,491.0,1
950.49,9,1311,0,0,1,935.0,1
6769.34,8,58,0,0,1,1729.0,1
2794.23,5,1429,0,0,1,949.0,1
3206.3,5,130,0,0,2,3064.0,1
3207.34,8,1287,1,0,0,137.0,1
2565.11,5,1371,0,0,1,2565.0,1
9815.4,3,1174,0,0,1,461.0,1
2741.56,8,4,0,1,1,1998.0,1
973.07,2,499,0,0,0,2765.0,0
2011.17,3,1325,0,0,1,3071.0,1
3564.2,9,992,0,0,0,1768.0,1
10190.54,3,99,1,1,1,2464.0,1
5448.49,4,713,0,0,0,2403.0,1
1273.42,9,92,0,0,1,29.0,1
35781.63,2,370,0,0,0,1654.0,1
3884.6,2,727,1,0,0,663.0,1
10672.13,4,1337,0,0,0,1158.0,1
2561.34,10,337,0,0,0,1870.0,1
5081.49,2,176,0,0,0,4605.0,1
6901.32,6,216,0,0,3,1977.0,1
10078.85,4,1082,0,0,1,946.0,1
8581.54,5,1409,0,1,0,888.0,1
7130.93,2,357,1,0,2,654.0,1
2175.28,4,1218,0,0,1,1758.0,1
1682.87,5,181,0,0,1,2025.0,1
4157.24,12,262,0,0,2,4673.0,1
7578.94,7,910,0,0,0,222.0,1
2385.78,9,62,0,0,1,5286.0,1
8648.77,4,1060,0,0,0,1290.0,1
12741.46,6,1480,0,0,1,2016.0,1
1192.35,7,628,0,0,1,2060.0,1
1290.88,6,1102,0,0,2,314.0,1
2590.55,7,110,0,0,0,2116.0,1
4054.62,7,987,0,1,2,421.0,1
1764.17,8,1491,0,0,0,753.0,1
11524.18,3,1243,0,0,0,3707.0,1
4555.39,10,638,0,0,0,3315.0,1
3100.9,4,643,0,0,0,2130.0,1
709.17,11,689,0,0,0,317.0,1
799.66,5,467,0,0,0,413.0,1
3948.18,8,614,0,0,2,2031.0,1
353.33,7,1499,0,0,1,591.0,1
8206.14,7,630,0,0,0,621.0,1
2544.9,9,727,0,0,0,363.0,1
76350.74,9,851,1,0,0,916.0,1
29968.92,9,313,0,0,0,237.0,1
2486.3,3,141,0,1,1,2173.0,1
2680.24,7,1274,1,0,0,8.0,1
8067.36,8,1138,0,0,0,65.0,1
16369.46,4,840,0,0,0,2836.0,1
579.39,3,1181,0,0,0,262.0,1
499.51,7,1330,0,0,1,3145.0,1
1600.33,2,562,0,0,0,33.0,1
5338.7,6,815,0,0,0,311.0,1
4899.43,6,838,0,0,0,1207.0,1
8688.64,3,56,0,0,0,928.0,1
898.12,5,145,0,0,0,1170.0,1
294.08,8,1053,0,0,0,7740.0,0
7030.51,7,56,1,0,0,1714.0,1
1302.19,9,1256,0,0,0,283.0,1
396.04,2,1076,0,0,0,358.0,1
3446.33,5,514,0,0,0,2733.0,1
6589.12,7,1313,0,0,0,704.0,1
2638.44,6,187,1,0,1,1731.0,1
1885.88,6,749,0,0,0,946.0,1
2541.83,5,679,0,0,0,161.0,1
2057.85,4,1484,0,0,1,10055.0,0
774.29,9,1183,1,0,0,962.0,1
1458.73,4,1050,0,0,1,267.0,0
5020.48,11,748,1,0,1,3158.0,1
4112.06,5,736,0,0,0,1155.0,1
3526.5,8,1329,1,0,0,238.0,1
1101.97,7,1340,0,0,0,1553.0,1
2486.17,1,241,0,1,0,2453.0,1
337.96,6,818,1,0,2,720.0,1
3563.42,7,122,0,0,0,1257.0,1
12442.31,8,1411,0,0,0,3841.0,1
682.57,7,952,0,0,0,847.0,1
1659.17,9,2,0,0,0,4780.0,0
4142.72,6,1255,0,0,0,545.0,0
10434.18,6,1016,0,0,0,1189.0,1
1904.12,7,575,0,0,2,2628.0,1
1491.82,4,1389,0,0,0,675.0,1
416.16,4,1229,0,0,0,754.0,0
3305.81,3,989,0,0,0,1933.0,0
22973.03,8,447,1,0,0,1215.0,1
3933.79,6,307,0,0,0,689.0,1
2915.28,7,70,0,1,1,1167.0,1
4113.72,8,1288,0,0,0,577.0,1
2948.08,4,794,0,0,1,789.0,1
1322.11,3,950,1,1,2,3099.0,1
6790.5,7,74,0,0,1,1407.0,1
3735.97,4,1208,0,0,0,1018.0,1
3033.93,9,1022,0,0,0,651.0,1
1123.98,5,1089,0,0,0,2515.0,1
10976.46,4,1195,0,0,0,3424.0,1
5794.72,3,448,0,0,0,544.0,1
1714.85,5,547,0,0,2,10581.0,0
8117.88,10,1220,0,0,2,1786.0,1
1812.44,0,1411,0,0,0,3837.0,0
1363.75,4,88,0,0,1,1157.0,1
1394.51,9,1335,0,0,1,2233.0,0
507.21,7,768,0,0,0,7707.0,0
4776.88,3,337,1,0,1,5195.0,1
477.64,6,1177,0,0,0,444.0,0
872.67,5,1339,0,0,0,2412.0,1
374.06,4,468,0,0,0,518.0,0
2735.12,6,551,0,0,1,6387.0,0
2564.91,6,950,0,1,0,2817.0,1
2150.17,7,307,1,0,0,3038.0,1
1050.92,6,966,0,0,0,4969.0,0
923.13,3,1223,1,0,1,2375.0,1
4742.74,9,1307,0,0,1,679.0,1
1718.91,6,133,0,0,1,1948.0,1
4090.24,4,666,0,0,0,1384.0,1
1229.98,8,874,0,1,1,2361.0,1
3572.65,3,1208,0,0,1,550.0,1
10973.93,9,407,0,0,0,1437.0,1
5357.03,6,899,1,0,1,586.0,1
1973.54,4,498,0,0,0,2328.0,1
3855.28,10,1231,0,0,2,2904.0,1
2343.35,10,245,0,0,2,353.0,1
3004.54,4,601,0,0,1,5790.0,1
2152.51,4,336,0,0,1,1427.0,1
2529.22,10,507,1,0,1,3849.0,1
3685.25,11,96,0,0,1,528.0,1
1103.94,7,1050,0,1,0,388.0,1
1079.36,10,1093,0,0,0,5364.0,1
743.57,8,1099,1,0,3,9027.0,1
601.68,5,1377,0,0,0,402.0,1
882.46,4,988,0,0,0,1487.0,0
3496.31,6,569,0,0,0,2263.0,1
1220.74,2,336,0,0,1,761.0,1
4982.14,4,428,1,0,2,948.0,1
3086.26,3,2,0,0,1,1248.0,1
416.34,3,669,1,0,1,121.0,1
5738.63,1,620,1,0,0,1577.0,1
6706.27,11,898,1,0,0,874.0,1
1103.38,6,598,0,0,0,2347.0,1
4537.77,5,587,0,0,1,482.0,1
1265.85,5,1443,0,0,0,2745.0,0
3286.8,3,864,0,0,0,154.0,0
841.77,5,997,0,0,2,653.0,1
496.16,5,879,0,0,3,1454.0,1
2032.83,4,960,0,0,1,288.0,1
2634.03,8,1157,0,0,2,447.0,1
2002.84,3,819,0,0,0,313.0,1
912.3,8,204,1,1,1,3635.0,1
1998.4,3,904,1,0,0,991.0,1
3902.2,11,125,1,1,0,2273.0,1
2850.09,7,1248,0,0,1,1599.0,1
3577.79,5,790,0,0,0,1712.0,1
1525.21,3,319,0,0,1,4955.0,1
9621.14,3,1308,1,0,0,740.0,1
919.5,8,1242,0,0,0,563.0,1
4854.01,7,557,0,0,1,1029.0,1
9719.52,10,715,0,0,0,1060.0,1
4821.83,4,1051,0,1,0,4171.0,1
2434.45,4,1131,0,1,0,3538.0,1
1757.6,14,1287,0,0,2,974.0,1
8400.85,8,1387,0,0,0,2738.0,1
718.4,8,841,0,0,0,1209.0,1
1129.89,6,1327,0,0,1,3505.0,1
2003.08,3,1328,1,0,0,304.0,1
10276.9,6,1147,0,0,0,5898.0,1
4358.0,4,1403,1,1,2,524.0,1
1132.24,7,299,0,0,1,636.0,1
2185.7,6,26,0,0,1,2.0,1
1612.72,4,1356,0,0,0,711.0,1
1465.88,9,250,0,0,0,2705.0,0
7933.82,3,50,0,0,0,1624.0,1
756.16,5,1324,1,0,0,5130.0,1
14895.0,5,744,0,0,0,3206.0,1
6824.2,8,1151,0,0,0,240.0,1
8873.83,6,291,1,0,1,3557.0,1
1876.31,4,1348,0,0,0,1240.0,1
2565.89,9,1320,0,0,1,1304.0,1
711.12,1,434,0,1,0,4531.0,1
1764.0,6,1139,0,0,0,31.0,1
4883.68,7,200,0,0,0,663.0,1
10895.04,5,1275,0,0,0,10.0,1
985.2,6,169,0,1,0,307.0,1
2068.32,6,444,1,0,1,3815.0,0
2562.4,4,415,0,0,0,1007.0,1
738.2,4,1312,0,0,2,3530.0,1
5384.87,6,1172,0,0,0,93.0,1
1445.21,3,83,0,0,1,441.0,1
2451.88,6,1199,0,0,1,3078.0,0
1897.04,6,222,0,0,0,3555.0,1
1353.79,2,627,0,0,2,1443.0,0
2960.03,9,73,1,0,0,111.0,1
2402.8,3,852,0,0,0,1686.0,0
2055.23,11,624,0,0,0,3503.0,1
1438.76,4,973,0,0,0,863.0,1
4103.21,4,188,1,0,1,258.0,1
15578.04,7,180,0,0,0,1067.0,1
3428.53,6,1182,0,0,0,1637.0,1
8071.69,8,580,0,0,0,3127.0,1
742.32,7,1006,0,0,1,4049.0,1
3490.36,6,682,0,0,1,1740.0,1
994.89,5,673,0,0,2,94.0,1
680.67,5,1043,0,1,0,3796.0,1
1423.15,5,1423,0,0,0,1699.0,0
9817.28,2,322,0,0,1,843.0,1
7708.01,5,771,0,0,0,359.0,1
3800.94,9,343,0,0,0,931.0,1
643.74,5,872,0,0,1,1271.0,1
2449.7,3,171,0,0,0,1943.0,1
4030.72,7,1374,0,0,1,729.0,1
3552.96,4,1257,0,0,2,1939.0,1
471.64,6,433,0,0,1,955.0,1
1223.76,8,1295,0,0,1,1379.0,1
2795.94,7,1138,0,0,0,3445.0,0
5096.41,7,1233,0,0,0,1262.0,1
331.58,6,1033,0,0,0,6017.0,0
2534.82,4,706,0,0,1,1310.0,1
3439.39,6,818,0,0,0,6180.0,0
6971.68,3,1461,0,0,0,540.0,1
5960.19,2,105,0,0,1,1667.0,1
5337.81,10,1373,0,0,1,78.0,1
1339.51,4,371,0,1,1,871.0,1
442.3,3,1450,0,0,0,759.0,1
2012.13,8,942,0,0,0,3017.0,1
8116.32,2,991,1,0,0,10139.0,1
12009.51,7,864,0,0,0,2902.0,1
6066.57,6,760,0,0,0,223.0,1
4579.48,9,58,0,0,1,1511.0,1
4357.44,6,257,0,0,0,875.0,1
1709.37,4,765,1,0,0,38.0,1
2617.41,6,1242,0,1,0,1504.0,1
15820.62,15,82,0,0,2,1255.0,1
1161.47,8,769,0,0,0,3174.0,1
14984.61,6,425,0,0,0,684.0,1
2160.23,6,372,0,0,1,4919.0,1
11219.76,9,1328,0,1,1,99.0,1
730.1,6,467,0,0,1,76.0,1
5355.63,7,1009,0,0,0,842.0,1
1426.86,11,859,0,0,0,530.0,1
723.96,6,170,1,0,0,2402.0,1
3709.06,6,904,0,0,0,4409.0,1
8180.2,9,1132,0,1,1,1375.0,1
1280.57,6,1136,0,0,1,259.0,1
665.8,4,224,0,0,0,1413.0,0
2719.37,5,723,0,0,1,1231.0,1
2731.39,3,158,0,0,0,308.0,1
5158.08,11,1084,0,0,0,42.0,1
7704.77,7,484,0,0,0,813.0,1
2809.0,6,528,0,0,0,8281.0,0
19062.98,7,259,0,1,0,4108.0,1
3730.27,5,854,0,0,2,6024.0,0
2108.17,3,598,1,0,0,420.0,1
594.92,2,85,0,0,1,3636.0,0
2292.37,9,990,0,0,2,1224.0,1
2129.44,9,667,0,0,1,4271.0,1
7787.73,6,578,0,0,0,469.0,1
4733.8,8,968,0,0,0,1007.0,1
916.56,3,1451,0,0,0,544.0,0
3541.32,7,1175,0,0,0,109.0,1
5834.43,4,1446,0,0,2,1053.0,1
13739.52,9,1385,0,0,0,77.0,1
7240.92,4,1444,0,0,1,2237.0,1
6379.51,12,654,0,0,0,1171.0,1
3165.56,7,1397,0,0,2,2461.0,1
4395.39,12,1408,0,0,0,1907.0,1
10399.42,4,863,0,0,0,1780.0,1
786.21,9,1199,0,0,1,5646.0,0
2101.82,9,659,0,0,0,353.0,1
1376.68,8,1310,0,0,0,3424.0,1
4355.32,1,1100,0,0,1,2515.0,1
10200.81,5,828,0,1,1,1191.0,1
1640.94,9,728,0,0,0,433.0,1
273.06,4,1066,0,0,0,502.0,1
1973.93,9,422,0,0,0,209.0,1
7431.43,15,1248,0,0,0,1161.0,1
5103.23,7,424,1,0,1,2420.0,1
4574.2,2,574,0,0,0,4197.0,1
2252.97,5,237,0,0,0,1840.0,1
829.62,2,319,0,0,0,2519.0,1
4990.51,9,1071,0,0,0,6771.0,0
1294.29,5,386,0,0,0,6200.0,1
26478.72,5,179,1,0,2,10694.0,1
5273.8,13,1248,0,0,0,1096.0,1
1667.95,6,640,0,0,1,498.0,0
1617.46,8,1026,0,0,0,3181.0,1
2716.38,3,805,0,0,0,173.0,1
2346.07,13,165,0,0,0,380.0,1
9107.32,6,441,0,0,2,947.0,1
3591.83,8,150,0,0,2,513.0,1
1434.21,6,1088,0,0,0,938.0,1
19740.76,4,219,0,0,0,491.0,1
3131.63,1,935,1,0,0,6087.0,0
6430.71,6,599,1,0,0,4537.0,1
1622.58,5,586,0,0,0,533.0,1
4286.03,5,918,0,0,0,72.0,1
4068.83,8,1469,0,0,0,986.0,1
450.5,4,956,0,0,2,767.0,1
22365.51,2,1330,0,0,0,449.0,1
10836.17,5,1469,0,0,1,3157.0,1
2003.81,5,1470,1,0,0,1189.0,1
990.03,5,384,0,0,1,3153.0,0
4219.88,4,1064,0,0,2,1698.0,1
3250.93,6,1387,0,0,0,1353.0,1
4254.23,5,1336,0,0,0,808.0,1
3610.41,3,119,0,1,1,832.0,1
4945.54,5,924,0,0,0,501.0,1
12673.97,2,803,0,0,0,807.0,1
5261.14,3,928,1,0,0,300.0,1
1043.51,6,52,0,0,1,1844.0,1
11644.19,4,1240,1,0,0,445.0,1
15376.79,6,447,0,1,0,4283.0,1
69707.05,7,745,0,0,0,1020.0,1
969.23,7,160,0,0,0,2480.0,1
3800.48,6,750,0,0,1,2499.0,1
371.63,10,436,0,0,0,457.0,0
5183.05,4,338,0,0,1,1860.0,1
1722.96,5,267,0,0,0,1725.0,0
20403.17,3,331,0,0,1,2980.0,1
1373.87,9,850,0,0,0,2152.0,1
550.49,7,1409,0,0,1,2004.0,1
1860.75,4,936,0,0,0,5279.0,0
413.44,7,1176,1,0,0,1673.0,1
6317.63,7,1065,0,0,1,1578.0,1
378.01,5,470,0,0,0,350.0,1
3067.01,2,455,0,1,0,297.0,1
373.23,6,374,0,0,1,2201.0,0
2163.98,7,1329,0,0,0,3392.0,1
15419.34,12,652,0,1,0,2841.0,1
4275.46,3,705,0,1,2,4831.0,1
1257.03,7,1475,0,0,1,291.0,0
2889.38,4,111,0,0,0,3572.0,1
3035.15,5,1004,0,0,0,1454.0,1
4782.08,7,17,0,0,0,2259.0,1
759.87,5,1158,0,0,0,636.0,0
5391.44,6,572,1,0,0,38.0,1
199.46,5,1336,0,0,0,11.0,1
1587.82,6,533,1,0,1,403.0,1
1829.37,5,843,0,0,0,564.0,1
5615.73,7,194,0,0,1,1578.0,1
3049.19,7,660,0,0,0,3502.0,1
731.02,4,1300,1,0,1,732.0,1
1113.21,5,95,0,0,0,3186.0,1
3636.15,6,1188,0,0,2,477.0,1
2754.34,5,318,1,0,0,1010.0,1
1670.5,5,905,0,0,0,178.0,1
1843.03,6,1210,1,0,0,1037.0,1
5979.95,6,49,0,0,0,2156.0,1
1776.33,8,1233,0,0,0,3105.0,1
2729.6,1,226,1,0,2,1077.0,1
26106.42,8,1205,0,1,0,488.0,1
717.89,6,1414,0,0,1,50.0,1
467.85,5,955,0,0,0,2249.0,1
6526.26,7,1201,0,0,0,670.0,1
1512.25,8,496,0,1,1,2043.0,1
2168.44,6,113,0,0,0,1851.0,0
1364.91,5,121,0,0,0,291.0,1
2298.93,6,943,0,0,0,3604.0,1
14743.21,5,1073,0,0,0,505.0,1
6648.38,8,1192,0,0,0,1844.0,1
7060.16,2,218,0,0,3,1435.0,1
723.26,5,777,0,1,2,1585.0,1
942.79,8,776,0,1,0,1088.0,1
174.32,5,1457,0,0,1,1352.0,1
1326.92,12,180,0,0,2,2563.0,1
7759.73,7,494,0,0,0,840.0,1
4998.77,7,756,0,0,0,2468.0,1
2388.66,7,1420,0,1,0,200.0,1
2915.22,7,609,1,0,0,1578.0,1
1496.84,9,1344,0,0,0,1229.0,0
3658.32,5,1399,0,0,0,2258.0,1
6411.69,8,848,0,0,0,1057.0,1
592.36,4,666,0,0,0,2097.0,1
4022.45,3,89,0,0,1,3163.0,1
7573.68,3,376,1,0,0,597.0,1
1968.25,5,349,0,0,0,901.0,1
6007.12,10,1458,0,0,0,624.0,1
49744.46,5,234,1,1,1,437.0,1
2685.59,5,860,0,0,0,1556.0,1
4417.4,7,1168,0,0,0,7613.0,1
1425.02,5,680,0,0,1,52.0,1
3573.32,6,1091,0,0,1,534.0,1
4723.34,6,800,0,0,1,8194.0,1
3622.22,9,408,0,0,1,654.0,1
1075.25,6,995,0,0,0,1.0,1
3664.19,7,675,0,0,0,8330.0,1
12864.1,4,96,0,0,0,2578.0,1
4668.7,7,1433,0,0,1,315.0,1
7800.84,5,407,0,0,1,254.0,1
2351.92,5,55,0,1,1,1399.0,1
6310.06,6,1031,0,0,0,21.0,1
3941.31,5,1285,0,0,0,2507.0,0
1151.81,8,619,0,0,0,735.0,1
4099.09,1,711,1,0,0,6572.0,1
1105.78,4,968,1,0,0,35.0,1
1583.07,8,1030,0,0,0,3710.0,0
3602.3,5,818,0,0,1,805.0,1
4012.8,9,881,1,0,0,1982.0,1
907.57,12,1276,0,0,0,12732.0,0
8552.56,6,398,0,0,2,2678.0,1
5281.72,4,1280,0,1,0,1777.0,1
1473.32,9,886,1,1,1,746.0,1
640.61,4,1095,1,0,1,1308.0,1
2578.84,10,405,0,1,0,1377.0,1
1908.47,3,1419,0,0,1,1985.0,1
3338.04,8,6,0,0,0,2924.0,1
2073.27,7,420,0,0,0,3546.0,1
400.43,8,567,0,0,0,1855.0,1
2021.62,7,1058,0,0,0,898.0,1
2195.97,7,478,0,0,1,3980.0,1
5617.61,12,713,0,0,0,1995.0,1
1482.97,5,839,0,0,1,221.0,1
15973.31,3,561,1,0,0,94.0,1
440.7,3,1117,0,0,0,241.0,0
11060.85,8,341,0,0,1,2762.0,1
2381.96,3,1178,0,0,1,5700.0,1
7041.56,3,117,0,0,0,2262.0,1
3228.59,4,1247,0,0,0,132.0,1
9316.62,5,1019,0,0,1,2000.0,1
2023.61,9,1331,0,1,0,258.0,1
993.64,6,587,0,0,0,1091.0,1
12338.8,2,352,0,0,2,353.0,1
2661.17,3,858,0,0,3,1874.0,1
3720.3,5,1343,0,0,0,1865.0,1
10247.12,7,929,0,0,0,4390.0,1
1062.14,4,60,0,0,1,421.0,0
5407.22,7,907,0,0,1,4882.0,1
1652.6,11,660,0,1,1,2744.0,1
2611.89,8,1442,1,0,0,208.0,1
3204.4,8,314,0,1,0,757.0,1
664.99,2,1220,0,0,0,3359.0,0
1368.08,6,456,0,0,2,250.0,1
11511.17,7,1018,0,0,0,336.0,1
7231.42,3,114,0,0,0,2706.0,1
2799.96,6,444,0,0,2,1271.0,1
3801.4,4,194,0,0,1,2109.0,1
2221.1,5,1046,1,1,0,1863.0,1
11574.77,7,1028,0,0,0,357.0,1
2439.74,6,42,0,0,2,6196.0,0
3758.75,6,473,1,0,0,3189.0,1
9377.14,5,564,0,1,2,531.0,1
1370.09,6,556,0,0,0,1956.0,1
14168.68,7,1278,0,1,2,17.0,1
645.19,11,882,0,1,0,17.0,1
15208.99,3,865,0,1,1,77.0,1
2053.55,6,1440,1,1,1,1237.0,1
2338.58,4,1094,0,0,0,1714.0,0
450.33,11,107,0,0,0,298.0,0
1891.65,8,257,0,1,0,1258.0,1
1053.84,6,486,0,0,1,1772.0,0
1623.52,4,1254,0,0,0,1957.0,1
2598.5,5,1138,0,0,0,3285.0,1
7768.18,6,325,0,0,3,1115.0,1
3668.74,9,360,0,0,0,6386.0,0
4054.88,5,179,0,0,0,5171.0,1
996.73,11,2,0,0,0,7543.0,0
1235.52,8,401,0,1,0,5539.0,1
18010.77,4,1169,0,0,0,1728.0,1
1429.1,5,616,0,0,0,1222.0,0
15618.45,6,1439,0,0,0,994.0,1
2337.74,8,1080,0,0,0,983.0,1
2987.79,7,799,0,0,0,1275.0,1
8693.8,6,787,0,0,0,1710.0,1
10634.86,7,1341,1,0,1,723.0,1
2668.27,5,416,0,0,0,1230.0,1
2021.83,3,1361,0,0,1,701.0,1
2818.84,4,344,0,0,1,748.0,1
4179.54,8,237,0,1,1,1072.0,1
7268.49,2,644,0,0,0,791.0,1
2993.59,3,325,0,1,4,2150.0,1
5535.22,5,500,0,0,1,1136.0,1
15342.16,6,885,0,0,0,2136.0,1
4364.72,4,511,0,0,0,2456.0,1
4071.04,6,1065,0,0,0,242.0,1
652.68,5,385,0,0,1,1190.0,1
214.71,3,602,1,0,0,969.0,1
4395.67,2,1450,1,0,0,341.0,1
2711.28,7,535,1,0,0,567.0,1
1781.51,8,1293,0,0,1,1076.0,1
3802.94,7,317,0,1,1,423.0,1
2806.23,4,328,0,0,0,446.0,1
9207.56,15,1438,0,0,0,4999.0,1
3249.03,12,174,0,0,1,175.0,1
1412.44,4,1110,1,0,0,754.0,1
8023.79,4,1323,0,0,0,295.0,1
2399.15,5,15,0,1,1,426.0,1
5046.94,5,1468,0,0,0,3318.0,1
1849.35,4,920,0,0,0,685.0,0
1556.47,6,113,1,0,0,150.0,0
3242.72,9,639,0,0,1,1064.0,1
3019.45,6,1049,0,0,0,421.0,1
4816.62,8,821,0,0,2,1975.0,1
2278.69,6,1089,0,0,1,456.0,1
475.15,5,172,0,0,3,9227.0,0
1933.77,4,154,0,0,1,233.0,1
6593.36,7,392,0,0,0,1864.0,1
2214.15,10,83,1,0,1,852.0,1
2329.98,9,1183,0,0,1,1370.0,1
7993.44,9,1359,0,0,1,817.0,1
1462.68,3,770,0,1,1,3553.0,1
637.27,7,378,0,0,0,777.0,1
2538.6,5,394,0,0,0,759.0,1
1836.88,7,1264,1,0,0,1118.0,1
1134.28,10,46,0,0,0,932.0,0
2501.44,6,698,1,0,0,384.0,1
4873.2,5,85,0,0,0,1390.0,1
2953.4,3,1237,0,0,1,391.0,1
4052.06,6,235,0,0,1,603.0,1
18277.16,7,269,0,0,1,2644.0,1
2115.66,5,1459,0,0,1,409.0,1
3937.69,10,336,0,0,1,15.0,1
1791.46,3,83,0,0,1,2158.0,0
1278.75,8,984,1,0,0,4584.0,1
1660.86,6,186,0,1,1,415.0,1
1846.86,4,62,0,0,2,2735.0,1
4270.46,13,1303,0,0,0,3233.0,1
31228.17,10,1022,0,0,1,2614.0,1
1456.74,5,671,0,0,0,3353.0,1
1965.25,6,392,0,0,0,2098.0,0
2798.61,5,215,1,0,0,78.0,1
4428.42,5,1419,0,0,1,1069.0,1
3879.85,3,732,0,0,1,386.0,1
10765.43,5,1069,0,1,2,1620.0,1
263.38,6,1111,0,0,1,2161.0,0
273.98,4,1149,0,0,0,6742.0,0
1815.51,0,1269,1,0,1,1962.0,1
8931.15,10,125,0,0,0,1124.0,1
622.88,6,704,0,0,0,3877.0,1
147.28,4,431,0,0,0,282.0,1
5277.35,6,484,0,0,2,429.0,1
3803.42,4,226,0,0,1,553.0,1
1002.04,9,176,0,1,0,515.0,1
1112.61,7,75,1,0,0,887.0,1
1130.32,8,753,0,0,2,2324.0,1
3329.36,5,520,0,1,0,5977.0,1
1593.49,5,8,1,0,0,598.0,1
4885.68,7,505,1,0,0,253.0,1
171.64,8,52,1,0,2,6201.0,1
1265.41,7,1105,1,0,0,1948.0,1
966.76,10,1494,0,0,1,437.0,1
2306.9,7,520,0,0,1,2544.0,1
1740.54,8,318,0,0,1,1074.0,1
6619.95,3,833,0,0,1,1634.0,1
464.36,6,654,0,0,0,3642.0,1
3119.7,6,1093,0,0,0,443.0,1
5210.01,9,347,1,0,0,1014.0,1
19084.8,6,944,0,0,1,73.0,1
1841.31,5,1111,1,0,0,2350.0,1
4123.5,5,832,1,0,0,216.0,1
490.85,8,1148,0,0,3,2711.0,1
272.61,9,286,0,0,2,1423.0,1
6938.04,5,1160,0,0,0,703.0,1
2964.43,4,893,1,0,0,269.0,1
9686.73,7,1346,0,0,1,541.0,1
754.91,6,1221,0,0,0,1291.0,1
5013.56,3,1443,0,0,1,38.0,1
19318.49,4,1103,0,0,1,343.0,1
4535.57,5,908,0,0,0,1716.0,1
3930.73,5,1130,0,0,1,1610.0,1
3006.57,6,624,0,0,1,1065.0,1
619.63,8,627,0,1,1,12.0,1
11563.08,7,579,0,0,1,1344.0,1
1618.32,6,1410,0,0,1,4286.0,1
4936.85,8,655,1,1,0,897.0,1
624.51,4,1399,0,0,1,27.0,1
916.48,2,191,0,0,0,1757.0,0
12520.06,5,135,0,0,3,1834.0,1
2106.32,5,276,0,0,1,1360.0,1
12749.86,9,188,0,0,0,1159.0,1
2756.64,8,264,1,0,0,3482.0,1
472.53,4,1391,0,0,1,2582.0,1
7274.04,6,90,0,1,0,2128.0,1
1652.6,7,58,0,0,0,1145.0,1
5995.05,5,648,0,0,0,826.0,1
3057.07,3,798,0,0,0,1054.0,1
637.07,7,1133,1,0,1,4059.0,0
3513.24,7,852,0,0,0,3663.0,1
26801.77,7,54,0,0,1,574.0,1
4880.42,8,694,0,0,0,1444.0,1
2814.34,6,256,0,0,1,3637.0,1
8737.19,8,380,0,0,0,1696.0,1
3680.0,9,669,0,1,0,63.0,1
3675.83,2,693,0,1,1,1965.0,1
1000.62,10,734,1,1,1,36.0,1
3766.3,13,31,0,0,0,2704.0,1
8395.44,9,4,0,0,0,841.0,1
1291.99,6,1437,0,0,0,368.0,0
12388.15,10,300,0,0,0,1645.0,1
2719.75,9,1118,0,0,1,1067.0,1
1226.88,4,383,1,0,0,630.0,0
8083.92,9,761,0,0,0,1407.0,1
2237.7,10,503,0,0,0,603.0,0
6371.02,5,96,0,1,0,53.0,1
2226.62,4,908,0,0,0,1997.0,0
2807.85,7,1029,0,0,1,40.0,1
4883.22,6,1218,0,0,0,1414.0,1
3987.41,7,891,0,0,0,2152.0,1
405.24,3,198,1,0,1,203.0,1
971.42,3,619,0,0,0,299.0,1
7550.81,4,419,1,0,0,6178.0,1
2611.98,8,1360,0,0,0,1144.0,1
1765.64,8,48,0,0,0,3137.0,1
766.19,7,1494,0,0,0,5309.0,0
1012.59,1,947,0,0,1,2767.0,0
394.73,4,590,0,0,0,5367.0,0
2693.83,6,488,0,1,1,3928.0,1
1638.54,6,1072,0,1,0,1838.0,1
1133.89,10,935,0,0,0,1293.0,1
2784.65,4,1153,1,1,0,3015.0,1
4289.69,9,1405,0,0,0,3590.0,1
24177.99,7,528,0,0,0,4884.0,1
657.28,7,416,0,0,1,442.0,1
9503.17,5,386,0,0,0,2267.0,1
7888.03,8,1083,0,0,1,6913.0,1
1367.73,8,763,0,1,2,1387.0,1
3652.75,8,443,0,0,0,3865.0,1
1886.29,5,1494,0,0,0,1402.0,0
3589.21,9,261,0,0,0,1716.0,1
13482.27,9,1218,0,0,0,933.0,1
5462.2,5,241,0,0,0,492.0,0
4957.26,6,1191,0,0,1,2666.0,1
1938.54,11,44,0,0,1,793.0,1
675.83,4,169,0,0,0,3360.0,0
2420.02,3,864,0,0,1,3560.0,1
9962.75,6,889,0,1,0,852.0,1
647.31,7,75,0,0,0,279.0,1
1037.85,5,794,0,0,1,962.0,1
3382.15,4,1075,0,0,1,341.0,1
1113.59,7,463,0,0,1,2183.0,1
1349.48,3,396,0,0,0,886.0,1
1951.59,4,758,0,0,0,2529.0,1
760.81,7,730,0,0,1,1192.0,1
1125.38,3,305,0,0,0,182.0,1
6023.53,10,1355,0,0,2,396.0,1
806.44,8,369,0,0,1,4385.0,1
603.13,7,476,0,0,0,812.0,0
1587.59,5,1302,0,0,0,1214.0,1
6197.84,3,853,0,0,1,574.0,1
2448.13,7,950,0,0,0,982.0,1
1873.23,3,842,0,0,0,826.0,0
3116.17,7,821,0,0,1,264.0,1
520.24,4,1318,0,0,0,3474.0,1
4888.82,2,537,0,0,0,3322.0,1
4374.01,13,1277,1,1,0,1624.0,1
1979.68,2,103,0,0,0,5352.0,1
8151.23,3,910,1,0,0,1764.0,1
965.36,6,547,0,0,0,643.0,1
9208.75,5,1190,0,0,1,45.0,1
3478.98,5,446,0,0,1,934.0,1
2129.08,6,413,0,0,0,910.0,1
2922.3,3,714,0,1,0,2319.0,1
2677.76,7,1159,0,0,1,719.0,1
10099.92,3,1482,0,0,0,797.0,1
1015.69,5,1217,0,0,0,1037.0,1
1390.59,6,362,0,0,1,1279.0,1
8402.65,9,340,0,0,0,3820.0,1
1643.31,6,455,0,0,1,485.0,1
7335.88,5,284,0,0,0,2205.0,1
16308.41,5,220,1,0,1,8155.0,1
1994.61,7,1086,0,0,0,2900.0,1
5892.07,7,1026,1,0,0,1028.0,1
940.4,6,636,0,0,1,232.0,1
6340.63,6,253,0,0,0,1049.0,1
3638.85,5,593,1,1,0,1183.0,1
4784.03,7,326,0,0,0,549.0,1
1563.1,10,520,0,0,2,653.0,1
566.18,6,1164,0,0,0,1120.0,1
4930.78,8,915,0,0,1,796.0,1
378.64,5,891,1,0,1,886.0,1
2170.36,6,1245,0,0,0,466.0,1
7640.22,9,156,0,0,1,607.0,1
3611.57,4,1195,1,0,0,197.0,1
20917.53,7,369,1,1,1,1712.0,1
8309.12,6,12,0,1,1,448.0,1
1550.14,4,837,0,0,1,88.0,1
3063.5,2,801,0,1,2,1185.0,1
2843.04,9,31,0,0,1,4613.0,1
612.67,4,665,0,0,1,3838.0,1
1163.98,7,391,0,0,0,3396.0,1
1701.46,8,999,0,0,0,556.0,1
389.08,2,921,0,0,0,778.0,1
3125.95,6,157,1,0,1,2444.0,1
2323.73,8,1227,1,0,1,279.0,1
559.54,8,1301,0,0,2,2033.0,1
4465.84,7,1080,1,0,1,333.0,1
6098.96,2,727,0,0,1,95.0,1
3740.72,6,1098,0,0,0,218.0,1
2155.83,4,1413,0,0,0,1992.0,1
5385.37,8,252,1,1,0,1404.0,1
5885.34,3,1342,0,0,2,854.0,1
4053.77,12,594,0,1,0,2300.0,1
1306.87,3,853,0,0,1,3299.0,0
3930.81,4,847,0,0,0,22.0,1
9852.5,8,1277,0,0,0,4512.0,1
1641.51,5,199,0,0,0,3125.0,0
24292.9,8,476,1,0,1,1313.0,1
1762.29,5,637,0,0,0,436.0,1
3079.14,2,647,0,0,0,5394.0,1
1521.59,5,1426,0,0,1,1952.0,0
3726.67,4,1498,0,0,0,47.0,0
522.06,8,98,0,0,0,1037.0,1
1726.68,7,231,0,0,1,2107.0,1
1000.12,6,229,0,0,3,2577.0,1
3412.97,8,1020,0,0,0,3054.0,1
8058.22,15,1359,0,0,2,4002.0,1
5687.39,5,80,0,1,0,3034.0,1
278.2,8,505,0,0,1,1091.0,1
22972.88,4,1303,0,1,0,2751.0,1
4004.92,7,468,0,0,0,940.0,1
1371.28,3,138,1,0,0,494.0,0
3488.15,6,178,1,0,1,581.0,1
3555.28,10,104,0,1,0,3830.0,1
1530.2,4,230,0,0,0,1762.0,1
3633.37,3,435,0,0,0,673.0,1
1623.81,6,840,0,0,0,963.0,1
1989.5,7,1331,1,0,1,505.0,1
1500.75,5,1473,0,0,0,1436.0,1
711.47,8,813,0,0,0,110.0,0
3448.99,7,682,0,0,1,4926.0,1
5352.4,5,636,1,0,1,809.0,1
4988.47,2,338,0,0,0,1225.0,1
6767.76,5,561,1,0,0,3933.0,1
4123.02,6,407,0,0,0,2701.0,1
1749.83,4,511,0,0,0,1338.0,1
6902.67,7,303,1,0,2,2152.0,1
767.0,8,1194,0,1,0,144.0,1
1211.15,3,587,0,0,0,2144.0,1
1136.6,1,299,0,0,1,546.0,1
8778.46,4,646,0,0,0,2694.0,1
7652.51,5,142,0,0,0,1188.0,1
4852.77,4,1004,0,0,0,323.0,1
8707.41,3,26,0,0,0,1951.0,1
1237.34,5,759,0,1,0,490.0,1
4224.24,4,1404,0,0,1,9516.0,1
2630.23,9,312,0,0,0,2583.0,1
6952.68,10,1387,1,0,0,1137.0,1
2656.53,3,1181,0,0,0,282.0,1
2028.51,6,978,0,0,0,4181.0,1
5119.99,5,210,0,0,0,1284.0,1
7159.31,2,206,1,0,1,1388.0,1
1527.91,6,1152,0,0,1,1332.0,1
2804.34,4,1270,1,1,0,973.0,1
1034.38,8,860,1,0,1,1488.0,1
245.17,8,261,0,0,2,2345.0,1
3642.62,6,49,0,0,1,1219.0,1
5480.25,7,1128,0,0,0,1504.0,1
3874.09,1,573,0,0,1,906.0,1
424.3,9,1024,0,0,1,1303.0,1
2098.86,4,1201,0,0,0,200.0,1
324.29,7,975,0,0,0,1122.0,1
11727.61,6,305,0,0,1,1440.0,1
1006.21,2,98,0,0,0,10997.0,0
10460.94,6,1093,0,0,1,2800.0,1
7676.12,8,68,0,0,0,902.0,1
1211.25,7,145,0,1,0,3103.0,1
960.27,4,129,0,1,0,3000.0,1
4231.75,6,61,0,0,0,837.0,1
1281.36,10,266,0,0,0,7042.0,1
3302.66,8,930,0,0,1,1093.0,1
1839.36,3,637,1,0,0,5206.0,1
502.12,3,701,0,0,0,809.0,0
320.39,3,434,0,0,0,4468.0,0
3739.41,6,545,0,0,1,29.0,1
1700.1,8,426,0,0,0,836.0,1
1714.56,5,603,1,0,1,1415.0,1
5978.13,3,1240,0,0,0,5914.0,1
9637.74,9,499,1,0,0,554.0,1
2269.82,6,1208,0,0,0,1337.0,1
2120.49,3,1387,0,0,0,1448.0,1
4915.47,6,92,0,0,1,747.0,1
767.44,4,1206,0,0,0,220.0,1
3726.23,4,194,1,0,0,2881.0,1
5176.51,4,1467,0,0,0,1974.0,1
5885.4,5,1197,0,0,1,360.0,1
429.77,9,793,0,0,0,587.0,0
1392.21,8,259,0,1,0,386.0,1
1238.6,2,1479,0,0,1,520.0,0
3294.1,7,1113,0,0,2,825.0,1
4821.04,5,591,0,0,0,1014.0,1
13315.85,7,569,0,1,0,4410.0,1
1817.17,5,580,0,1,0,947.0,0
1812.44,4,1154,0,0,0,1247.0,1
9411.35,5,1030,0,0,0,8115.0,1
4010.12,8,121,0,0,1,105.0,1
10589.85,7,290,0,0,1,521.0,1
3978.77,10,853,0,0,1,4125.0,1
937.19,4,1149,0,0,0,249.0,0
785.93,5,375,1,0,0,1423.0,1
631.75,4,1046,0,0,0,1512.0,0
5779.38,5,1460,0,0,0,3896.0,1
9784.91,6,1245,0,0,1,4955.0,1
18946.27,6,1265,0,0,0,1337.0,1
6926.47,5,526,0,0,0,1720.0,1
9536.09,2,1006,1,0,0,937.0,1
1669.01,3,709,0,0,0,223.0,1
937.84,11,1167,0,1,1,4869.0,1
6974.94,4,52,0,0,0,382.0,1
4526.39,5,752,0,0,0,1176.0,1
3319.08,5,718,0,1,0,1456.0,1
4391.26,5,881,0,0,1,744.0,1
4118.26,5,1401,0,0,0,2537.0,1
10762.43,4,348,0,0,1,2176.0,1
10883.31,8,1125,0,0,1,450.0,1
5136.98,4,1370,0,1,1,1096.0,1
6945.18,10,966,0,1,0,3917.0,1
4984.37,6,1327,0,0,0,1563.0,1
1879.63,10,200,0,0,1,478.0,1
6352.25,6,1326,0,0,0,531.0,1
739.15,6,1107,0,0,0,1205.0,1
8551.75,10,288,1,0,0,3299.0,1
902.78,7,398,0,0,1,459.0,1
3967.15,6,1048,0,1,1,330.0,1
1280.3,9,1298,0,0,0,760.0,1
5184.29,6,503,0,0,1,110.0,1
2881.52,6,795,0,0,0,4034.0,1
605.01,7,1406,0,1,2,1183.0,1
4540.08,2,1348,0,0,0,4043.0,1
1672.51,0,1437,0,0,1,1658.0,1
7195.04,5,671,0,0,0,2501.0,1
2984.91,5,1155,0,1,0,434.0,1
4426.75,4,1105,0,0,0,98.0,1
1144.17,8,195,0,0,0,1176.0,0
1653.53,7,839,0,0,1,1897.0,0
1884.39,10,927,0,0,0,317.0,1
7021.29,7,1243,0,0,0,225.0,1
15952.6,4,486,0,0,3,2180.0,1
1332.52,4,899,0,0,1,208.0,0
8750.34,4,461,0,0,0,1201.0,1
340.47,10,786,0,0,0,109.0,1
903.08,9,126,0,0,1,134.0,1
1142.78,3,1110,0,0,0,3227.0,0
770.85,3,1197,0,0,0,1823.0,0
611.8,6,1063,0,0,0,302.0,1
4505.25,7,946,0,0,0,76.0,1
2406.51,4,702,0,0,1,786.0,1
4356.42,4,787,0,0,0,439.0,1
5945.99,6,1454,0,0,1,1313.0,1
3887.87,7,94,1,0,0,2039.0,1
5754.65,3,630,1,0,1,571.0,1
2780.73,3,565,0,0,0,5354.0,1
909.6,5,1388,0,0,0,4923.0,0
8585.36,6,991,0,0,1,56.0,1
1653.89,4,220,0,0,0,1379.0,0
1169.58,6,745,0,0,0,1497.0,1
2495.1,10,68,0,0,0,606.0,1
1196.54,7,1285,0,0,0,552.0,1
1963.67,2,675,0,1,0,769.0,1
4205.1,7,400,0,1,1,1136.0,1
4223.17,6,1114,0,0,0,569.0,1
1214.6,7,1172,0,0,1,1679.0,1
1830.41,7,132,0,0,0,4316.0,1
8728.36,6,96,0,0,0,2353.0,1
4897.11,8,899,0,0,1,238.0,1
23743.52,4,629,0,0,0,63.0,1
9702.4,2,371,1,0,0,1859.0,1
9360.87,5,109,0,0,2,1909.0,1
744.07,5,1464,0,0,0,1820.0,1
6398.77,8,373,0,0,0,197.0,1
2826.78,7,642,0,1,0,780.0,1
1718.18,9,1244,0,0,0,342.0,0
3526.34,5,1221,0,0,1,1161.0,1
7671.07,4,45,0,0,1,1221.0,1
4918.86,5,812,0,0,0,35.0,1
1238.34,3,928,0,0,0,2626.0,1
6263.28,3,486,0,0,0,465.0,1
1575.63,10,687,0,0,0,4851.0,1
3702.2,5,860,0,0,0,1675.0,0
2200.96,5,1281,0,0,0,4279.0,0
2394.99,7,1276,0,1,1,3114.0,1
6414.03,4,1214,0,0,0,1427.0,1
1053.43,7,1383,0,0,0,1650.0,0
20851.79,6,281,0,0,1,978.0,1
482.47,6,542,0,0,1,908.0,0
1639.8,9,376,0,0,0,550.0,1
4316.55,6,570,1,0,1,262.0,1
5347.12,5,783,0,0,1,135.0,0
2696.0,7,223,0,0,1,1688.0,1
2814.7,6,683,0,0,2,1725.0,1
4494.23,4,1497,0,0,1,550.0,1
2365.94,7,637,0,0,1,689.0,1
12006.23,7,791,0,1,0,1106.0,1
6900.5,3,238,0,0,0,545.0,1
7135.41,7,218,0,1,0,1659.0,1
1134.38,6,64,1,0,0,1731.0,1
2753.45,9,187,0,1,1,560.0,1
2207.32,10,1430,0,0,0,1970.0,1
1090.51,3,1168,0,0,1,740.0,1
4273.4,5,248,0,0,1,653.0,1
1741.24,7,1361,0,0,0,1789.0,1
5741.09,8,1169,0,0,1,599.0,1
1022.3,5,1154,0,0,0,540.0,1
16631.28,16,1143,1,0,0,3888.0,1
1216.42,6,1444,0,0,1,739.0,0
3711.91,2,1303,0,0,0,1265.0,1
6580.46,9,348,0,0,0,4021.0,1
1684.73,6,1498,0,0,0,132.0,1
6991.63,6,107,0,0,0,3138.0,1
872.02,7,941,1,0,0,81.0,1
12735.11,5,563,0,0,0,1595.0,1
3023.44,4,332,0,0,0,1003.0,1
1641.87,8,1361,0,0,1,5045.0,1
2210.16,4,476,0,0,0,7283.0,1
6693.68,8,1419,0,0,0,3646.0,1
1661.61,5,998,0,0,2,1789.0,1
1409.01,8,493,0,0,0,553.0,1
2388.6,8,907,0,0,0,3551.0,1
918.77,8,1434,0,0,0,85.0,1
18408.06,5,1437,0,0,1,368.0,1
1691.9,9,410,0,1,1,638.0,1
6847.35,4,1303,0,0,0,2121.0,1
3675.59,2,372,0,0,2,1291.0,1
1113.73,5,714,0,0,0,4869.0,0
2963.26,6,234,0,1,1,738.0,1
6528.96,8,445,1,0,0,2138.0,1
2469.42,8,1256,0,0,1,71.0,1
9829.2,6,33,0,0,0,2057.0,1
8279.31,4,635,0,1,4,978.0,1
7471.98,9,1463,0,0,0,3436.0,1
1882.48,11,1032,0,0,0,1725.0,1
1012.48,3,470,0,0,0,2114.0,0
1613.91,5,789,0,0,1,3286.0,1
3627.29,7,1374,1,0,0,61.0,1
5145.03,3,121,0,0,0,7845.0,1
339.82,8,188,0,0,0,429.0,1
2956.87,9,656,0,0,0,374.0,1
3491.51,8,686,0,0,0,2899.0,1
2258.5,3,23,0,1,0,991.0,1
10842.99,5,192,0,0,0,400.0,1
4544.99,3,990,1,0,1,363.0,1
11050.07,7,1436,0,1,2,292.0,1
2401.96,5,419,0,0,2,1045.0,1
7611.97,5,137,0,0,1,108.0,1
15291.71,9,550,0,0,0,18.0,1
11066.67,8,83,0,0,1,3005.0,1
1000.1,8,316,0,0,0,1471.0,1
2313.05,5,263,0,0,0,536.0,1
2110.83,4,1214,0,0,0,160.0,1
4862.24,7,1141,0,0,0,2110.0,1
5921.55,8,538,1,0,0,2940.0,1
1288.34,10,78,0,0,0,1154.0,1
3190.2,4,480,0,0,0,3023.0,1
395.47,4,158,0,0,0,4120.0,1
12606.21,6,586,0,0,0,1038.0,1
1785.81,7,514,0,0,2,4870.0,1
3152.23,4,837,0,0,0,306.0,1
2187.14,9,1019,0,0,1,1896.0,1
9377.12,6,284,0,0,1,1026.0,1
174.6,6,44,0,0,1,181.0,0
2931.85,2,504,0,0,0,4803.0,1
2681.63,9,1260,1,0,0,2794.0,1
1893.84,6,863,0,0,1,1424.0,1
16751.22,8,95,0,0,2,2449.0,1
1227.42,8,1059,0,0,0,1176.0,1
6449.75,9,585,1,0,0,1586.0,1
4256.71,5,1205,0,0,1,407.0,1
10525.11,8,1031,0,0,2,1208.0,1
1529.68,10,781,1,0,0,413.0,1
1432.29,7,219,1,0,0,5885.0,1
8920.17,8,1246,0,0,0,1045.0,1
4561.11,9,681,0,0,0,994.0,1
635.91,6,1176,0,0,0,6206.0,0
1738.36,7,286,0,0,1,5298.0,1
4386.92,6,385,1,0,1,2399.0,1
6889.57,6,280,1,1,0,2450.0,1
1511.37,8,788,0,0,1,4050.0,1
161.7,5,950,0,0,1,6067.0,1
5030.24,6,209,0,0,0,3857.0,1
879.79,4,95,0,0,0,43.0,1
396.49,13,866,0,0,1,2028.0,1
175.51,9,545,0,0,1,5641.0,1
6727.65,4,733,0,1,3,460.0,1
3390.11,7,116,0,0,0,1430.0,0
2378.78,7,1084,0,0,0,10202.0,0
11956.43,3,1107,0,0,0,1470.0,1
5638.23,10,1358,0,0,0,711.0,1
15007.42,8,857,0,0,0,2521.0,1
740.45,4,1409,0,0,2,8014.0,0
2879.72,7,891,0,1,1,146.0,1
591.87,9,918,0,0,1,240.0,1
2369.93,3,900,0,0,0,1581.0,1
2324.79,6,611,0,0,0,2578.0,1
5578.16,4,690,0,0,0,2601.0,1
3119.92,5,1268,0,0,1,1327.0,1
5560.3,5,1143,1,0,0,6153.0,1
6023.6,5,1127,0,0,1,1902.0,1
25717.54,4,272,0,0,1,1166.0,1
2174.82,5,1466,0,1,2,1507.0,0
1163.25,6,1261,0,0,0,2975.0,0
3812.66,7,547,0,0,0,4180.0,1
1336.38,4,356,0,0,0,3190.0,1
13120.89,4,371,0,0,1,1611.0,1
2245.72,2,302,0,0,1,130.0,0
1693.28,6,950,0,0,1,2352.0,1
1860.66,6,1095,0,0,1,2570.0,1
6114.49,6,644,0,0,0,167.0,1
2545.93,3,1100,1,0,1,681.0,1
1569.22,7,1198,0,0,1,159.0,1
15761.92,2,838,0,0,2,940.0,1
1266.27,7,913,0,0,0,1397.0,0
3088.89,8,1489,0,1,0,335.0,1
5723.33,5,236,0,1,0,1655.0,1
583.28,9,1284,0,0,1,2619.0,1
4818.71,9,903,0,1,0,3811.0,1
1037.84,7,868,0,0,1,3614.0,1
6787.13,5,1351,1,0,2,1951.0,1
1138.37,2,678,1,0,0,2101.0,1
5959.66,2,36,1,0,1,220.0,1
9007.68,4,362,0,0,0,447.0,1
7054.61,6,1464,0,0,0,6020.0,1
3832.67,5,1047,0,1,0,12709.0,0
2365.39,5,220,0,0,1,40.0,1
1675.02,6,28,0,0,1,2590.0,1
12978.31,4,726,0,0,0,1795.0,1
1481.05,3,551,1,0,0,58.0,1
1056.73,6,534,0,0,1,1556.0,0
5798.58,8,189,0,0,0,1612.0,1
1344.62,10,1476,0,0,0,740.0,1
1152.79,8,856,0,0,1,4567.0,0
703.73,4,699,0,0,0,9427.0,0
1839.21,7,504,1,0,1,4671.0,1
2744.31,7,208,0,0,0,9.0,1
3801.27,8,1266,0,0,0,493.0,1
7717.97,4,1085,0,1,0,1368.0,1
5048.76,8,653,0,0,0,2760.0,1
2462.98,12,225,1,0,0,218.0,1
2445.01,10,478,0,0,1,1484.0,1
4964.94,8,952,0,0,1,459.0,1
10642.07,6,727,0,0,0,937.0,1
3382.31,9,874,0,0,0,5002.0,1
1864.73,4,818,0,0,1,800.0,1
1104.48,4,197,0,0,1,1735.0,1
702.6,6,1013,0,0,0,377.0,1
5803.81,9,1191,0,0,0,144.0,1
5313.35,3,169,0,0,1,4435.0,1
5310.09,4,1401,0,0,0,8667.0,1
2621.08,2,1221,0,0,1,47.0,1
12172.5,7,571,0,0,0,1174.0,1
1836.99,6,701,0,1,0,99.0,1
7748.61,2,178,0,0,0,1439.0,1
2867.68,8,748,1,0,0,2681.0,1
1622.38,9,183,1,0,1,1099.0,1
5391.24,8,388,0,0,1,425.0,1
4490.13,4,1227,1,0,0,1525.0,1
4259.78,8,499,0,0,0,481.0,1
3233.36,5,1179,0,0,0,3394.0,0
2870.11,8,481,0,0,1,2728.0,1
32479.75,11,525,0,0,0,1563.0,1
9742.54,5,634,0,0,0,980.0,1
6141.52,6,480,0,0,1,3366.0,1
3333.57,8,1231,0,1,0,2038.0,1
8161.29,10,1103,1,0,0,2035.0,1
5004.01,7,1239,0,1,0,2092.0,1
3060.11,2,1453,0,0,1,232.0,1
2200.49,5,314,0,0,0,1579.0,1
2749.25,4,320,1,0,0,793.0,1
125.16,1,1186,0,0,0,920.0,1
3679.75,3,644,0,0,1,1440.0,1
1829.0,7,1014,0,0,1,10055.0,0
14656.95,4,1101,0,0,0,4242.0,1
3039.18,9,477,0,0,1,9765.0,0
907.81,3,1353,0,0,0,2964.0,0
2835.91,4,1093,0,0,0,233.0,1
1047.2,6,692,0,0,0,292.0,1
4785.79,3,468,0,0,0,467.0,1
3987.61,5,784,0,0,0,11562.0,1
7768.56,5,472,0,1,0,1266.0,1
1351.7,5,148,0,0,0,2696.0,0
3084.08,5,840,0,1,0,2588.0,1
761.26,3,285,1,0,0,6399.0,1
6011.89,9,948,0,0,0,174.0,1
5008.4,6,938,0,0,1,168.0,1
4894.19,7,1241,1,0,0,2575.0,1
2985.79,12,549,0,0,1,26.0,1
4513.25,3,579,0,0,0,3726.0,0
14828.99,5,127,0,1,1,1287.0,1
2241.51,4,659,0,0,2,537.0,1
3424.28,4,564,1,0,0,4357.0,1
1006.14,6,354,1,0,1,2424.0,1
1251.05,3,1415,0,1,1,620.0,1
3287.27,3,567,0,0,0,2429.0,1
8990.59,10,9,0,0,1,651.0,1
2307.04,3,520,0,0,0,1392.0,1
2354.5,6,211,1,0,0,2492.0,1
1984.49,9,101,0,0,0,994.0,1
1746.28,5,456,1,0,0,3020.0,1
4003.69,3,1071,0,0,1,310.0,1
666.97,4,280,0,0,1,1317.0,1
10731.51,3,322,0,0,1,55.0,1
1532.38,4,1053,0,1,1,7071.0,0
6135.85,5,1420,0,0,0,349.0,1
837.15,8,1073,0,0,0,321.0,1
5818.75,5,709,0,0,1,1050.0,1
5836.84,3,1345,0,1,0,124.0,1
4377.36,4,77,0,0,0,3701.0,1
1102.76,5,1127,1,0,1,387.0,0
3825.9,4,1032,0,0,0,1795.0,1
913.19,4,924,0,0,1,2796.0,0
2315.17,5,689,0,0,0,1244.0,0
8344.96,4,818,1,0,0,66.0,1
6612.4,7,530,0,0,1,686.0,1
3026.56,8,10,1,0,0,1689.0,1
1124.61,6,578,0,0,0,833.0,1
5685.01,4,9,1,1,0,1877.0,1
3039.3,10,391,0,0,0,1293.0,1
292.86,10,116,0,1,1,1172.0,1
6520.0,1,1064,0,0,0,503.0,1
2909.59,10,1381,0,1,1,5411.0,1
9921.42,3,611,0,0,0,1490.0,1
996.98,4,739,0,0,1,447.0,0
124.37,5,118,0,0,1,822.0,0
3940.58,2,71,0,0,1,222.0,1
3990.07,9,678,1,0,1,2838.0,1
549.68,7,882,0,0,0,1623.0,1
1120.47,6,477,0,0,0,2726.0,1
46873.97,7,438,0,0,1,2073.0,1
2195.99,6,149,0,0,0,5907.0,0
6191.66,8,234,0,0,0,2455.0,1
1555.17,8,69,1,0,1,2020.0,1
368.59,7,168,0,0,0,1678.0,0
2514.28,6,1461,0,0,1,137.0,1
2285.63,5,1455,1,0,2,119.0,1
1998.44,5,240,0,0,1,2649.0,1
2658.08,7,747,0,0,1,2297.0,1
3882.63,1,566,1,0,0,487.0,1
2565.43,6,1057,0,0,0,7798.0,1
842.18,4,497,0,0,0,283.0,1
4847.34,8,1235,1,1,1,1074.0,1
424.38,6,69,0,0,0,10450.0,0
383.62,8,54,0,0,0,4319.0,1
6242.78,9,942,0,0,0,405.0,1
4949.39,8,818,0,0,0,193.0,1
2814.68,7,1298,1,0,2,195.0,1
738.45,10,771,0,0,1,549.0,0
1468.64,8,362,0,0,0,1238.0,1
2292.17,4,1139,0,0,0,3485.0,1
604.32,5,259,0,0,1,57.0,1
1423.64,6,654,0,0,0,1223.0,1
5723.47,6,1160,0,0,1,285.0,1
12423.01,2,862,0,0,1,1863.0,1
1959.74,4,1043,1,0,1,2335.0,1
6351.77,7,560,0,0,0,498.0,1
439.63,7,1246,0,0,1,1237.0,0
5764.37,5,184,0,0,0,1226.0,1
1334.15,9,326,0,0,1,211.0,1
4053.54,8,317,0,0,1,2145.0,1
2326.8,7,1200,1,0,0,1828.0,1
11163.6,8,1055,0,1,0,799.0,1
1243.35,8,1194,1,0,0,146.0,1
5583.7,2,1013,1,0,0,993.0,1
2254.07,6,213,0,1,0,970.0,1
2544.51,8,1463,0,0,0,1122.0,1
2480.33,4,1359,0,0,0,586.0,1
1279.63,5,277,0,0,0,5540.0,1
2939.22,7,1323,0,0,1,17.0,1
2799.94,8,462,0,0,2,3415.0,1
3794.24,4,314,0,0,0,1504.0,1
3243.81,6,166,0,0,0,1325.0,1
6620.95,3,128,0,0,1,3846.0,1
7506.38,3,637,0,1,0,467.0,1
1042.5,7,701,0,0,0,322.0,1
7106.55,8,1061,0,0,0,64.0,1
910.2,8,94,0,0,0,11743.0,0
5366.1,7,889,1,0,1,514.0,1
5539.94,10,630,0,0,0,192.0,1
440.84,3,99,1,0,0,3052.0,1
3271.42,6,163,0,0,0,7097.0,1
1865.91,3,682,0,0,0,5898.0,1
1395.82,2,42,0,0,0,1848.0,1
11508.63,8,52,0,0,3,140.0,1
1550.48,3,233,0,0,0,1918.0,0
1330.92,5,394,0,0,1,911.0,0
3215.36,10,1227,0,0,0,1943.0,1
5917.03,4,2,0,0,0,7560.0,0
2587.25,4,386,0,0,0,566.0,1
9569.83,5,81,0,0,0,1366.0,1
5069.39,5,703,0,0,0,1124.0,1
337.58,9,461,0,0,1,1458.0,1
1755.54,5,322,0,0,0,1342.0,0
1699.62,2,185,0,0,1,1529.0,1
4814.37,3,1076,0,0,0,1423.0,1
215.98,1,411,0,0,1,270.0,1
38139.65,9,626,0,0,1,549.0,1
5069.65,12,935,0,0,0,314.0,1
3459.49,3,421,1,0,1,604.0,1
9716.37,3,225,0,0,0,2288.0,1
31059.32,7,978,0,0,0,5626.0,1
7120.6,12,1053,0,1,1,447.0,1
7698.75,3,580,1,0,0,750.0,1
3397.14,7,368,0,0,1,1564.0,1
2587.57,3,1446,0,0,0,1213.0,0
1852.34,10,121,0,0,0,1828.0,1
1304.91,3,1456,0,0,0,772.0,1
1499.65,7,121,0,0,1,99.0,1
772.35,3,781,0,0,0,926.0,0
2763.16,6,1209,0,1,0,689.0,1
552.99,3,740,0,0,0,1126.0,1
3608.03,10,773,0,0,2,1005.0,1
2874.6,6,1014,0,0,0,2603.0,1
3452.78,4,1495,0,0,0,1516.0,1
1768.47,5,267,0,0,1,314.0,1
64657.56,10,547,0,0,2,1287.0,1
11615.73,5,466,0,0,1,4592.0,1
858.73,7,1388,0,0,1,455.0,1
3762.61,8,1023,0,0,0,1679.0,1
1622.94,8,1333,0,0,2,382.0,1
1080.87,4,1475,0,0,0,1031.0,0
780.49,6,287,0,0,2,10034.0,0
4592.67,9,875,0,0,0,1435.0,1
1508.12,8,399,1,0,0,2154.0,1
7846.52,9,227,0,0,0,1027.0,1
8052.86,6,262,0,0,1,3895.0,1
11777.13,5,1245,0,0,0,508.0,1
1271.07,7,1175,0,0,2,767.0,0
4795.18,5,858,0,1,0,2314.0,1
5610.83,7,1051,0,0,0,2412.0,1
1855.34,7,646,0,1,0,2779.0,1
1377.78,2,673,1,0,0,4020.0,0
14906.02,7,846,1,0,0,1709.0,1
3742.45,6,884,0,0,0,2506.0,1
5630.58,7,616,0,0,0,579.0,1
1310.19,5,403,0,0,1,163.0,1
880.7,7,411,0,0,0,7632.0,0
1686.74,3,933,0,0,0,3528.0,1
2633.26,4,442,0,0,0,2281.0,1
1028.42,1,816,0,0,1,172.0,1
2951.76,7,361,1,1,2,674.0,1
550.87,4,429,0,0,0,1046.0,1
972.58,4,270,0,0,1,281.0,1
5830.81,11,1201,0,0,0,816.0,1
5452.29,6,1080,0,1,0,14.0,1
2014.49,8,1162,0,0,0,270.0,1
1077.32,3,166,0,0,0,660.0,1
1066.99,9,1180,0,0,1,1808.0,0
2052.33,5,525,0,0,0,2363.0,1
5678.93,5,237,0,0,1,722.0,1
7542.02,6,255,0,0,0,2484.0,1
1814.32,4,913,0,0,1,510.0,1
940.59,3,895,0,1,0,2866.0,0
3896.54,8,687,1,0,1,4875.0,1
1308.28,6,453,0,0,1,108.0,1
1775.34,6,1299,0,0,0,2213.0,1
11218.01,6,226,0,0,0,184.0,1
6816.6,6,935,0,0,0,329.0,1
3491.11,7,383,0,0,1,2439.0,1
835.54,6,192,0,0,1,257.0,1
3682.68,8,351,1,0,1,1059.0,1
8627.04,5,409,0,0,2,495.0,1
2047.48,8,819,0,0,1,1423.0,1
11511.64,9,193,0,0,0,3637.0,1
10858.95,3,626,1,0,0,2193.0,1
15736.42,1,214,0,0,0,767.0,1
4045.03,5,1446,0,0,0,201.0,1
5363.61,7,240,0,0,0,4422.0,1
12261.1,8,605,0,0,0,691.0,1
4662.91,1,1129,1,0,0,7446.0,1
1805.81,3,1386,1,0,1,811.0,1
1903.51,6,1425,0,0,1,828.0,1
3784.07,3,1188,0,0,3,850.0,1
820.11,9,540,0,0,1,1446.0,1
2583.09,8,117,0,0,2,1218.0,1
8924.42,4,393,0,0,2,2529.0,1
333.2,11,1163,0,0,0,2163.0,1
13828.43,5,840,0,1,0,1397.0,1
9157.92,7,1071,0,0,0,73.0,1
1882.27,8,1460,0,0,0,1604.0,1
5132.72,8,758,0,0,1,1267.0,1
2990.36,4,1493,0,0,0,5254.0,0
10198.44,12,721,0,0,0,1643.0,1
7963.97,10,935,0,0,1,4411.0,1
735.04,4,459,0,0,0,105.0,1
5362.91,6,5,0,0,1,58.0,1
2426.91,8,607,0,0,0,1396.0,1
3238.39,6,80,0,0,1,604.0,1
1439.18,4,76,0,0,0,2582.0,1
17122.3,4,921,0,0,0,5315.0,1
8434.3,4,1228,0,0,0,306.0,1
1422.58,8,1205,1,0,0,4590.0,1
784.77,5,1094,0,0,2,1831.0,1
2027.03,6,50,0,0,2,2104.0,1
4603.18,5,624,1,0,0,632.0,1
3790.32,7,783,1,0,0,1226.0,1
10437.21,9,1440,0,0,0,2839.0,1
6567.7,8,1237,0,0,0,2849.0,1
7860.21,5,1208,1,0,0,2622.0,1
4133.4,6,194,0,0,1,1996.0,1
743.0,5,750,0,0,0,962.0,0
2451.12,4,112,0,0,0,803.0,1
8604.92,4,667,0,0,0,65.0,1
2831.26,6,475,0,0,0,4089.0,1
4929.98,5,1111,0,0,0,2376.0,1
2167.33,5,1289,1,0,0,895.0,1
1064.42,3,548,0,1,0,97.0,1
2635.05,1,779,0,0,1,506.0,0
4060.44,3,903,0,0,0,2026.0,1
1547.37,3,269,0,0,1,2585.0,0
2354.98,5,490,0,0,1,4784.0,1
1165.07,11,1327,0,0,1,2406.0,1
9129.31,8,491,0,1,0,1912.0,1
2220.63,7,117,0,0,0,4591.0,1
12743.23,8,518,0,0,0,778.0,1
13749.36,5,25,0,0,0,3394.0,1
2748.89,9,212,0,0,1,2405.0,1
1087.41,8,329,0,0,1,997.0,1
370.22,6,537,0,0,1,1554.0,1
684.0,4,585,0,0,0,390.0,0
754.58,5,1321,1,0,0,176.0,1
11830.9,1,620,0,0,1,608.0,1
3347.02,11,908,0,0,3,679.0,1
4401.08,7,1021,0,1,1,1416.0,1
323.62,4,56,1,0,0,270.0,1
899.67,7,467,0,0,0,288.0,1
7237.85,4,44,0,0,1,113.0,1
3971.0,1,1390,0,0,1,7535.0,0
2572.91,8,415,0,0,0,895.0,1
5244.01,6,879,0,0,0,336.0,1
15302.9,3,499,0,0,3,5319.0,1
2389.78,8,1376,0,0,0,146.0,1
3195.09,7,1225,0,0,1,129.0,1
3614.1,0,762,0,0,1,13446.0,0
32601.37,3,121,0,0,0,1108.0,1
365.27,4,1370,0,0,0,1061.0,0
5903.04,6,6,0,0,1,654.0,1
2657.65,6,37,0,0,0,1273.0,1
5254.14,9,226,0,0,1,2823.0,1
1544.77,11,744,0,0,0,4005.0,1
2838.51,3,371,0,1,1,2211.0,1
6071.8,13,149,1,1,1,191.0,1
67030.98,3,1258,0,0,0,705.0,1
6687.77,8,859,0,0,1,5504.0,1
1276.57,10,91,0,0,0,1034.0,1
1951.28,5,67,0,0,0,4135.0,1
1894.26,11,34,0,0,0,2135.0,1
494.9,12,179,0,0,1,392.0,1
2142.89,6,149,0,0,1,4452.0,1
6203.25,4,640,0,0,1,1970.0,1
833.61,9,459,0,0,0,196.0,1
8505.62,5,412,0,0,1,866.0,1
4855.05,10,4,1,0,4,4891.0,1
1430.48,8,876,1,0,0,2526.0,1
2587.56,5,681,0,0,2,671.0,1
14740.02,7,304,1,0,0,2230.0,1
6207.71,6,1365,1,0,2,800.0,1
3007.26,4,964,0,0,0,178.0,1
2350.34,5,229,1,1,1,1199.0,1
3218.3,6,49,0,0,0,303.0,1
1786.9,8,107,0,0,2,859.0,1
363.31,5,196,0,0,0,1041.0,1
22975.37,11,1330,0,0,0,974.0,1
3481.87,6,919,0,0,0,1553.0,1
4438.84,4,1208,0,0,0,1127.0,1
2813.24,4,265,0,0,1,213.0,1
1429.22,6,360,0,0,1,2122.0,0
2475.2,5,1144,0,1,0,957.0,1
602.21,3,1053,1,0,2,1805.0,1
29059.09,4,402,0,0,1,110.0,1
867.39,3,1474,0,0,4,419.0,1
1062.13,11,796,0,0,0,563.0,1
1919.35,8,541,0,0,1,4000.0,1
10808.37,5,685,1,0,0,133.0,1
3024.52,3,1024,1,0,2,2468.0,1
865.98,8,401,0,0,0,301.0,1
10449.8,6,1183,0,0,1,1050.0,1
6191.92,6,855,0,0,1,584.0,1
5107.34,3,906,0,0,0,2386.0,1
6098.11,7,1478,0,0,0,85.0,1
32674.88,7,870,0,0,0,751.0,1
26505.16,6,411,0,0,1,5893.0,1
1500.1,6,843,0,0,1,630.0,1
15121.68,8,1428,0,0,1,2389.0,1
4372.84,6,302,0,0,1,5792.0,0
4910.33,9,581,0,0,0,413.0,1
548.8,5,69,0,0,2,1503.0,1
2513.96,7,726,0,0,1,253.0,1
1322.36,4,449,0,0,0,1796.0,1
6823.03,6,894,0,0,0,801.0,1
8700.02,4,1428,0,0,0,954.0,1
374.47,7,335,0,0,1,1175.0,1
2915.99,13,254,0,0,1,3322.0,1
9153.22,3,1355,0,0,1,1509.0,1
2473.33,4,544,0,1,0,3502.0,1
6179.94,5,955,0,0,1,7052.0,1
4235.11,5,732,1,0,0,1750.0,1
4195.05,4,1308,0,0,0,2201.0,0
2272.61,1,145,0,0,1,1048.0,1
883.08,4,956,0,0,1,1292.0,1
971.14,2,700,0,0,0,4895.0,1
6059.32,6,194,0,0,1,3081.0,1
3039.53,2,91,0,1,1,1211.0,1
2595.38,4,896,0,0,0,254.0,1
1951.02,4,265,0,0,0,148.0,0
2196.92,3,339,0,0,0,1591.0,0
8492.27,3,164,0,0,0,1111.0,1
2131.87,4,375,1,0,1,1977.0,1
779.72,6,477,0,0,0,1295.0,0
6270.75,8,523,0,0,0,1264.0,1
2428.73,4,1056,0,0,1,1908.0,1
3076.03,4,731,1,0,0,836.0,1
14877.1,9,1149,0,0,1,139.0,1
2920.29,8,472,0,0,0,1214.0,1
3980.58,5,859,0,0,0,457.0,1
916.97,3,64,1,0,0,3669.0,1
2393.07,8,1307,0,0,1,2406.0,0
5483.65,5,96,0,0,3,2612.0,1
629.31,5,109,0,0,1,1298.0,1
3644.03,6,1388,0,0,0,1402.0,1
3297.08,5,854,1,0,2,442.0,1
3106.61,6,123,0,0,0,2001.0,1
8409.85,8,763,0,0,2,1970.0,1
4164.86,3,746,0,0,0,1416.0,1
13069.96,6,736,0,0,0,1964.0,1
1103.69,5,1403,0,0,0,6580.0,1
3414.97,4,123,0,0,1,5772.0,1
3243.69,7,1200,1,0,0,5726.0,1
1023.26,7,1379,0,0,1,182.0,1
7756.57,2,117,0,0,0,2913.0,1
30475.35,8,1314,1,1,1,4317.0,1
2930.69,5,769,0,0,1,3505.0,1
4939.51,8,554,0,0,0,661.0,1
3243.86,5,1373,0,0,1,994.0,1
1460.33,5,146,0,0,0,293.0,1
482.62,3,1222,0,0,1,1626.0,1
1471.78,6,646,0,0,2,31.0,0
741.03,1,219,0,0,1,2333.0,1
16384.68,6,1191,1,0,0,342.0,1
2656.83,6,311,0,0,1,2601.0,1
2109.24,4,885,0,1,1,737.0,1
7252.88,7,659,0,0,1,9143.0,1
970.92,5,678,0,0,0,944.0,1
1384.56,10,387,0,0,1,3078.0,1
3190.94,5,885,0,1,1,424.0,1
8339.59,3,627,1,1,2,1305.0,1
4923.06,7,276,0,0,0,2174.0,1
3821.22,14,1145,0,0,0,1333.0,1
3223.16,6,66,0,1,0,2478.0,1
4448.12,4,1157,0,0,1,1823.0,1
3646.97,4,234,0,0,1,1921.0,1
1064.25,6,53,0,0,1,277.0,1
3121.53,9,205,0,0,0,3260.0,1
1018.73,5,908,0,0,2,127.0,1
3232.73,3,1091,0,1,0,555.0,1
1843.37,6,310,0,0,0,5929.0,1
37774.2,9,235,0,1,1,2280.0,1
2864.38,8,1043,1,1,0,4409.0,1
731.99,6,853,1,0,0,36.0,0
2606.65,5,579,0,0,0,324.0,1
5010.84,5,903,0,0,1,6889.0,1
15888.71,8,1161,0,0,0,1925.0,1
1653.33,4,772,0,0,0,274.0,1
612.51,2,183,0,0,1,1742.0,1
6746.89,6,1275,0,0,0,775.0,1
749.5,4,23,0,0,0,2170.0,1
1927.24,7,331,0,0,1,3713.0,1
2303.95,4,979,0,0,0,4285.0,1
2780.45,6,42,0,1,1,137.0,1
5938.22,4,583,0,0,0,164.0,1
1504.73,4,922,0,0,0,352.0,0
2267.13,6,21,0,0,1,682.0,1
2938.72,8,1136,0,0,2,1383.0,1
3461.99,10,1403,0,0,1,4179.0,1
3287.32,5,1214,0,0,0,511.0,1
4610.1,12,1124,0,0,0,1460.0,1
6931.56,5,1379,0,0,0,1711.0,1
4414.43,8,493,0,0,0,4117.0,1
4691.87,6,1036,0,0,1,6594.0,1
612.64,9,603,0,0,1,657.0,0
3134.51,5,915,0,0,0,1172.0,1
4815.08,8,970,0,0,1,1559.0,1
6179.18,10,43,0,0,0,4997.0,1
1491.67,7,602,1,0,1,3075.0,1
1542.19,7,904,0,0,0,1984.0,0
1678.91,2,743,0,0,1,1144.0,1
5097.03,6,1026,0,0,0,5260.0,1
8382.33,7,332,0,0,0,374.0,1
1983.34,7,566,0,0,0,165.0,1
7390.59,1,157,0,0,0,290.0,1
3372.74,6,72,0,0,1,126.0,1
2632.57,8,1295,0,0,1,781.0,1
2412.98,8,26,0,0,0,1832.0,1
6289.34,7,432,0,0,0,3146.0,1
4128.12,3,612,1,0,0,628.0,1
29022.46,2,1193,0,0,0,252.0,1
1271.27,7,1272,0,0,0,3829.0,0
5004.54,7,1092,0,0,3,987.0,1
1756.01,5,765,0,0,0,1279.0,1
1249.77,8,626,1,0,0,423.0,1
2948.74,7,140,0,0,0,70.0,1
3419.85,6,434,0,0,0,1299.0,1
55169.94,8,501,0,0,1,799.0,1
2479.6,5,203,0,0,0,1078.0,1
962.78,7,53,0,0,0,384.0,1
3916.72,6,749,0,0,1,370.0,1
374.41,3,1202,1,0,0,1100.0,1
2719.06,6,740,1,0,0,461.0,1
3029.11,5,760,0,0,1,360.0,1
6598.52,4,1005,0,0,0,283.0,1
7892.14,4,415,0,0,1,989.0,1
1801.6,4,770,1,0,2,1674.0,1
2564.16,4,591,0,0,0,958.0,1
1385.59,5,1333,0,0,0,4533.0,0
964.82,0,716,0,0,0,1903.0,0
4063.89,5,1234,0,0,1,888.0,1
834.15,9,963,0,0,2,840.0,1
1969.18,5,1379,1,0,0,611.0,1
1101.94,4,1208,0,1,0,729.0,1
5165.12,4,161,0,0,0,816.0,1
18059.55,9,159,0,0,1,603.0,1
811.12,6,452,1,0,1,192.0,1
467.3,1,279,0,0,1,1194.0,1
2630.98,7,101,0,0,1,1082.0,1
3028.12,4,173,0,0,0,2329.0,1
3709.53,6,1133,0,0,0,4453.0,0
1907.75,5,1384,0,0,1,1706.0,1
2439.04,6,1397,0,0,0,2358.0,1
4304.91,4,1254,0,0,2,1285.0,1
8437.41,3,1034,0,0,0,933.0,1
421.98,8,500,0,0,0,92.0,1
2061.23,7,222,1,0,1,859.0,1
3691.58,9,122,1,0,0,1291.0,1
1190.38,10,284,0,0,0,654.0,0
16834.23,2,1104,0,0,1,825.0,1
1579.07,8,117,0,0,0,770.0,1
2860.37,4,880,1,0,2,1431.0,1
5197.96,10,1220,0,0,0,5863.0,1
1650.3,5,535,1,0,1,393.0,1
470.33,4,360,1,0,1,788.0,1
1941.75,6,252,0,0,0,9855.0,0
8345.19,7,919,0,0,0,874.0,1
2128.36,7,434,0,1,2,2786.0,1
1278.66,7,591,0,0,1,902.0,1
7522.64,11,77,0,1,0,1221.0,1
2141.42,3,769,1,0,0,2665.0,1
1789.76,3,536,0,1,0,1444.0,1
3461.5,3,428,0,0,1,1152.0,1
6443.0,0,577,0,0,0,265.0,1
32264.2,7,1325,0,0,0,12440.0,1
6817.42,10,498,0,0,0,373.0,1
9507.54,8,365,0,0,0,1078.0,1
1797.29,3,934,0,0,0,1764.0,1
1068.63,5,184,0,0,1,97.0,1
3172.68,9,179,0,0,1,372.0,1
3318.17,6,286,0,0,0,2912.0,1
1013.83,6,1001,0,0,0,1862.0,1
2501.65,7,1262,0,0,0,938.0,0
4444.03,5,421,0,0,0,1707.0,1
4274.38,4,720,1,0,0,1055.0,1
4935.89,9,1173,1,0,1,1374.0,1
3987.68,10,226,1,0,2,1012.0,1
1795.41,1,838,0,0,0,83.0,0
1783.08,7,746,0,0,0,714.0,1
898.79,7,1151,0,0,0,1249.0,1
17761.26,9,582,1,0,1,1199.0,1
3021.32,5,646,0,0,0,117.0,1
2380.69,8,835,0,0,0,2729.0,1
1177.57,4,761,1,0,1,852.0,1
56143.03,2,1068,0,0,0,3570.0,1
1019.1,7,820,0,0,1,945.0,0
1941.38,4,1364,0,0,0,3093.0,1
4518.05,7,739,0,0,1,538.0,1
5432.82,6,449,0,0,0,5352.0,1
7769.27,7,1439,0,0,0,443.0,1
18171.48,8,253,1,0,2,354.0,1
4945.13,5,974,0,0,0,517.0,1
1036.88,5,67,0,0,0,169.0,0
2305.5,9,764,0,1,0,343.0,1
4055.51,3,1360,0,0,0,171.0,0
23581.69,3,462,0,1,1,397.0,1
736.71,6,489,0,0,1,276.0,1
9922.66,5,780,0,0,2,2677.0,1
3568.55,9,66,0,0,0,1656.0,1
6890.03,6,832,0,0,0,631.0,1
2691.91,8,299,1,0,0,87.0,1
1283.78,6,878,0,0,2,2634.0,1
6316.2,4,444,0,0,0,2809.0,1
5735.5,5,1347,1,0,1,4044.0,1
7879.79,5,1357,0,0,2,1179.0,1
2941.56,8,1055,0,0,0,4702.0,1
1636.28,7,168,0,0,0,2557.0,1
627.17,6,105,0,0,0,8.0,1
6764.02,6,840,0,0,0,2647.0,1
4554.58,7,22,0,0,0,7597.0,1
1134.81,7,761,0,1,2,2495.0,1
1739.63,4,1149,1,0,1,6057.0,1
1869.15,6,720,0,0,0,1412.0,1
676.56,9,992,0,0,0,900.0,1
1315.95,11,1443,0,1,0,1447.0,1
959.27,7,100,0,0,0,3.0,1
1973.42,9,705,0,0,1,1206.0,1
1424.11,6,764,0,0,1,1888.0,1
585.81,3,1351,0,0,0,1565.0,0
22529.71,3,1458,0,0,0,856.0,1
10431.03,6,40,0,0,0,5732.0,1
1367.83,2,1392,0,0,1,2854.0,1
3914.42,5,843,0,0,0,3367.0,1
4525.42,5,523,1,1,0,899.0,1
9809.3,8,973,0,1,1,236.0,1
1314.74,8,1065,0,0,0,396.0,1
8884.88,4,4,0,0,0,1037.0,1
1723.47,5,1497,0,0,0,630.0,1
783.79,6,1027,0,0,2,949.0,1
6149.56,7,376,0,0,3,494.0,1
10837.4,1,842,1,0,0,10596.0,1
39652.49,5,1221,0,0,1,696.0,1
898.09,8,844,0,0,0,448.0,1
5996.43,7,162,0,1,0,2646.0,1
1978.71,6,588,0,0,0,984.0,1
6524.76,6,294,0,0,0,227.0,1
685.06,3,1487,0,0,0,260.0,1
843.22,9,1365,0,0,0,1233.0,0
1372.14,7,1028,0,0,0,995.0,1
3225.89,2,1402,0,0,0,857.0,1
1570.14,8,967,0,1,1,2258.0,1
5762.08,4,1327,0,0,0,4237.0,1
8323.97,6,411,0,0,0,1776.0,1
5429.37,4,1131,0,0,0,1532.0,1
15044.8,8,1308,0,0,0,1111.0,1
4518.01,5,586,0,0,0,1820.0,1
882.8,2,738,0,0,0,4150.0,1
11653.67,6,759,0,0,0,512.0,1
1627.57,8,389,0,0,0,4904.0,0
7408.76,6,1428,1,0,0,3552.0,1
14382.02,1,823,1,0,1,1046.0,1
4706.44,3,94,0,0,0,88.0,1
667.7,4,192,1,0,1,1783.0,0
1190.09,5,1477,0,0,0,353.0,1
11189.65,13,1213,0,0,0,84.0,1
2517.14,6,1082,0,0,0,820.0,1
3227.86,11,658,0,0,2,3508.0,1
6366.62,9,685,0,0,0,281.0,1
5980.88,7,1267,0,0,1,4781.0,1
3939.46,1,1103,0,0,1,120.0,0
2419.54,8,663,0,0,0,30.0,1
2180.55,5,1330,0,0,1,168.0,1
7029.7,2,610,0,0,0,749.0,1
5185.23,5,1304,0,0,2,1544.0,1
2304.69,10,12,0,0,1,4199.0,1
8796.53,7,1309,0,0,0,2694.0,1
2620.1,7,262,0,1,0,3636.0,1
1271.99,6,111,0,0,0,4602.0,0
1395.53,8,598,0,0,0,714.0,0
1120.2,4,763,0,0,0,960.0,1
2270.12,6,1425,0,0,0,5011.0,1
10236.59,2,313,0,0,0,3375.0,0
1332.62,4,32,0,0,0,217.0,1
3599.23,5,89,0,0,0,353.0,1
1545.82,7,1405,1,1,0,4560.0,1
2297.76,3,794,0,0,1,611.0,0
658.5,9,731,0,0,2,534.0,1
2390.99,3,711,0,0,0,3847.0,1
2456.01,4,547,0,0,0,1488.0,0
5116.82,4,994,0,0,0,1394.0,1
3726.71,11,539,0,0,0,984.0,1
899.29,3,1187,0,0,0,1970.0,1
8814.9,7,18,0,0,0,817.0,1
3678.66,4,350,0,0,0,7399.0,1
3635.11,8,528,0,0,1,936.0,1
2953.71,4,1341,1,0,1,406.0,1
1776.22,8,377,0,0,0,125.0,1
3706.35,7,230,0,0,2,1640.0,1
4796.24,8,382,0,0,0,1944.0,1
519.62,5,754,0,1,1,921.0,1
1739.3,6,802,0,0,0,5350.0,0
2310.12,9,1153,0,0,0,87.0,1
3851.32,6,73,1,0,1,1373.0,1
9831.15,6,484,0,0,0,2456.0,1
1377.82,5,1453,0,1,2,1080.0,1
1811.73,8,640,0,0,1,1851.0,1
1785.52,7,1338,1,0,0,3167.0,1
1337.39,9,721,0,0,1,2439.0,1
2106.56,4,172,0,0,0,1418.0,1
6443.34,8,302,0,1,2,5379.0,1
1039.16,11,875,0,0,0,11787.0,0
4572.5,5,1021,0,0,1,1606.0,1
543.54,7,1406,0,0,1,185.0,1
1700.47,6,1384,0,0,1,494.0,1
2144.18,4,697,1,0,2,2669.0,1
15912.49,7,678,1,0,0,1003.0,1
2264.7,4,1388,0,0,0,1746.0,1
329.89,8,272,0,0,0,70.0,1
403.88,3,423,0,0,1,8184.0,0
3084.14,3,1377,0,0,1,991.0,0
5506.98,2,667,0,0,2,2701.0,1
4339.25,4,896,0,0,0,2487.0,1
3524.77,9,880,0,0,1,1167.0,1
9530.57,4,720,0,0,0,3062.0,1
1737.86,7,541,1,0,0,730.0,1
7294.75,7,936,0,0,1,104.0,1
582.88,3,913,0,0,1,848.0,1
1205.99,3,296,0,0,0,1594.0,1
489.29,3,1351,1,0,0,91.0,1
2264.6,6,610,0,1,0,2023.0,1
2846.2,6,109,0,0,0,5901.0,0
3341.25,7,1335,1,0,0,457.0,1
3171.26,5,612,0,0,1,91.0,1
1179.03,6,794,0,0,0,155.0,1
2464.54,11,26,0,0,0,107.0,1
666.84,5,395,0,0,1,4175.0,1
11651.95,5,1270,0,0,0,366.0,1
2200.35,6,1305,0,0,0,666.0,1
1828.25,9,868,0,0,1,4721.0,1
14602.39,8,170,1,1,0,132.0,1
860.71,12,1200,0,0,1,1694.0,1
967.21,4,617,0,0,0,542.0,0
996.03,6,604,0,0,0,5009.0,1
2785.35,4,1281,0,0,0,3.0,1
4589.98,4,134,1,0,0,1056.0,1
6245.87,3,1064,0,0,0,4964.0,1
39026.47,7,292,0,0,0,1735.0,1
314.37,8,257,0,0,0,586.0,1
5479.32,3,497,0,0,1,2235.0,1
1707.64,7,527,0,0,1,1816.0,0
1658.36,2,1217,0,0,2,657.0,1
1603.96,8,851,0,0,0,6771.0,0
1201.38,6,1049,0,0,0,3827.0,1
16067.03,5,590,0,0,1,2347.0,1
6920.87,2,343,0,0,0,1346.0,1
3050.91,6,446,0,0,0,546.0,1
11510.51,6,71,0,0,0,782.0,1
656.86,8,267,0,0,0,1129.0,1
787.84,4,336,1,0,2,20.0,1
337.66,6,1318,0,0,1,1673.0,1
1481.17,7,1417,0,0,0,98.0,1
3504.13,6,4,0,0,0,1024.0,1
3303.9,6,941,0,0,0,1982.0,1
3461.1,5,568,0,0,0,1055.0,1
727.01,4,1128,0,0,1,766.0,1
6655.21,5,803,1,0,0,463.0,1
3788.13,5,151,0,0,0,100.0,1
6204.65,12,792,1,0,0,701.0,1
449.1,6,374,1,0,1,1512.0,1
4070.38,4,4,0,0,0,600.0,1
908.9,5,424,0,0,0,2275.0,1
2003.55,11,766,0,0,0,991.0,1
5086.6,7,1120,0,0,1,1013.0,1
3265.26,8,1204,0,0,0,659.0,1
1272.15,8,1254,0,0,0,2527.0,1
2999.72,5,1378,0,1,0,761.0,1
644.49,10,572,0,0,2,722.0,1
9416.96,6,1311,1,0,0,2822.0,1
2427.74,5,416,0,0,0,821.0,1
9122.96,5,1060,1,0,0,9.0,1
1760.7,6,598,0,0,0,1190.0,1
1765.91,5,915,0,0,0,242.0,1
1388.27,7,1453,0,0,0,6662.0,0
7159.35,11,547,0,0,1,5138.0,1
1466.4,3,934,0,0,0,4086.0,0
5679.37,10,682,0,0,0,3740.0,1
2033.57,6,444,1,0,1,4193.0,1
413.24,6,527,0,0,1,2248.0,1
1685.28,4,1080,0,0,1,81.0,1
916.8,12,742,1,0,0,4196.0,1
3083.75,6,956,0,0,1,300.0,1
906.5,5,992,1,0,1,493.0,1
7524.92,7,740,0,0,2,3288.0,1
2721.46,6,1381,0,0,1,1770.0,1
2495.9,8,1267,0,1,0,939.0,1
5743.89,4,23,0,1,1,3043.0,1
7815.83,7,1259,0,0,0,764.0,1
2921.64,10,327,0,1,1,963.0,1
1378.57,4,1174,1,1,0,29.0,1
505.74,7,1191,0,0,0,2532.0,1
1501.1,3,1116,0,0,1,350.0,1
1608.07,8,365,0,0,1,359.0,1
3317.8,14,38,1,0,0,104.0,1
2110.87,4,420,0,0,0,1765.0,0
5930.91,10,1173,1,0,0,624.0,1
1614.88,8,1302,0,0,1,529.0,1
2815.68,6,407,1,0,0,707.0,1
9739.91,4,254,0,0,1,1507.0,1
4195.74,3,903,1,0,0,5470.0,1
2807.26,3,263,0,0,0,4194.0,1
1632.81,10,1196,0,0,2,50.0,1
1582.51,6,846,0,0,1,653.0,1
1273.32,9,1159,0,0,0,892.0,1
1735.4,3,581,0,0,1,10.0,1
6346.54,3,1171,1,0,2,4922.0,1
2387.76,5,601,1,0,0,1207.0,1
772.96,10,9,0,0,0,1562.0,1
17468.76,8,385,0,0,0,348.0,1
4105.02,5,683,0,0,1,722.0,1
730.01,5,861,0,0,1,2396.0,0
1916.3,3,235,0,0,0,16.0,1
3330.53,2,1363,0,0,0,292.0,0
16392.71,9,1295,0,0,0,77.0,1
984.26,6,612,0,0,0,1057.0,0
7911.25,8,594,0,0,0,350.0,1
12082.17,5,1215,0,0,0,1217.0,1
1589.77,10,1430,1,0,2,2287.0,1
2258.57,7,790,0,1,1,591.0,1
1057.53,6,990,0,0,1,857.0,0
2432.17,6,711,0,0,0,155.0,0
2873.86,2,1008,0,0,0,2208.0,0
5765.52,5,1214,0,0,0,1062.0,1
8867.81,8,500,0,0,1,1385.0,1
1410.79,3,1486,0,0,0,642.0,0
416.83,7,962,0,0,0,888.0,1
2918.3,9,234,1,0,0,302.0,1
3997.95,5,807,0,0,1,65.0,1
3825.4,9,1390,0,0,1,1769.0,1
2150.22,3,417,0,0,0,102.0,1
3377.03,8,1409,0,0,1,1384.0,1
13567.67,8,1227,0,0,1,93.0,1
4366.57,7,526,0,0,0,2451.0,1
2052.13,6,933,0,0,0,107.0,1
1807.68,2,501,0,0,0,5449.0,0
2515.3,4,1136,0,0,2,1097.0,1
15317.33,12,150,0,0,0,560.0,1
2481.7,6,1311,0,0,1,316.0,1
2922.53,3,330,0,0,1,1224.0,1
1840.3,5,1176,0,1,0,1612.0,1
8946.19,10,1381,0,0,1,92.0,1
21159.35,6,1058,0,0,0,4856.0,1
4677.94,9,376,0,0,0,896.0,1
3238.2,3,842,0,0,0,2795.0,0
3092.65,6,1495,1,1,0,798.0,1
274.7,6,956,0,0,2,957.0,1
6280.16,7,303,0,1,0,111.0,1
3408.97,6,505,0,0,1,842.0,1
4574.91,10,716,1,0,0,556.0,1
1463.43,10,344,0,0,1,2762.0,1
2029.5,10,34,1,0,1,435.0,1
1976.29,5,47,0,0,0,5973.0,0
8280.2,8,532,0,0,0,2352.0,1
2041.09,7,861,0,0,1,1531.0,1
23924.55,6,1296,0,0,0,1027.0,1
4586.45,6,1000,0,0,0,1865.0,1
832.4,8,1458,1,0,0,5725.0,1
2621.37,5,1417,1,0,2,7723.0,1
1553.59,4,364,0,0,1,56.0,1
332.16,7,946,0,0,0,1364.0,1
14756.97,4,692,0,0,1,1205.0,1
6021.81,2,387,0,1,0,3404.0,1
5080.72,6,1482,0,0,1,3673.0,1
3517.14,7,1463,1,0,0,1862.0,1
748.43,6,1287,0,0,2,1399.0,0
1837.91,3,223,0,1,0,88.0,1
6917.3,15,233,0,0,2,3228.0,1
1041.88,5,909,0,1,0,197.0,1
237.04,6,506,1,0,0,2542.0,1
2375.34,7,824,0,0,0,927.0,1
2586.97,4,528,0,0,1,1396.0,1
3413.74,2,1302,0,1,0,313.0,1
6176.57,6,262,0,0,0,120.0,1
5639.81,3,117,0,0,1,3694.0,1
3861.34,5,750,0,1,2,275.0,1
9853.0,4,1,1,0,0,399.0,1
652.64,4,2,0,1,1,61.0,1
4937.34,7,1484,0,0,1,693.0,1
5577.74,9,70,0,0,0,767.0,1
863.02,5,194,0,0,1,944.0,1
663.24,5,1061,0,0,1,1490.0,0
1413.83,5,1041,0,0,0,3106.0,1
1538.34,5,6,0,0,1,1605.0,1
6332.3,9,1409,1,0,0,2069.0,1
1612.37,8,1236,0,0,0,1525.0,1
1266.04,11,786,0,0,0,3146.0,1
1617.06,5,544,0,0,0,1039.0,0
9123.71,9,1169,0,0,2,706.0,1
3020.09,6,403,0,0,0,1564.0,1
2491.77,2,49,1,0,0,948.0,0
2670.43,7,141,0,1,1,1120.0,1
10851.52,11,877,1,0,0,1263.0,1
1409.27,8,748,0,0,0,1139.0,1
11108.97,6,38,0,0,0,563.0,1
3679.37,11,548,0,0,1,912.0,1
2539.14,7,1226,0,0,1,5523.0,1
36348.22,9,611,1,1,0,964.0,1
1037.28,4,794,0,0,0,389.0,1
2092.92,10,304,0,1,1,74.0,1
869.2,5,865,0,1,0,1379.0,1
7726.89,7,168,0,0,1,1994.0,1
16142.15,5,1207,1,0,0,1282.0,1
15834.13,6,404,1,0,0,1859.0,1
10137.01,4,1277,0,0,0,785.0,1
2446.42,10,2,0,0,0,128.0,1
2068.87,9,512,0,0,0,980.0,1
560.5,3,476,0,0,0,1308.0,1
22830.98,8,1373,0,1,2,2565.0,1
4764.64,9,1114,0,0,0,4594.0,0
1822.64,3,94,0,0,0,2313.0,1
11249.25,6,1341,0,0,0,1632.0,1
1126.91,5,884,0,0,0,297.0,1
4476.61,4,1466,0,0,0,24.0,1
2508.33,6,1337,0,0,0,605.0,0
5645.86,5,65,0,0,0,296.0,1
2797.35,3,1436,1,1,1,324.0,1
698.6,3,945,0,0,0,3652.0,0
3214.98,7,661,1,0,0,4256.0,0
8508.87,8,573,0,0,0,5549.0,1
2895.13,5,1493,0,0,2,163.0,1
6471.19,8,1419,0,0,0,198.0,1
1047.82,7,603,0,0,0,519.0,0
2903.69,11,1221,1,0,0,5749.0,1
1596.37,5,13,0,0,0,381.0,1
6291.66,9,204,0,0,0,2121.0,1
3076.33,6,936,0,0,0,461.0,1
5943.62,4,1118,0,0,0,2780.0,1
8845.91,4,451,0,0,1,1980.0,1
5952.81,5,983,0,0,1,1464.0,1
3917.15,2,479,1,0,2,1594.0,1
1098.6,2,646,0,0,1,7150.0,0
2972.66,6,1355,0,0,0,541.0,1
1749.19,7,293,1,0,2,1410.0,1
2113.15,14,1261,0,0,1,1510.0,1
2049.74,5,1447,0,0,1,279.0,1
1118.87,5,371,0,0,1,378.0,1
421.01,3,646,0,0,1,1825.0,1
1528.22,7,658,0,0,1,965.0,1
3616.92,4,961,1,0,1,7090.0,1
774.19,4,1234,0,0,1,433.0,0
3028.07,6,1460,0,0,1,1094.0,1
19935.72,8,1258,0,0,0,147.0,1
8292.08,3,197,1,0,1,237.0,1
15421.86,11,24,0,1,1,1340.0,1
4407.79,7,1090,0,0,0,1246.0,1
9580.74,7,803,0,0,1,2605.0,1
1445.25,2,1250,1,0,0,483.0,1
1565.03,5,362,0,0,0,125.0,1
192.65,4,514,0,1,1,497.0,1
9760.95,3,1268,1,0,0,2048.0,1
13909.45,7,652,0,0,1,2125.0,1
1714.41,6,258,0,1,1,831.0,1
2312.42,5,1007,0,0,1,1136.0,1
1402.68,7,773,0,0,0,7676.0,0
4370.59,6,363,0,0,0,3862.0,0
9181.38,6,116,0,0,0,1519.0,1
521.77,6,107,0,0,0,686.0,0
4489.24,13,571,0,0,1,3517.0,1
2260.47,8,161,0,0,2,1639.0,1
3338.89,3,182,0,0,0,3487.0,1
4717.31,10,615,0,0,0,2084.0,1
2469.57,1,287,0,0,0,753.0,1
2687.62,6,531,0,0,0,2745.0,1
2406.97,3,281,0,0,0,1077.0,1
7866.09,5,703,0,0,0,349.0,1
4531.28,5,1443,0,0,1,2056.0,1
3716.67,5,565,0,0,0,1606.0,1
836.35,8,993,0,0,0,1508.0,1
2041.46,8,1411,0,0,1,1438.0,1
7322.22,4,559,0,0,1,1038.0,1
3095.47,2,1082,0,0,0,4780.0,1
5764.83,6,1258,0,0,0,7768.0,1
17439.83,11,131,0,0,0,3026.0,1
8422.03,3,583,0,0,1,1792.0,1
3272.01,6,333,0,0,0,2646.0,1
1788.28,6,255,0,0,0,3131.0,1
231.93,8,313,1,0,0,485.0,1
2518.99,9,24,0,0,0,920.0,1
2151.64,14,614,0,0,0,4597.0,1
4404.43,8,151,1,0,0,574.0,0
2555.73,9,1196,0,0,0,3512.0,1
2163.79,4,703,0,1,2,1531.0,1
503.01,4,123,0,0,1,2048.0,1
1164.48,6,274,0,0,1,2976.0,1
4801.34,7,1279,1,0,1,4244.0,1
16579.26,6,168,0,0,1,1799.0,1
2703.97,7,1108,0,0,0,1755.0,1
4137.35,3,326,0,0,1,2360.0,1
7727.02,4,734,0,0,0,355.0,1
1324.92,3,1266,0,0,2,1778.0,1
4301.91,7,582,0,0,0,2632.0,1
1421.56,5,370,0,0,0,260.0,1
7078.55,5,273,0,1,0,379.0,1
3468.24,6,1003,0,0,0,1819.0,1
4017.65,4,693,0,0,0,749.0,1
1362.94,6,1472,0,0,0,1739.0,1
6045.28,11,123,1,0,0,1125.0,1
23973.71,5,253,0,0,1,1079.0,1
1087.99,8,719,0,0,0,1065.0,1
2122.27,8,849,0,0,0,747.0,1
3757.87,7,25,0,0,0,974.0,1
6544.67,1,491,0,0,2,66.0,1
1703.52,5,552,0,0,0,685.0,0
175.38,5,512,0,0,0,685.0,0
11604.98,4,721,0,0,1,1548.0,1
6377.34,7,965,0,0,0,1826.0,1
521.68,10,44,1,0,1,1037.0,1
1623.65,10,1456,0,0,1,199.0,1
14302.4,3,1465,0,0,1,3599.0,1
12680.19,6,298,0,0,1,3023.0,1
7620.83,2,1002,0,1,0,1533.0,1
2499.6,7,1163,0,0,1,1096.0,1
3238.89,5,284,1,0,0,3209.0,1
2615.14,10,1196,0,0,0,2745.0,1
9211.79,3,1152,1,0,0,1687.0,1
1241.6,7,1410,0,0,0,743.0,1
1331.69,8,617,0,1,0,1714.0,1
8186.77,9,676,0,0,0,124.0,1
2851.61,11,1418,1,0,0,370.0,1
11830.87,7,1107,0,0,0,4818.0,1
1523.08,4,826,0,1,0,4591.0,1
2822.06,7,1433,0,0,0,848.0,1
1185.11,5,893,0,0,1,533.0,0
3002.99,12,347,1,0,1,3591.0,1
679.57,6,547,1,1,1,3198.0,1
1830.54,8,235,0,1,1,6998.0,1
708.92,4,546,0,0,0,889.0,1
5966.54,4,136,0,0,1,2681.0,1
6103.33,6,706,1,0,0,1755.0,1
528.34,9,954,1,0,0,187.0,1
11315.01,6,89,0,0,0,2469.0,1
36221.75,4,905,0,0,0,429.0,1
3121.3,6,217,0,1,2,521.0,1
1570.09,8,557,0,0,0,4299.0,1
50228.13,4,790,0,0,0,886.0,1
797.14,10,247,1,0,1,3175.0,1
3041.5,6,508,0,0,0,848.0,1
3567.51,5,142,0,0,2,417.0,1
11443.16,4,1204,0,0,0,394.0,1
4271.58,5,624,0,0,0,984.0,1
1810.51,9,1259,0,0,0,852.0,1
1151.49,7,560,0,0,0,562.0,1
2117.9,11,1266,0,1,0,809.0,0
1089.06,6,1267,0,0,1,276.0,1
3126.99,2,653,0,0,0,27.0,1
1695.62,5,1263,0,0,1,1589.0,1
669.12,1,1204,0,0,0,7919.0,1
10458.24,6,1316,0,0,1,562.0,1
1812.26,6,1075,0,0,0,576.0,1
838.71,10,688,0,0,1,6986.0,1
2519.31,8,1440,0,0,0,2221.0,1
3191.9,4,484,0,0,0,5475.0,1
519.85,4,1451,0,0,0,330.0,1
4153.26,7,739,0,0,1,150.0,1
1046.12,9,5,1,0,0,413.0,1
16498.57,7,396,0,0,1,2128.0,1
5033.95,4,467,0,0,1,4478.0,0
1998.4,1,959,0,0,0,43.0,0
1414.93,5,232,0,0,1,1399.0,0
2683.92,6,1187,0,0,1,71.0,1
5501.58,4,384,0,0,0,5146.0,0
2905.92,7,586,0,0,0,733.0,1
2399.08,11,353,0,0,0,2846.0,1
3160.14,3,943,0,0,0,408.0,1
1629.68,8,1451,1,0,2,925.0,1
2114.97,9,804,0,0,1,2123.0,1
370.26,2,99,0,0,0,2223.0,0
7892.96,8,529,0,0,1,3859.0,1
4019.04,11,1227,1,0,1,2465.0,1
1375.46,5,1188,0,0,0,772.0,1
19905.17,7,549,0,0,1,912.0,1
3251.97,5,146,0,0,1,1793.0,1
1057.7,6,287,0,0,1,1238.0,1
7021.54,6,668,0,0,0,449.0,1
4438.4,5,65,0,0,1,1143.0,1
4423.03,5,159,0,0,0,1298.0,1
1947.39,5,116,0,0,0,1438.0,0
4677.39,6,1064,1,0,0,231.0,1
2294.43,3,859,1,0,0,618.0,1
5197.54,6,283,0,0,0,5979.0,1
443.66,9,849,1,0,0,4696.0,1
1931.64,7,500,1,0,1,404.0,1
16683.16,7,360,0,0,0,1287.0,1
1384.28,9,1039,0,0,1,480.0,1
1629.72,7,147,0,0,4,3228.0,1
1904.62,5,68,0,0,1,1535.0,1
884.65,6,143,0,0,1,3297.0,0
327.58,5,1019,0,1,0,914.0,1
2367.08,6,1253,0,0,0,790.0,1
3414.75,4,609,1,0,0,1057.0,1
2828.48,5,435,0,0,1,1173.0,1
2578.91,4,13,1,0,0,2726.0,1
3112.06,11,721,1,0,0,603.0,1
8290.3,6,59,0,0,1,1300.0,1
2464.03,3,1478,1,0,0,4133.0,1
1678.94,6,694,0,0,1,931.0,1
2250.43,0,1374,0,0,1,2515.0,0
5320.63,4,1124,0,1,0,247.0,1
12234.64,9,1311,0,0,0,189.0,1
1590.58,3,949,0,0,0,665.0,1
3290.96,5,269,1,0,0,902.0,1
4181.22,2,792,1,0,0,1064.0,1
1104.8,6,349,0,0,0,1728.0,1
3042.45,3,497,0,0,0,3766.0,0
688.37,8,1080,0,1,2,327.0,1
508.24,8,302,0,0,0,31.0,1
4301.62,7,770,0,0,1,3188.0,1
2030.68,2,822,0,0,1,300.0,1
3649.26,2,592,0,0,0,27.0,1
2928.09,4,500,0,0,1,112.0,1
1122.82,5,1484,0,0,2,2437.0,0
2849.06,7,796,0,0,0,2572.0,1
868.61,1,858,1,0,0,430.0,1
11979.74,4,864,0,0,2,651.0,1
768.18,3,189,0,0,0,1214.0,1
2450.91,10,1386,0,0,1,544.0,1
1051.24,9,1220,1,0,1,3680.0,1
5273.35,8,148,0,0,1,606.0,1
2140.02,6,93,0,0,1,1906.0,1
1774.61,7,1497,0,1,0,194.0,1
6996.75,6,594,0,0,0,1069.0,1
3069.99,7,1430,1,0,0,88.0,1
4997.26,6,840,0,1,0,1128.0,1
1117.3,6,943,1,1,0,2.0,1
731.56,4,1021,0,1,0,39.0,1
3318.3,10,458,0,0,2,1378.0,1
2167.12,6,209,0,0,0,20.0,1
5577.16,9,558,1,0,0,2929.0,1
2752.02,6,1392,0,0,0,628.0,1
3659.48,4,1466,0,0,0,226.0,1
587.94,5,1236,0,0,0,1281.0,1
19701.24,6,795,0,0,0,2752.0,1
2529.45,8,1309,0,0,1,3977.0,1
5988.44,12,1030,0,0,4,2706.0,1
1291.95,9,1172,0,0,2,1559.0,1
4056.23,5,997,0,0,0,4737.0,0
810.1,8,467,0,0,1,1071.0,1
4684.75,6,624,1,1,1,2070.0,1
2088.13,9,615,0,0,4,481.0,1
3069.26,4,1046,0,0,1,961.0,1
5990.76,5,435,0,0,0,985.0,1
869.1,7,1038,1,0,0,44.0,1
1503.44,6,1002,0,0,0,506.0,1
4709.44,3,377,0,0,1,958.0,1
24299.75,7,518,0,1,1,993.0,1
2596.49,5,1301,0,1,0,4449.0,1
5383.73,6,832,0,0,0,3246.0,0
2678.54,5,786,0,0,1,1228.0,1
20790.38,8,406,1,0,1,2072.0,1
519.45,5,631,0,0,1,781.0,1
3276.79,5,867,0,1,0,395.0,1
586.67,5,1206,0,0,0,352.0,0
243.09,9,366,0,0,0,121.0,1
4013.67,8,301,0,0,1,1160.0,1
3427.2,7,504,0,0,0,2838.0,1
2242.09,3,693,0,0,1,276.0,1
2680.63,7,1334,0,0,2,2308.0,1
66058.73,6,185,0,0,0,1201.0,1
2302.67,7,585,0,0,1,686.0,1
4964.78,3,1104,0,0,1,2505.0,1
1557.19,5,1227,0,0,1,1156.0,1
4004.73,4,48,0,0,0,1326.0,1
2349.05,7,469,0,0,3,374.0,1
1977.29,1,298,0,0,1,2265.0,0
18377.8,3,1303,0,0,0,4229.0,1
9673.88,6,1206,0,1,1,127.0,1
3417.78,7,574,0,0,1,629.0,1
297.61,8,941,0,0,0,249.0,1
2077.65,6,724,0,0,1,71.0,1
44490.35,6,849,0,0,0,166.0,1
2366.9,10,1012,0,0,0,770.0,1
8984.15,1,850,0,0,0,1437.0,1
12606.18,11,797,0,1,0,76.0,1
3710.66,5,432,0,0,0,710.0,1
1284.57,6,672,0,0,0,1505.0,1
261.04,6,1416,0,0,0,1391.0,1
5908.59,8,1074,0,0,0,5651.0,1
1319.81,9,1417,0,0,0,3016.0,1
3555.14,8,814,0,0,0,5675.0,1
854.21,6,1349,0,0,2,800.0,1
2286.47,10,429,0,0,1,1273.0,1
3083.19,6,153,0,0,0,1821.0,1
3899.46,2,351,1,0,0,3209.0,1
977.68,9,977,0,0,0,58.0,1
9866.6,3,569,0,0,0,1513.0,1
1641.07,5,154,0,0,0,1401.0,0
558.65,8,1364,1,0,2,517.0,1
2673.05,2,1030,0,0,0,195.0,1
3085.21,5,608,1,0,0,873.0,1
3500.25,6,571,0,0,0,2796.0,1
11639.18,6,468,0,0,0,2018.0,1
2353.25,7,1340,0,0,0,286.0,0
2644.88,4,1035,0,0,0,960.0,1
989.12,3,266,0,0,0,363.0,1
6772.01,2,1491,0,0,1,178.0,1
3584.27,4,1435,0,1,3,409.0,1
1958.57,8,482,0,0,0,2364.0,1
443.78,4,376,0,0,0,1710.0,1
12637.35,3,1172,0,0,0,253.0,1
873.34,4,46,0,0,1,2478.0,1
1650.32,5,69,0,0,0,1631.0,1
4265.63,4,63,0,0,0,2536.0,1
900.94,10,1184,1,1,0,402.0,1
669.47,8,168,1,0,0,339.0,1
356.4,3,680,0,0,1,1145.0,1
6130.29,8,92,0,0,1,98.0,1
1728.16,5,1008,0,0,1,2152.0,0
55674.09,4,1302,0,0,2,1688.0,1
1102.84,2,969,0,0,0,424.0,1
1186.25,7,322,0,0,1,3019.0,0
1693.59,4,1315,0,0,1,1643.0,0
3801.44,3,27,0,0,0,330.0,0
1862.73,7,1471,0,0,0,1137.0,1
5499.06,5,1401,0,0,0,1629.0,1
1120.37,7,29,1,0,0,1716.0,1
748.75,3,1187,0,0,0,507.0,0
493.63,7,1061,0,0,0,738.0,1
322.6,7,1011,0,0,0,181.0,1
1775.67,8,666,1,0,0,762.0,1
2206.18,7,1028,0,0,1,803.0,1
1585.35,10,611,0,0,0,931.0,1
10336.18,3,1393,0,0,0,165.0,1
10178.47,8,248,0,1,0,2813.0,1
2132.81,7,522,0,0,0,1130.0,0
495.75,3,542,0,0,0,1194.0,0
1691.37,6,1415,0,0,0,304.0,1
1636.28,6,118,0,0,0,6151.0,1
1545.13,8,919,0,0,1,411.0,1
1483.68,4,1,0,0,1,337.0,1
1550.82,7,301,0,0,0,3597.0,1
2025.27,4,775,0,1,1,4167.0,1
1578.86,3,382,0,0,1,357.0,1
3671.38,3,297,0,0,0,2851.0,1
4274.27,6,324,0,0,0,70.0,1
1199.13,4,1297,0,0,0,1059.0,1
10626.07,14,488,0,0,1,44.0,1
1118.72,5,1417,0,0,0,712.0,0
591.23,8,1324,0,0,1,4756.0,0
4362.4,3,595,1,0,0,1247.0,1
1316.32,7,1464,0,0,1,124.0,1
4110.47,5,79,0,0,1,1116.0,1
269.44,7,1455,1,0,1,177.0,1
11997.53,7,188,0,0,0,5082.0,1
5838.87,6,952,0,0,0,49.0,1
664.82,5,642,1,0,0,1517.0,1
679.41,7,2,0,0,0,153.0,1
15871.27,5,1084,0,0,0,737.0,1
1425.99,5,1428,0,0,0,2326.0,1
1294.42,8,122,0,0,0,1691.0,1
309.19,3,919,0,0,0,674.0,0
2099.01,6,1106,0,0,3,152.0,1
2373.88,10,670,0,0,0,4692.0,1
6096.64,10,1316,0,0,0,1656.0,1
735.77,3,1142,0,0,0,4195.0,0
651.78,2,579,0,0,1,2335.0,0
4679.58,3,145,0,0,0,919.0,1
8157.8,7,1405,1,0,1,4380.0,1
619.46,4,964,1,0,1,166.0,1
8791.27,9,1185,0,1,0,390.0,1
3095.0,7,1081,0,1,0,1951.0,1
8882.21,8,1250,0,0,1,5053.0,1
2778.81,9,813,0,0,0,3185.0,1
239.3,10,182,0,0,1,758.0,1
2560.69,3,1440,1,0,0,172.0,1
8605.39,9,1339,0,0,0,954.0,1
1219.57,7,520,0,0,0,3058.0,0
2022.39,9,880,0,0,0,2770.0,0
2499.55,12,370,0,0,3,85.0,1
164.1,10,639,0,0,0,1015.0,1
15856.7,10,576,0,0,0,939.0,1
1210.3,5,5,0,0,0,594.0,1
4943.04,10,1194,0,0,0,194.0,1
2733.39,7,1386,0,0,0,1361.0,1
10484.14,9,797,0,0,0,1209.0,1
4474.08,5,1204,0,0,1,1662.0,1
2356.84,3,181,0,0,1,1652.0,1
1219.85,3,1037,0,0,0,431.0,0
6620.0,5,956,0,0,1,1862.0,1
457.86,4,816,0,0,1,1965.0,1
5686.73,4,922,0,0,1,2788.0,1
993.22,3,1236,0,0,0,2090.0,0
10428.35,9,927,1,0,0,1484.0,1
3502.74,5,1139,0,0,0,1170.0,1
5676.69,10,36,0,0,0,913.0,1
3235.66,6,229,0,0,0,8146.0,1
516.78,9,639,0,0,1,323.0,1
1260.51,9,1121,0,0,0,3517.0,1
5839.44,2,605,0,0,1,1330.0,1
3521.55,8,1115,0,0,0,3709.0,0
9710.76,1,715,0,0,1,451.0,1
4461.65,11,1241,0,1,1,7526.0,1
1133.76,4,120,0,0,0,892.0,1
1344.71,3,133,0,0,1,1119.0,0
3304.09,7,51,0,0,1,4808.0,1
294.7,4,578,0,0,2,2923.0,1
15889.95,3,1064,0,0,0,4156.0,1
4636.65,6,632,0,0,0,3809.0,0
10168.34,3,1307,0,0,0,1543.0,1
613.63,5,507,0,0,0,370.0,0
10348.17,5,487,0,0,0,1448.0,1
27764.09,3,209,0,0,1,10443.0,1
795.62,11,991,0,0,0,1871.0,1
6447.2,3,182,0,0,0,6373.0,1
2984.27,7,1402,0,0,1,2983.0,1
636.23,8,203,0,1,1,4848.0,1
4879.92,1,521,0,0,2,85.0,1
6860.96,10,267,0,0,1,2375.0,1
1634.14,2,903,0,0,0,960.0,1
9565.48,12,70,0,0,0,1923.0,1
562.98,4,1054,1,0,0,1476.0,1
668.64,10,1247,0,0,1,1289.0,1
3417.27,7,471,0,0,0,2111.0,1
3057.6,1,333,0,0,0,5202.0,1
1455.97,11,1142,0,0,0,1581.0,1
6698.2,8,1445,0,0,0,1839.0,1
5068.98,8,460,0,0,2,321.0,1
7031.39,9,850,0,1,0,1328.0,1
2635.59,4,1356,0,0,1,4057.0,1
5445.69,7,1275,0,0,0,876.0,1
1909.03,6,963,0,0,2,261.0,1
23244.38,6,688,0,0,1,8.0,1
1322.73,7,1397,1,0,0,813.0,1
24472.31,6,1233,1,0,0,5635.0,1
3086.79,7,778,0,0,1,3555.0,1
753.32,5,1165,0,1,1,6102.0,1
11708.61,5,791,0,0,1,173.0,1
3380.91,7,1310,1,0,1,426.0,1
6982.23,7,1144,0,1,1,1346.0,1
10136.07,2,829,0,0,0,3977.0,1
4179.54,12,284,0,0,0,612.0,1
1648.73,8,1175,0,0,1,605.0,1
7908.66,6,965,0,0,1,3491.0,1
2983.21,4,1329,0,0,1,167.0,1
5918.62,5,414,0,0,0,3333.0,1
345.94,5,201,0,0,1,1638.0,0
4660.98,4,1392,1,0,0,81.0,1
1574.06,8,26,1,0,0,3510.0,1
15573.24,6,380,0,0,0,1302.0,1
5558.52,8,1361,0,0,0,229.0,1
3789.0,6,930,0,0,1,2778.0,1
4847.94,7,1282,1,0,1,1257.0,1
1098.34,4,816,0,0,1,1166.0,1
15112.19,2,582,0,0,0,189.0,1
21837.2,7,457,0,0,0,463.0,1
4415.66,5,920,0,0,1,380.0,1
14623.77,8,1422,1,0,0,2409.0,1
1687.24,10,845,0,0,1,1225.0,1
1343.3,7,1355,0,1,1,632.0,1
3105.48,6,345,0,0,0,1551.0,1
4605.2,3,798,1,1,1,311.0,1
2010.25,5,1496,0,0,0,309.0,1
5103.94,4,930,0,0,0,1010.0,1
4049.67,6,1491,0,0,1,2603.0,1
1098.49,6,65,0,0,1,320.0,1
5008.01,7,847,0,0,0,606.0,1
7069.38,5,762,1,0,0,806.0,1
3538.54,4,1385,0,0,0,3091.0,0
9439.4,2,376,0,0,0,2033.0,1
882.36,4,942,0,0,0,2169.0,0
4759.75,7,830,1,0,1,366.0,1
924.93,5,400,0,0,1,692.0,1
978.4,7,956,0,0,0,2838.0,1
1586.16,7,354,0,0,0,5953.0,1
1162.05,7,747,0,0,1,1884.0,1
1723.31,7,705,0,0,1,270.0,0
2406.31,7,826,0,0,0,2898.0,1
6885.37,2,693,0,0,1,5472.0,1
2162.11,8,770,0,0,0,2284.0,0
610.56,4,1329,0,0,2,2634.0,1
9321.4,7,1443,0,0,2,525.0,1
1290.66,2,584,0,0,0,1193.0,1
2810.96,4,1181,0,0,1,1848.0,1
4658.91,6,1262,1,0,0,190.0,1
3639.53,5,371,1,0,0,1037.0,1
8903.32,6,875,1,0,0,396.0,1
4812.65,6,91,0,0,1,996.0,1
1259.78,3,1317,0,1,0,5067.0,0
26332.58,2,1134,0,0,0,3517.0,1
3620.38,8,378,1,0,0,1172.0,1
2572.57,5,1487,0,0,0,1420.0,1
7815.98,10,400,0,0,1,405.0,1
3825.52,7,860,0,0,0,396.0,0
4443.64,4,460,1,0,1,1893.0,1
36032.77,3,1497,0,0,1,821.0,1
2263.98,7,1052,0,0,0,3692.0,1
2169.47,6,60,0,0,0,3039.0,0
3349.54,8,373,0,0,0,3240.0,1
8703.81,10,245,0,0,2,848.0,1
660.81,6,644,0,0,0,3561.0,1
417.57,9,611,0,0,2,738.0,1
1657.2,3,1447,0,1,1,1937.0,1
581.77,9,581,0,0,1,731.0,1
1949.19,5,1266,0,1,0,3103.0,1
4927.07,3,29,0,0,0,748.0,1
1223.23,5,780,0,0,0,4658.0,1
715.64,10,100,0,0,0,3166.0,1
3194.98,3,863,1,0,0,2033.0,1
7062.42,13,11,0,0,1,260.0,1
547.32,5,942,0,0,0,2646.0,0
6769.84,9,1447,0,0,0,2627.0,1
6750.06,4,928,0,0,1,3637.0,1
7739.44,7,968,1,0,2,810.0,1
10081.73,7,1482,0,0,0,1208.0,1
26957.42,6,1291,0,0,0,200.0,1
2087.89,10,411,0,0,0,1910.0,1
3326.15,4,774,0,1,0,2637.0,1
1965.62,5,183,0,0,0,1475.0,0
2986.86,9,105,0,0,0,1196.0,1
13806.2,12,615,1,0,1,2397.0,1
776.65,6,414,0,0,0,1791.0,0
1260.1,5,1042,0,0,0,2900.0,1
11815.66,5,871,0,0,0,595.0,1
8267.08,2,1319,1,0,1,2239.0,1
2073.24,6,334,0,0,2,381.0,0
7005.16,8,959,0,0,0,3238.0,1
4193.18,6,655,0,1,0,2513.0,1
13363.4,9,1330,1,0,0,2011.0,1
3211.55,7,181,1,0,0,634.0,1
8313.47,10,1252,1,0,1,550.0,1
41856.9,9,548,0,0,0,3893.0,1
5421.34,1,9,0,0,0,1076.0,1
3131.69,4,829,0,0,0,1820.0,1
6139.18,4,1125,1,0,1,68.0,1
2068.79,5,868,0,0,1,1481.0,1
32466.62,9,203,0,0,0,316.0,1
3569.11,2,1456,1,0,2,1356.0,1
2268.94,6,803,1,0,0,482.0,1
1292.47,9,1276,0,0,1,9781.0,1
8930.43,4,348,0,0,1,946.0,1
7095.3,3,1396,0,0,1,1759.0,1
1812.83,10,617,1,0,1,1646.0,1
5305.25,8,612,0,0,0,812.0,1
659.47,8,225,0,0,0,335.0,0
3586.64,6,1167,0,1,0,2088.0,1
4687.98,2,194,0,0,2,97.0,1
16437.65,6,639,0,0,0,2243.0,1
1379.09,7,359,0,0,0,1521.0,0
830.18,4,255,0,0,1,1589.0,1
1217.52,9,1010,0,0,1,4558.0,1
783.23,5,539,0,0,0,2340.0,0
11346.42,7,879,0,1,0,8309.0,1
14025.6,5,144,1,0,0,901.0,1
4106.05,4,579,0,0,0,2162.0,1
10110.15,8,447,0,0,0,256.0,1
3408.26,4,698,0,0,1,3677.0,1
2710.5,5,1443,0,0,1,2073.0,1
2136.58,8,1176,0,0,0,1134.0,1
2185.52,10,881,0,0,1,1397.0,1
634.09,9,1000,0,0,0,424.0,1
3882.58,7,83,0,0,0,5508.0,1
2863.12,8,167,0,0,1,1508.0,1
6281.48,2,703,1,0,1,17.0,1
3273.2,9,512,0,0,2,784.0,1
2533.35,7,520,0,0,1,967.0,1
1247.39,8,790,0,0,1,984.0,1
3203.99,5,1090,0,0,0,2823.0,1
6236.89,7,1192,0,0,0,3399.0,1
950.19,8,473,0,0,0,2108.0,1
3253.46,5,464,1,0,0,817.0,1
3763.27,6,719,0,0,1,1044.0,1
1453.8,6,716,0,0,0,1916.0,1
1655.97,5,1376,0,0,0,1821.0,1
3754.13,6,897,1,0,0,3447.0,1
959.66,5,1495,0,1,0,6011.0,1
4229.86,5,163,1,0,0,689.0,1
1217.61,7,321,0,0,1,1713.0,1
8628.74,10,748,1,0,0,650.0,1
30878.88,3,940,0,0,1,1792.0,1
1260.47,5,1108,0,0,0,1195.0,1
5085.8,5,208,0,0,1,1401.0,1
1441.24,4,813,0,0,0,734.0,1
8441.83,10,547,0,0,0,2253.0,1
841.13,7,549,0,0,0,5755.0,1
4820.28,9,943,0,0,2,117.0,1
1245.15,10,311,0,1,1,10578.0,1
2423.61,2,21,0,0,0,977.0,1
1063.13,5,14,0,0,0,298.0,0
6784.19,5,146,0,0,1,751.0,1
1290.8,7,856,0,0,0,433.0,1
5176.91,5,1473,0,1,0,3514.0,1
2113.08,5,246,0,0,0,409.0,1
2658.53,1,239,0,1,1,277.0,1
3455.62,3,1003,0,1,0,2097.0,1
1391.55,8,573,1,1,0,9532.0,1
3678.89,4,366,0,1,0,2629.0,1
13771.2,6,504,1,0,0,34.0,1
1369.09,6,871,1,0,3,455.0,1
9622.03,7,358,0,0,0,3007.0,1
13334.34,3,533,0,0,1,1220.0,1
1317.97,6,984,0,0,0,178.0,1
695.72,2,1050,0,0,1,3182.0,0
4031.77,5,1199,0,0,1,3468.0,1
1724.33,10,359,0,0,0,1463.0,1
19314.34,3,1042,0,0,1,1058.0,1
3086.54,2,1449,0,0,0,3689.0,1
1336.49,8,1240,0,0,1,2319.0,0
946.57,8,236,0,0,0,633.0,1
8865.34,7,860,0,0,1,26.0,1
1683.81,3,276,1,0,2,1165.0,1
3114.52,5,615,0,0,1,294.0,1
7752.75,10,1489,0,0,0,1123.0,1
1836.73,7,469,0,0,0,1179.0,1
2847.14,6,1266,0,0,0,1750.0,1
2931.98,2,1022,1,0,0,294.0,1
5903.64,3,1138,0,0,1,1295.0,1
5381.62,9,1090,1,0,1,1735.0,1
2392.0,3,1253,0,0,0,456.0,0
3176.86,6,676,0,0,0,6782.0,1
2055.39,9,913,0,0,1,348.0,1
680.2,6,299,0,0,1,2501.0,0
3856.83,2,582,0,0,1,537.0,1
19775.36,4,1443,0,0,0,991.0,1
1231.86,7,1256,0,0,0,2927.0,1
1376.05,2,1464,0,0,1,1803.0,0
1247.97,6,982,0,0,0,6305.0,0
6152.36,3,613,0,0,1,904.0,1
4668.0,6,1376,0,0,1,2244.0,1
2543.92,5,266,0,0,1,1220.0,1
1190.32,3,1350,0,0,0,600.0,1
3269.45,5,461,0,0,0,133.0,1
623.52,4,326,0,1,1,2375.0,0
3440.69,7,996,0,0,0,286.0,1
7126.14,6,898,0,0,1,1490.0,1
853.04,9,848,0,0,1,4248.0,0
643.86,9,665,0,0,1,145.0,1
14464.29,6,731,1,0,2,1781.0,1
1616.86,8,814,0,0,0,62.0,1
9283.07,8,911,0,0,0,2613.0,1
2555.5,7,1000,1,0,0,1525.0,1
2535.24,2,1243,0,0,0,1023.0,0
4621.21,6,145,0,0,0,700.0,1
1231.52,4,14,0,0,0,2938.0,0
3403.29,7,625,0,0,1,3001.0,1
2035.53,5,747,0,0,1,2507.0,0
795.93,6,412,1,0,0,2702.0,1
4177.56,8,1014,0,1,1,1350.0,1
2290.88,3,72,0,0,0,126.0,1
2547.77,9,1321,0,0,0,136.0,1
888.77,13,1217,0,0,0,1350.0,1
14638.35,6,1078,1,0,1,823.0,1
7163.22,10,1225,0,0,0,1484.0,1
7817.78,10,388,0,0,0,376.0,1
2196.36,11,889,0,0,1,8332.0,1
528.91,10,1349,0,1,2,2271.0,1
21013.44,5,704,1,1,0,444.0,1
2804.28,4,241,0,0,1,2291.0,1
1409.8,3,41,0,1,0,538.0,1
4522.42,5,506,0,0,0,1704.0,1
9577.01,5,215,0,1,1,217.0,1
2913.03,9,758,0,0,0,558.0,1
10706.17,5,1211,0,0,0,429.0,1
8804.34,5,386,1,0,0,43.0,1
1015.99,7,195,0,0,1,5307.0,1
1519.61,8,28,1,0,0,218.0,1
7766.21,6,1276,0,0,2,2214.0,1
197.83,8,1140,0,0,1,1739.0,0
2567.13,6,201,0,0,1,808.0,1
712.78,3,1248,1,0,0,1354.0,1
1850.94,4,180,1,0,0,859.0,1
2210.96,6,1098,0,0,1,2739.0,1
2083.4,5,172,0,0,1,5311.0,0
1715.98,5,1022,0,0,1,4195.0,0
995.11,6,440,0,0,0,934.0,0
29493.09,8,1172,0,0,0,1830.0,1
19292.31,4,1213,1,0,0,601.0,1
932.56,6,937,0,0,0,1268.0,1
14503.09,4,521,1,0,1,748.0,1
1999.26,7,1305,0,0,0,765.0,1
3392.04,5,265,0,0,0,693.0,1
2798.18,4,237,0,0,0,529.0,0
1541.1,9,877,0,0,1,1290.0,1
7973.29,7,1421,0,0,0,1831.0,1
3380.86,6,1165,1,0,0,5598.0,1
1850.94,5,937,0,0,1,416.0,1
808.69,4,1239,0,0,1,1174.0,1
1219.75,6,283,0,0,0,2138.0,1
577.45,5,732,0,0,0,1396.0,1
3017.62,4,1439,0,0,1,2457.0,1
900.85,12,64,0,0,2,1657.0,1
2285.73,5,312,0,0,0,1142.0,1
11732.31,4,802,0,0,0,1312.0,1
9890.2,3,276,0,0,0,514.0,1
2886.28,11,963,0,0,0,1.0,1
2732.34,4,1117,0,1,1,96.0,1
19533.27,6,113,0,0,0,3464.0,1
5017.85,6,1222,0,0,0,268.0,1
2147.79,0,69,0,0,0,98.0,0
716.22,7,355,1,0,2,5098.0,0
4419.9,9,140,0,0,0,3983.0,1
6831.67,4,870,0,0,1,132.0,1
1585.01,7,559,0,0,0,26.0,1
3988.63,6,468,0,0,2,229.0,0
2072.33,5,352,0,0,0,1356.0,1
2479.89,8,628,0,0,0,824.0,1
247.69,2,707,0,0,0,1432.0,1
2388.02,9,366,0,0,1,882.0,1
7858.64,7,1470,0,0,0,1740.0,1
1585.41,4,375,0,0,2,3025.0,1
3141.72,2,1271,0,0,2,2601.0,1
1399.75,7,575,0,0,1,230.0,0
4274.58,8,513,0,0,0,1243.0,1
2400.61,3,897,0,0,0,7287.0,0
1165.33,9,578,0,0,0,2743.0,1
11299.93,7,1268,0,0,1,2044.0,1
7547.2,5,82,1,0,1,1254.0,1
1627.98,4,106,0,0,1,2663.0,1
4903.91,5,1130,0,0,0,1466.0,1
5102.12,12,493,0,0,1,2593.0,1
5666.35,5,597,0,1,1,2652.0,1
547.71,9,962,0,0,1,462.0,1
8156.79,8,984,0,0,0,358.0,1
1686.32,2,326,0,0,0,1209.0,0
2084.27,7,64,0,0,1,2194.0,1
41684.38,6,707,0,0,1,2360.0,1
4031.42,7,818,0,0,0,1378.0,1
2025.71,10,590,0,0,0,1793.0,1
328.56,6,31,0,0,0,2827.0,0
11965.28,7,478,0,0,0,3555.0,1
776.5,5,649,0,1,0,1249.0,1
1092.87,8,577,0,0,0,327.0,0
2140.19,5,1126,0,0,0,2096.0,1
12288.41,3,695,0,0,2,365.0,1
6459.07,7,1309,0,0,0,448.0,1
2545.7,4,217,0,0,1,2756.0,1
4057.38,5,1063,1,0,1,1167.0,1
1635.35,2,980,1,0,1,891.0,1
3427.73,11,908,0,0,0,834.0,1
3207.79,3,1058,0,0,0,2569.0,1
7853.93,7,1174,0,0,1,940.0,1
7841.44,3,748,0,0,0,1087.0,1
4885.26,5,956,0,0,0,581.0,1
2074.87,9,58,0,0,1,1565.0,1
6259.29,9,988,0,0,1,2424.0,1
2719.03,5,1087,0,0,1,689.0,1
1010.38,2,1211,0,0,1,3631.0,1
1991.64,5,71,0,0,0,24.0,1
3243.89,7,126,0,0,1,44.0,1
7407.26,6,1030,0,0,0,564.0,1
2481.14,6,548,0,0,1,3559.0,1
889.63,6,800,0,0,0,807.0,1
3154.99,9,237,0,0,0,141.0,1
3339.1,4,1462,0,0,0,1784.0,1
3589.75,8,70,0,0,1,687.0,1
7479.13,8,34,0,0,0,262.0,1
8257.88,5,944,1,0,0,1602.0,1
1645.48,9,562,0,0,1,184.0,1
1609.79,7,1181,1,1,0,1075.0,1
1053.42,5,262,0,1,0,5985.0,0
5995.81,11,1089,0,0,1,1408.0,1
12693.18,4,1416,1,0,0,1140.0,1
2175.29,5,889,0,0,0,61.0,1
2341.55,11,1352,1,0,2,1824.0,1
12923.24,7,150,0,0,0,727.0,1
4942.16,6,109,0,0,0,2245.0,1
4611.16,3,970,0,0,2,5752.0,1
906.04,3,657,0,0,0,678.0,0
5876.57,6,493,0,0,1,2445.0,1
1177.16,15,1352,0,0,0,2128.0,1
959.09,5,114,0,0,3,2387.0,1
2107.44,1,852,0,0,0,2832.0,1
1659.39,8,949,0,0,0,340.0,1
2388.45,7,108,0,0,0,1853.0,0
705.58,4,60,0,0,0,1505.0,1
7776.15,7,287,1,0,0,469.0,1
9206.7,4,1406,0,0,0,665.0,1
425.24,3,875,0,0,2,456.0,1
7930.39,4,25,0,0,0,1408.0,1
1325.4,9,243,0,0,0,140.0,1
7023.21,4,669,0,1,0,221.0,1
2783.75,2,1346,0,0,0,2654.0,0
3067.98,7,526,0,0,0,579.0,1
2477.25,5,1330,1,0,3,6745.0,1
10017.9,5,1112,0,0,0,3458.0,1
863.0,7,25,0,0,0,3909.0,1
5474.41,6,1135,1,0,0,239.0,1
8967.21,5,536,0,0,0,1332.0,1
6101.81,5,908,0,0,1,4.0,1
30476.13,6,591,0,0,2,1019.0,1
1756.46,11,1320,0,0,1,3492.0,1
7764.4,4,1278,0,0,2,301.0,1
2680.9,5,795,0,0,1,606.0,1
10233.34,4,1470,1,0,0,1532.0,1
2958.13,9,166,1,0,1,1031.0,1
2022.57,7,414,1,1,0,644.0,1
11004.64,5,393,0,0,1,580.0,1
1823.36,7,232,0,0,0,822.0,1
725.8,6,1313,0,0,0,2188.0,0
1777.84,9,246,0,1,0,7896.0,1
5536.03,6,744,0,0,1,3657.0,1
11992.52,1,367,0,0,1,5234.0,1
3331.34,3,588,0,0,1,1547.0,1
11138.88,4,1187,0,1,0,1624.0,1
766.49,10,942,1,0,0,165.0,1
1913.59,5,663,0,0,0,1905.0,1
2233.72,10,886,0,0,1,1757.0,0
2658.3,7,610,0,0,0,45.0,1
3242.48,8,98,0,0,1,1691.0,1
5948.6,8,987,0,0,0,485.0,1
1910.64,7,1120,0,1,1,2666.0,1
3425.59,2,947,0,0,1,2677.0,1
2849.44,7,210,0,0,1,2173.0,0
1180.99,11,510,0,0,0,1152.0,1
2660.67,6,712,0,1,0,4102.0,1
2582.05,4,1251,0,0,0,2458.0,1
2527.33,6,432,1,0,0,1069.0,1
3077.15,7,881,0,0,0,4312.0,1
3215.29,2,868,0,0,2,1215.0,1
1934.69,5,1137,0,1,1,127.0,1
10643.61,7,924,0,0,0,925.0,1
925.67,7,54,0,1,1,2289.0,1
1449.58,2,1012,0,1,3,256.0,1
48048.38,5,552,1,0,0,1350.0,1
1055.75,5,690,1,0,1,3186.0,1
769.89,3,1273,0,0,0,72.0,1
6213.48,3,773,1,0,1,682.0,0
373.49,1,38,0,0,1,5145.0,0
2356.01,4,689,0,0,0,14776.0,0
25484.48,9,461,0,0,1,1713.0,1
635.91,7,1359,1,0,0,1238.0,1
410.77,8,452,0,0,0,1104.0,1
665.69,4,311,0,1,0,2075.0,0
7319.96,7,1254,0,0,0,2186.0,1
9179.95,6,1439,0,0,2,291.0,1
1785.42,6,583,0,1,2,197.0,1
5902.98,5,1406,0,0,0,185.0,1
11971.16,6,825,0,0,0,185.0,1
17806.99,6,285,0,0,0,1868.0,1
2330.1,7,211,0,0,0,4708.0,1
298.43,8,278,0,0,0,5230.0,1
1311.75,7,932,0,0,0,1542.0,1
1945.35,8,437,1,0,1,2647.0,1
2300.91,7,441,0,0,2,383.0,1
2470.41,3,1155,0,0,2,3567.0,1
9126.11,2,542,0,0,1,289.0,1
10661.86,3,869,0,1,0,166.0,1
2510.72,10,16,0,1,0,688.0,1
8941.73,6,1474,1,0,0,1692.0,1
4262.71,9,233,0,0,0,17.0,1
3179.59,7,971,0,0,0,3883.0,1
7380.11,5,815,0,0,1,341.0,1
3204.31,6,413,0,0,1,1164.0,1
23337.37,9,667,0,0,1,729.0,1
707.39,3,1094,1,0,1,1058.0,1
1780.82,11,358,0,0,0,1354.0,1
2626.69,7,1064,0,0,1,702.0,1
4626.02,8,837,0,0,2,2797.0,1
10593.13,9,138,0,0,0,1416.0,1
2909.11,4,86,0,0,1,4618.0,0
718.93,8,1304,0,0,0,228.0,1
6922.37,6,569,0,0,1,705.0,1
6342.06,4,7,0,0,2,1611.0,1
427.58,7,140,0,1,1,2233.0,1
2969.64,5,354,0,0,0,2200.0,0
607.81,8,1209,0,0,0,1430.0,1
1533.56,6,660,0,0,0,1209.0,1
1208.57,3,1205,0,0,0,835.0,1
6695.99,9,562,0,0,0,4542.0,1
3350.38,5,201,0,0,1,2205.0,1
824.2,10,1096,0,0,0,1626.0,0
7187.26,6,958,0,0,0,4417.0,1
710.66,7,1004,0,0,0,2518.0,1
4146.89,4,1344,0,0,2,3155.0,1
1320.8,5,1244,0,0,0,5010.0,1
2067.97,4,1119,1,0,2,1605.0,1
4935.8,4,63,0,0,1,245.0,1
5021.33,7,655,0,0,0,2359.0,1
11349.96,10,519,0,1,0,7001.0,1
2745.58,10,234,0,0,0,1641.0,1
4049.91,5,183,0,0,0,3821.0,1
1924.19,4,1273,0,0,0,929.0,1
3575.96,6,500,0,1,1,69.0,1
4626.18,9,53,1,0,0,2477.0,1
2701.85,2,150,0,0,0,77.0,1
490.9,9,359,0,1,0,5350.0,1
4152.52,10,1109,1,0,1,1367.0,1
4292.23,9,405,0,0,1,5100.0,0
1509.94,4,346,0,0,0,446.0,1
825.19,5,382,0,1,0,2861.0,1
13041.33,4,1014,1,0,1,761.0,1
4872.9,7,1354,1,0,0,473.0,1
2370.65,5,345,0,0,2,75.0,1
956.2,5,1478,1,0,0,242.0,1
1310.53,3,1470,0,0,0,906.0,1
10966.39,3,247,0,0,0,1042.0,1
3420.91,6,741,0,0,0,1008.0,1
1718.85,6,196,1,0,0,457.0,0
4962.62,4,765,0,0,1,2901.0,1
1320.28,6,530,0,0,2,2054.0,1
13370.99,6,617,0,0,0,133.0,1
11531.07,6,37,0,0,1,985.0,1
1869.5,11,587,0,0,1,943.0,0
1589.75,3,973,0,0,0,3841.0,0
217.43,9,1286,0,0,0,2462.0,1
677.51,7,33,0,0,0,5326.0,0
780.96,7,548,0,0,0,1584.0,1
3412.47,8,239,0,0,0,2147.0,1
2151.17,7,1426,0,0,0,1728.0,1
776.4,6,1425,1,0,0,371.0,1
2250.34,9,591,0,0,0,91.0,1
4941.07,7,132,0,0,1,266.0,1
5053.52,3,1240,1,0,1,1764.0,1
446.0,5,1483,0,0,0,229.0,1
2622.11,4,1240,1,1,3,711.0,1
747.44,5,396,0,0,1,433.0,1
7344.66,3,702,0,0,0,1715.0,1
6529.9,9,671,0,0,1,1653.0,1
1214.36,7,1220,0,0,0,828.0,1
1385.69,5,1384,1,0,0,294.0,1
1879.45,6,1300,0,1,0,3893.0,0
313.31,7,518,0,0,0,818.0,1
4171.24,7,301,0,0,2,881.0,1
2269.14,5,81,0,0,0,515.0,1
7864.98,7,1359,0,0,0,2247.0,1
993.85,4,1305,0,0,0,158.0,1
1605.0,5,107,1,0,1,2167.0,1
660.82,11,1166,1,0,0,3229.0,1
1091.94,5,348,0,0,0,190.0,1
914.17,7,442,1,0,0,3168.0,1
8070.52,5,1389,0,0,1,134.0,1
1482.88,4,411,0,1,1,8141.0,1
3375.08,11,41,1,0,0,1239.0,1
2037.01,6,1460,0,0,1,1847.0,1
837.6,6,1204,1,0,0,419.0,1
2519.21,5,720,0,0,0,984.0,0
5426.79,6,946,0,0,1,2451.0,1
890.91,12,867,0,0,0,265.0,1
6694.98,4,509,1,1,1,1628.0,1
1274.46,3,1199,0,0,2,1677.0,0
1839.07,6,1140,0,0,0,7131.0,1
5067.91,6,468,0,0,0,5831.0,1
1535.43,9,119,0,0,1,2826.0,1
3095.1,7,590,0,0,0,4474.0,0
2176.14,12,162,0,0,0,2655.0,1
3392.65,7,716,0,0,2,440.0,1
275.69,6,34,0,0,1,31.0,1
478.34,5,16,0,0,0,3398.0,1
5519.08,4,1452,0,0,2,636.0,1
8410.04,2,291,0,0,2,4081.0,1
1199.32,8,747,0,0,2,747.0,0
2335.48,6,1338,0,0,2,4082.0,0
4002.68,4,1014,1,0,2,3042.0,1
5962.34,3,795,0,1,0,81.0,1
392.42,7,937,0,0,0,700.0,0
1229.0,4,30,0,0,1,274.0,1
2137.56,3,1441,0,0,0,2186.0,0
6021.79,5,740,1,0,0,362.0,1
36258.55,5,352,0,0,0,1464.0,1
2373.2,2,462,0,0,1,231.0,1
729.98,7,1072,0,0,0,1585.0,1
4457.16,7,1364,0,0,2,1652.0,1
11170.1,5,767,1,0,1,1516.0,1
3320.98,6,490,0,0,0,4806.0,1
1203.94,5,903,0,0,1,28.0,1
7769.76,5,1452,0,0,1,1149.0,1
5788.02,5,300,1,0,0,0.0,1
1068.4,9,841,0,0,0,62.0,1
4365.23,4,1200,1,0,0,1958.0,1
8080.96,6,587,0,1,0,3726.0,1
9719.51,7,889,0,0,0,3067.0,1
2789.31,12,1010,0,1,0,806.0,1
2083.74,5,356,1,0,0,861.0,1
10170.78,11,311,0,0,0,853.0,1
888.77,9,612,1,0,0,890.0,1
4621.98,5,481,0,0,0,805.0,1
757.46,10,1239,0,0,0,467.0,1
8650.53,4,1219,0,0,0,3852.0,1
2302.97,7,1067,0,0,2,2550.0,1
10599.72,6,1210,0,0,1,572.0,1
4872.75,5,1465,1,0,0,1335.0,1
877.24,11,874,0,0,1,330.0,1
12389.79,5,1040,0,0,0,2014.0,1
14062.19,10,1340,0,0,0,384.0,1
7203.24,5,55,0,0,0,2915.0,1
1391.88,10,1096,0,0,1,2623.0,1
2195.11,9,1323,0,0,0,2983.0,1
3447.58,3,1281,0,0,0,1676.0,1
1474.82,11,501,0,0,1,119.0,1
16193.2,7,381,0,0,1,884.0,1
3443.79,2,43,0,0,0,203.0,1
199.67,4,1112,0,0,1,968.0,1
4185.39,4,1165,0,0,1,3996.0,0
2104.52,6,1005,0,0,1,727.0,1
2765.77,4,186,0,0,0,963.0,1
2061.89,4,962,0,0,1,2538.0,0
6681.16,5,929,0,0,1,486.0,1
9133.35,4,78,0,0,3,3168.0,1
3956.26,0,1226,0,0,1,6390.0,1
2123.22,3,1279,0,0,1,5858.0,0
2860.25,3,495,0,0,0,72.0,1
3039.96,6,464,0,0,0,1166.0,1
1336.18,4,1185,0,0,1,466.0,1
5318.4,6,141,0,0,0,22.0,1
4722.26,2,1288,0,0,1,996.0,1
13911.08,3,939,0,0,0,2070.0,1
10460.38,6,1472,1,0,0,46.0,1
1501.66,7,1352,1,1,0,1508.0,1
6770.28,7,1375,1,0,1,129.0,1
1151.76,5,761,0,0,0,1815.0,0
5978.54,6,853,0,0,0,1212.0,1
1778.25,3,1354,0,0,0,2008.0,1
1071.43,10,277,0,0,0,207.0,1
3944.37,4,1335,0,0,1,2054.0,1
205.5,6,63,0,0,1,523.0,1
517.51,7,856,0,0,0,5.0,1
2496.16,4,829,0,0,0,3848.0,1
3237.13,9,31,1,0,0,834.0,1
2060.45,7,1100,1,0,0,4545.0,1
614.35,8,301,0,0,1,1335.0,1
1315.68,3,664,0,0,0,281.0,0
4408.15,4,1052,0,0,0,2398.0,1
5333.6,5,1362,0,0,0,6006.0,1
2932.99,6,545,0,0,0,2154.0,1
9479.0,6,783,1,0,0,3879.0,1
4435.51,10,1308,0,0,1,281.0,1
1411.69,7,1064,0,0,0,270.0,1
2251.83,3,1001,1,0,2,89.0,1
732.99,3,332,0,0,0,1100.0,1
2675.42,9,926,0,0,2,496.0,1
9064.32,7,1368,1,0,0,2953.0,1
5915.26,6,58,0,0,0,270.0,1
12112.69,5,84,0,0,1,7532.0,1
2201.99,9,275,0,0,3,1915.0,1
11454.06,9,960,0,0,0,663.0,1
2457.0,5,900,0,0,0,5736.0,0
12985.45,7,26,0,0,0,2501.0,1
2916.51,4,1203,0,0,1,166.0,1
6046.48,3,274,1,0,0,4052.0,1
13031.34,6,481,0,0,0,1857.0,1
2456.7,10,171,0,0,1,434.0,1
3708.52,5,894,0,0,2,36.0,1
10816.88,9,1471,0,0,1,2899.0,1
2609.72,4,981,1,0,1,1127.0,1
795.61,5,1047,0,0,0,227.0,1
25412.77,6,1355,0,0,1,1617.0,1
1863.54,6,827,0,0,0,2940.0,1
3493.84,8,1414,0,0,0,1910.0,1
9471.16,9,326,0,0,0,3180.0,1
1622.15,1,1259,0,0,1,1892.0,0
1088.04,7,997,0,0,1,15078.0,0
3841.96,6,1483,0,0,3,918.0,1
496.17,7,1124,1,0,0,341.0,1
2235.22,11,776,0,1,0,3226.0,1
3808.68,7,1368,0,1,1,977.0,1
2275.71,1,1290,0,0,0,1334.0,0
636.86,7,152,0,0,0,2150.0,1
14679.07,8,1141,0,0,0,182.0,1
3306.15,4,673,0,0,1,325.0,1
12470.89,3,872,0,0,1,425.0,1
2298.39,2,1479,0,0,1,528.0,0
1236.44,4,1456,0,0,1,1583.0,0
3901.75,4,1413,0,0,1,2772.0,1
2402.37,7,175,0,0,1,2367.0,0
918.04,7,1143,1,0,0,261.0,1
12962.09,6,1086,0,0,1,981.0,1
1599.95,8,601,0,0,0,2584.0,1
473.3,5,1034,0,0,1,772.0,0
11250.48,6,1105,0,1,0,532.0,1
1800.29,7,168,0,0,1,159.0,1
1623.23,5,1038,0,0,0,1577.0,0
510.1,6,701,0,0,0,485.0,1
16999.54,6,715,0,0,0,859.0,1
821.0,5,768,0,1,0,1066.0,1
3160.39,4,10,0,0,0,637.0,1
7425.09,6,1391,0,0,1,5975.0,0
4544.7,8,1070,0,0,0,3058.0,1
2808.33,7,745,1,1,1,292.0,1
543.67,10,350,0,0,0,211.0,1
1326.47,4,818,0,0,1,1050.0,1
3596.8,10,635,1,0,0,1389.0,1
1356.72,4,1166,0,0,0,363.0,0
3653.2,8,899,0,0,0,1653.0,1
5894.31,5,824,0,0,1,1353.0,1
7804.87,5,789,0,0,0,1005.0,1
874.65,6,662,0,1,1,510.0,1
26813.11,5,1092,0,0,1,956.0,1
6421.96,8,791,1,0,0,5062.0,1
2975.85,15,1273,1,0,1,950.0,1
8862.08,2,1412,0,0,0,2538.0,1
31742.37,7,1094,0,1,0,31.0,1
707.18,6,422,0,0,0,289.0,1
2379.72,8,1009,0,0,0,510.0,1
276.32,6,793,0,0,0,1946.0,1
3614.29,7,443,0,0,0,1388.0,1
4295.8,8,386,1,0,2,1625.0,1
2866.47,8,570,0,0,0,1042.0,1
1549.16,7,1342,0,0,0,2609.0,1
383.94,8,421,0,0,0,217.0,1
4330.91,7,994,0,0,0,1085.0,1
12777.42,8,277,0,0,0,2334.0,1
1650.74,7,895,0,0,2,918.0,1
4628.83,6,623,0,0,0,810.0,1
621.33,9,695,0,0,1,1183.0,1
4708.92,7,1150,0,0,0,49.0,1
2011.46,6,1016,0,0,1,2571.0,0
1390.73,6,508,0,1,0,2444.0,1
1393.59,12,1392,0,0,0,3257.0,1
2011.0,9,1096,0,0,2,268.0,1
4369.63,6,71,1,0,1,2844.0,1
802.58,6,193,0,0,1,2540.0,1
2003.97,7,515,0,0,2,4018.0,1
2859.86,6,502,0,0,0,208.0,1
993.23,6,287,0,0,0,3035.0,1
17973.71,8,1352,0,0,0,873.0,1
1269.66,5,1139,0,0,0,156.0,0
1526.24,6,1397,0,0,0,2974.0,1
1120.68,4,25,0,0,1,2679.0,0
18006.36,6,796,0,0,0,1744.0,1
5181.79,4,503,0,0,1,1174.0,1
1168.42,5,473,0,0,1,585.0,0
9011.27,4,253,0,0,1,4921.0,1
3643.5,7,1396,0,0,0,2258.0,1
3855.49,6,257,0,0,0,1040.0,1
2112.28,7,1360,0,1,0,895.0,1
1408.93,7,509,0,0,2,2008.0,1
4178.74,11,1146,1,0,0,886.0,1
1728.33,7,387,0,0,0,461.0,1
18338.46,3,875,0,0,0,1329.0,1
837.74,7,1072,0,0,2,2483.0,1
13851.61,8,869,1,0,1,5341.0,1
2666.92,6,880,0,0,1,562.0,1
4020.2,5,1294,0,1,0,787.0,1
6857.91,9,170,0,0,0,214.0,1
1587.24,4,241,0,0,1,3418.0,1
7074.47,6,631,0,0,0,1857.0,1
198.83,3,335,0,0,0,2937.0,0
1451.0,6,791,0,0,2,126.0,1
1183.15,8,962,0,0,1,1028.0,1
851.07,5,1372,0,0,0,3068.0,1
2404.37,9,1215,0,0,0,269.0,1
4384.15,2,231,0,0,1,1478.0,1
6018.9,5,347,0,0,2,1289.0,1
3792.86,4,662,0,0,1,1.0,1
1531.97,5,1358,0,1,1,670.0,0
4311.39,3,1463,0,0,0,1082.0,1
3375.46,5,1041,0,0,1,3561.0,0
7601.16,2,1335,0,0,2,1484.0,1
6482.99,3,1464,0,0,0,494.0,1
3073.21,2,386,0,0,1,492.0,1
1215.3,12,1340,0,0,0,3680.0,1
1551.61,6,158,0,0,2,1227.0,1
1720.23,7,1309,0,0,0,3827.0,0
2174.89,7,615,0,0,1,2070.0,1
3897.34,6,891,0,0,2,1091.0,1
6094.7,3,512,1,0,2,4734.0,1
2832.4,5,1364,0,0,0,181.0,1
3029.41,9,608,0,0,2,1839.0,1
3440.27,5,385,0,0,2,7573.0,1
1779.51,5,917,0,0,1,4864.0,1
1181.58,9,454,0,0,0,985.0,0
515.2,8,1491,0,0,0,465.0,1
1487.5,5,848,0,0,0,411.0,1
4784.54,5,974,0,0,0,134.0,1
1476.0,6,10,0,0,1,6145.0,1
2350.05,6,397,1,0,0,2284.0,1
4752.52,4,352,0,0,0,881.0,1
5017.51,10,222,0,0,0,1346.0,1
1012.79,7,198,0,0,0,1178.0,1
8079.29,6,461,0,0,0,654.0,1
9203.6,6,121,1,0,1,793.0,1
963.09,6,191,0,0,0,2003.0,1
1307.88,5,978,0,0,1,508.0,1
9809.34,5,850,0,0,1,3.0,1
2573.82,7,727,0,0,0,5133.0,0
323.83,6,228,0,0,0,73.0,1
735.33,3,412,0,1,1,1300.0,0
2323.04,1,1201,0,0,2,1663.0,1
931.65,6,1168,0,0,1,289.0,1
1971.55,10,1433,0,0,0,571.0,1
3079.11,2,1194,0,0,0,995.0,0
12864.86,5,924,0,1,0,192.0,1
2229.53,6,285,0,0,2,892.0,1
8712.74,0,1371,0,0,1,10349.0,1
12441.09,6,973,0,0,0,5333.0,1
12510.33,4,464,0,1,0,912.0,1
3962.99,8,1024,0,0,0,3859.0,1
418.51,5,1313,0,0,0,1440.0,1
4725.95,9,228,0,0,1,7209.0,1
8504.92,4,393,0,0,1,1583.0,1
2748.84,3,116,0,0,0,156.0,1
17061.57,2,395,1,0,0,1777.0,1
7043.31,4,345,0,0,0,843.0,1
5262.04,3,289,0,0,1,2285.0,1
8834.15,3,554,0,0,0,816.0,1
4160.41,5,852,0,0,1,729.0,1
246.46,4,226,0,0,1,1967.0,1
1809.6,6,315,0,0,0,188.0,1
9869.14,4,537,0,0,1,358.0,1
1329.3,6,975,0,0,0,948.0,1
2383.98,5,411,0,0,1,22.0,0
1048.55,2,498,0,0,0,385.0,0
17746.13,6,481,0,1,1,1472.0,1
16018.39,9,223,0,0,0,2345.0,1
1231.68,6,77,0,0,0,814.0,0
3454.03,6,41,1,0,1,1055.0,1
1509.46,7,1246,0,0,1,769.0,1
5513.44,5,977,1,1,0,157.0,1
4962.59,6,210,1,0,1,5088.0,1
6712.36,6,1429,0,0,2,1209.0,1
4154.38,5,1376,0,0,1,234.0,1
56128.91,7,1484,0,0,0,3887.0,1
1066.43,6,1081,0,0,2,1119.0,1
538.83,4,845,0,0,1,1291.0,0
2012.05,6,44,0,0,1,2593.0,1
621.42,4,753,0,0,2,1160.0,1
670.17,8,1001,0,0,0,1268.0,1
1095.19,3,250,1,0,0,127.0,1
1185.37,7,846,0,0,0,1203.0,1
1147.55,6,80,0,0,0,504.0,1
5005.13,8,562,0,0,0,871.0,1
1796.89,9,1215,0,0,0,1571.0,1
2491.11,8,1247,0,1,1,114.0,0
7289.81,4,130,0,1,0,167.0,1
1385.31,7,485,0,0,0,917.0,1
2288.05,6,1170,0,0,0,1909.0,1
4297.38,7,1166,0,0,1,2191.0,1
427.7,6,962,0,0,0,5303.0,1
274.54,9,664,0,0,1,60.0,1
4213.79,5,1342,0,0,0,524.0,1
4875.68,4,578,0,0,2,3583.0,1
23487.42,7,1048,0,0,1,513.0,1
3491.53,3,696,0,0,0,1064.0,1
6766.5,7,1281,0,0,0,1844.0,1
2451.68,5,46,0,0,1,5194.0,1
4012.73,5,629,0,0,0,4183.0,1
15791.97,8,587,1,0,0,1695.0,1
356.38,4,889,0,0,1,2037.0,1
4508.03,5,392,0,0,1,3911.0,1
25224.9,3,925,1,0,1,1683.0,1
3952.23,7,507,0,0,1,469.0,1
15530.68,4,286,1,0,0,104.0,1
1588.89,4,746,0,0,0,1597.0,0
2886.94,7,857,0,0,0,2633.0,1
3082.59,9,835,1,0,0,2180.0,1
324.54,2,1281,0,0,0,1591.0,0
926.88,13,987,1,0,0,1203.0,1
995.38,4,792,0,0,1,2079.0,0
6782.26,8,104,0,0,0,143.0,1
7130.62,7,131,0,0,0,1352.0,1
4121.76,5,1473,0,0,0,409.0,1
6796.09,4,569,0,1,0,1753.0,1
2529.69,5,1351,0,0,1,37.0,1
9916.27,5,631,0,1,0,3436.0,1
3007.27,7,374,0,0,1,1309.0,1
3158.54,3,267,0,1,0,1158.0,1
2285.65,7,1476,0,0,0,4499.0,0
5910.29,7,82,0,0,1,519.0,1
1956.28,6,1419,0,0,0,460.0,1
7914.34,5,737,0,0,0,25.0,1
960.88,5,107,0,0,0,131.0,1
993.35,7,578,0,0,1,323.0,1
5927.91,6,1462,0,0,1,1097.0,1
2728.36,4,622,0,0,0,2799.0,1
1893.36,11,777,0,0,0,305.0,1
7259.44,5,701,0,0,0,403.0,1
1624.15,8,911,0,0,0,1030.0,1
2440.11,5,573,0,0,0,5852.0,0
12079.05,5,764,1,1,0,7443.0,1
13893.03,9,930,0,1,2,3556.0,1
14362.82,5,975,0,0,0,11.0,1
2248.18,7,353,0,0,1,1597.0,1
10205.71,6,748,0,0,0,338.0,1
1154.07,3,1204,0,0,0,3684.0,0
1203.63,1,996,0,0,0,1327.0,1
284.16,9,1194,0,0,1,1546.0,1
15880.83,7,526,0,0,3,899.0,1
1256.42,7,637,0,0,0,413.0,1
2626.66,8,747,1,0,0,2394.0,1
1199.52,6,1039,0,0,0,1331.0,1
5973.96,7,33,0,0,0,4119.0,1
2047.48,4,1411,0,0,0,515.0,1
808.5,8,263,1,0,0,376.0,1
4636.26,8,302,0,0,0,1314.0,1
710.71,6,945,0,0,1,2304.0,0
1290.25,2,1448,0,0,0,44.0,1
362.53,7,1065,0,0,0,633.0,1
717.69,1,1268,0,0,0,1304.0,0
3563.61,4,1077,1,0,2,411.0,1
417.99,3,568,0,0,0,1099.0,0
677.8,5,1093,0,0,0,2073.0,0
2973.9,4,282,0,0,1,3371.0,1
1730.89,10,1396,0,0,0,143.0,1
21851.76,8,258,0,0,0,181.0,1
18655.5,4,1018,0,0,0,6925.0,1
1251.47,8,1330,0,0,2,5231.0,1
5203.76,9,125,0,0,0,2237.0,1
6306.16,14,769,0,0,1,1499.0,1
1640.11,6,1092,0,0,0,4099.0,0
668.11,7,924,0,0,0,2495.0,1
2944.52,6,618,0,0,1,1690.0,1
2507.78,5,1400,0,0,0,3009.0,1
1927.99,10,58,1,1,0,758.0,1
4639.29,5,58,0,0,0,61.0,1
1407.08,4,1162,0,0,1,512.0,1
942.0,6,1167,0,0,0,4137.0,1
3324.53,6,274,0,0,1,3418.0,1
4385.11,2,140,0,1,0,703.0,1
919.06,8,1224,1,0,1,2100.0,1
7540.85,6,682,0,0,1,6904.0,1
507.51,8,577,0,0,1,3916.0,1
1672.19,4,675,0,0,1,1854.0,0
2303.05,6,326,0,0,0,1069.0,1
1577.78,5,759,1,1,0,1718.0,1
1694.16,5,1070,0,0,0,7374.0,0
19362.13,10,1168,0,0,0,671.0,1
1272.98,4,567,0,0,1,157.0,1
34242.46,6,1383,1,0,0,6968.0,1
4615.28,6,1140,0,0,1,812.0,1
3268.4,6,1437,0,0,0,1068.0,1
4799.37,4,1154,0,0,0,703.0,1
37418.77,6,1400,1,0,1,710.0,1
1103.68,6,305,0,0,1,524.0,1
972.22,6,836,0,0,1,819.0,0
1401.27,3,852,0,0,0,2612.0,1
3078.33,8,49,0,0,0,983.0,1
530.72,4,136,0,0,0,2074.0,1
3048.3,7,182,0,0,0,1924.0,1
16212.65,8,1026,0,0,0,1917.0,1
3468.26,7,631,0,0,0,2710.0,1
2224.56,3,594,0,0,0,2391.0,1
1606.54,4,1198,0,1,0,1007.0,1
7321.07,5,545,0,0,0,571.0,1
1305.27,5,522,0,0,1,1387.0,1
18890.15,6,441,1,0,0,761.0,1
20606.46,7,82,0,0,1,623.0,1
3853.55,9,991,0,0,0,1046.0,1
2946.83,6,719,0,0,0,1228.0,1
8355.37,10,180,1,0,1,456.0,1
8908.83,13,359,0,0,0,2788.0,1
1331.43,7,738,0,0,0,278.0,1
1760.66,7,52,0,0,0,2951.0,1
794.45,9,1108,0,0,0,357.0,1
4487.56,6,32,0,0,1,1440.0,1
5805.89,8,638,0,0,0,279.0,1
772.84,1,1408,0,0,1,2410.0,1
1890.89,4,1460,0,0,0,2027.0,0
774.91,9,284,1,0,0,1104.0,1
1213.42,6,1306,0,0,0,2884.0,0
5172.01,2,1447,1,0,0,800.0,1
1431.56,4,998,0,0,0,621.0,1
2206.52,4,235,0,0,1,622.0,1
585.63,6,62,0,1,2,1029.0,1
3593.89,6,1443,0,0,0,989.0,1
2851.86,6,609,0,0,0,566.0,0
1438.05,3,112,0,0,0,3394.0,1
2467.56,8,1038,1,0,1,3758.0,1
3569.91,7,1161,0,0,1,2418.0,1
1319.66,4,7,1,0,0,766.0,1
681.12,5,1047,0,1,0,1648.0,1
18134.55,5,313,0,0,0,357.0,1
1582.45,6,1479,0,0,1,1357.0,1
2706.04,8,1217,0,0,0,231.0,1
8191.4,5,148,1,0,0,385.0,1
101626.05,6,569,0,0,1,1710.0,1
858.78,6,942,0,0,1,1204.0,1
4674.27,7,355,0,1,0,3202.0,1
1469.16,11,244,0,0,3,3488.0,1
1739.25,5,8,0,0,0,144.0,1
1450.68,3,991,0,0,3,165.0,1
967.14,8,1043,0,1,1,4435.0,1
2860.38,1,965,1,0,2,1338.0,1
682.32,4,546,0,0,1,12.0,0
7683.32,6,464,0,0,0,2876.0,1
3149.51,5,1287,0,0,1,2734.0,1
4547.96,9,873,0,0,0,1146.0,1
1870.22,16,21,0,0,0,4456.0,1
2064.82,7,44,0,0,2,1511.0,1
3974.14,6,1305,0,0,0,1029.0,1
930.71,8,1154,0,0,0,997.0,1
2083.93,1,328,0,0,1,1366.0,0
1261.92,6,595,0,0,0,409.0,1
1223.45,10,106,0,0,0,583.0,1
361.46,10,613,1,0,1,832.0,1
11376.74,6,851,1,0,0,282.0,1
1500.36,12,1473,0,0,0,294.0,1
9541.21,6,924,0,0,0,158.0,1
8680.13,4,462,0,0,1,4484.0,1
823.86,5,663,0,1,1,4280.0,1
1003.84,6,392,1,1,0,4420.0,1
38580.53,4,1059,1,1,0,4826.0,1
17170.12,5,1175,0,0,0,525.0,1
2888.47,8,302,1,0,1,2590.0,1
3855.95,11,1095,0,0,1,1190.0,1
1586.29,10,1235,0,0,0,0.0,1
4593.29,5,92,0,0,0,3179.0,1
1455.08,6,550,0,0,0,2124.0,1
390.59,5,36,0,0,0,2199.0,0
795.08,6,1460,0,0,0,2517.0,1
3044.5,5,1405,0,1,0,617.0,1
961.92,8,530,0,0,0,1319.0,1
2787.0,8,422,0,0,1,894.0,1
1017.74,2,138,0,0,0,1951.0,0
1363.28,11,794,0,0,0,1493.0,1
6996.5,4,207,1,0,0,230.0,1
3817.99,7,1339,0,0,0,714.0,1
2952.29,3,465,0,0,1,1043.0,1
7179.35,4,911,1,0,0,901.0,1
4820.38,6,118,0,0,0,1408.0,1
12664.57,6,324,0,0,1,59.0,1
1882.09,4,219,0,0,0,1127.0,1
1939.85,4,263,0,0,1,309.0,0
811.51,5,1188,0,0,0,216.0,0
1941.12,7,628,0,0,2,403.0,1
7822.58,8,1245,0,0,0,4402.0,1
10937.88,10,304,0,0,1,45.0,1
7787.73,4,917,0,0,2,4219.0,1
495.62,10,239,1,0,0,1523.0,1
8805.62,4,701,0,0,0,3420.0,1
474.13,4,521,1,1,0,2027.0,1
7318.18,4,693,0,0,0,208.0,1
2063.62,5,1267,0,0,1,1024.0,0
6018.14,5,1273,0,1,1,4658.0,1
786.47,7,1198,0,0,0,4015.0,1
9615.85,9,737,0,0,0,3871.0,1
688.85,5,962,1,0,0,1987.0,1
1527.74,5,1108,0,1,0,577.0,1
1098.72,6,1133,0,0,2,3850.0,1
515.8,5,90,0,0,0,6374.0,1
3276.49,7,1155,0,0,0,292.0,1
18143.89,7,1449,1,0,0,911.0,1
42911.93,6,819,0,1,1,302.0,1
3285.11,2,1045,0,0,2,6094.0,0
9105.93,7,755,0,0,0,325.0,1
3759.7,3,1281,0,0,0,1438.0,1
4909.28,3,149,0,0,0,3057.0,1
2117.2,5,111,0,0,1,426.0,1
3623.07,9,747,1,0,1,877.0,1
5102.46,7,313,0,0,2,400.0,1
1671.61,5,172,0,0,1,3184.0,1
2758.67,7,668,0,0,0,449.0,1
2811.77,7,1380,1,1,1,1142.0,1
6811.74,5,483,0,0,1,2267.0,1
1026.56,3,1453,0,0,0,5213.0,0
2831.21,9,981,1,1,2,747.0,1
20171.09,5,1086,0,0,1,90.0,1
9547.74,6,1431,0,0,2,2483.0,1
11489.39,7,898,0,0,2,3149.0,1
3054.69,7,1093,1,0,0,2394.0,1
4109.26,5,323,1,0,2,1195.0,1
8121.22,8,1289,1,0,1,492.0,1
14189.47,6,1080,0,0,0,966.0,1
423.43,5,553,0,1,0,298.0,1
799.96,9,1366,1,0,0,1734.0,1
11041.81,6,1044,0,0,1,85.0,1
2259.98,8,60,0,0,0,298.0,0
1522.76,8,553,0,0,0,1654.0,1
850.51,8,804,0,0,0,1867.0,0
1711.26,11,324,0,0,0,1113.0,1
733.36,8,143,0,0,1,352.0,1
24127.18,4,960,0,1,2,590.0,1
2914.82,4,1489,0,0,0,557.0,1
2813.12,11,1322,0,0,0,624.0,1
5367.28,2,926,1,0,0,111.0,1
7803.64,4,1124,0,0,0,13.0,1
7676.26,5,1037,0,0,0,13.0,1
8722.16,7,582,0,0,0,412.0,1
1586.29,7,799,0,1,0,445.0,1
2213.06,6,1424,0,0,0,918.0,1
6431.94,8,1300,0,0,0,1363.0,1
1759.19,4,656,0,0,0,5579.0,0
2965.77,8,1214,0,0,0,400.0,1
4441.57,6,467,0,0,1,2471.0,1
6536.68,8,1277,0,0,0,194.0,1
503.87,2,1191,0,0,0,2374.0,0
6092.08,9,1248,0,0,0,1009.0,0
2359.67,9,431,0,1,0,1881.0,1
6047.85,8,611,0,0,0,4215.0,1
6482.95,5,757,0,0,1,2272.0,1
14882.11,3,885,1,0,0,1977.0,1
11538.6,4,376,0,0,2,3328.0,1
11459.47,4,52,0,0,0,914.0,1
12627.98,4,789,0,1,1,979.0,1
3989.33,1,872,0,0,2,1159.0,1
3078.46,6,794,1,0,0,2797.0,1
7135.35,10,1415,0,0,0,3841.0,1
6198.61,2,871,0,0,0,1106.0,1
2188.42,3,1006,0,0,0,1882.0,1
4468.57,3,928,0,0,1,2559.0,1
2878.15,6,1125,0,0,1,1166.0,1
1269.1,7,891,1,0,0,1051.0,1
10834.17,5,1284,0,0,1,1925.0,1
3150.13,8,1190,0,0,0,63.0,1
23125.89,7,1005,0,0,1,2668.0,1
586.7,6,338,0,0,1,341.0,0
1708.24,8,1386,0,0,0,696.0,0
3079.86,8,142,0,0,0,423.0,1
9296.39,9,1076,0,0,1,677.0,1
4444.71,5,1441,0,0,1,4143.0,1
4066.23,6,672,0,0,0,7451.0,1
965.59,4,1320,0,0,0,59.0,0
937.35,4,1393,0,0,0,251.0,1
4115.45,6,159,0,0,0,939.0,1
761.96,10,807,0,0,0,62.0,1
1751.32,6,411,0,0,1,1121.0,1
4919.28,4,1205,0,0,0,679.0,1
1116.19,6,889,0,0,1,1303.0,1
14844.07,8,1361,0,0,2,279.0,1
10136.89,3,478,1,0,0,1005.0,1
619.29,7,646,0,0,0,2534.0,1
1173.36,5,1465,0,0,1,861.0,0
303.15,7,715,0,0,0,3656.0,1
1362.95,7,902,0,0,1,350.0,0
6414.96,11,222,0,0,0,861.0,1
1970.62,3,82,0,0,2,108.0,1
4725.82,2,809,0,0,0,127.0,1
650.45,6,388,1,0,2,1481.0,0
6620.82,2,521,0,0,0,2547.0,1
1711.1,7,67,0,0,0,4643.0,0
3017.46,8,323,0,0,0,793.0,1
2716.57,4,46,0,0,0,2437.0,1
835.85,8,475,0,0,0,74.0,1
940.97,5,1208,0,0,0,415.0,1
7846.28,8,1209,1,0,0,1085.0,1
4442.59,4,461,0,0,1,2859.0,1
8518.96,8,624,0,1,0,725.0,1
4124.33,8,14,0,0,2,4650.0,1
3439.19,4,357,0,0,0,2138.0,1
530.59,8,313,0,0,2,1240.0,1
2274.77,5,541,0,0,1,1532.0,1
2900.43,7,472,0,0,2,1527.0,1
21017.43,3,911,0,0,0,1744.0,1
5925.12,5,1381,1,0,0,2698.0,1
13850.29,8,1166,0,0,0,2619.0,1
5418.3,5,872,0,0,1,1112.0,1
1463.66,6,479,0,0,1,1120.0,1
3351.37,8,1405,1,0,0,1411.0,1
3775.26,4,282,0,0,0,371.0,1
1165.43,10,1217,0,0,0,1683.0,1
2029.64,6,1305,1,0,0,3084.0,1
2426.57,8,62,0,0,2,823.0,1
14847.99,7,661,0,0,0,896.0,1
372.14,1,1331,0,0,1,1660.0,1
9954.88,6,98,0,0,0,997.0,1
1168.18,4,579,1,0,0,361.0,1
755.91,11,369,0,0,1,208.0,1
9700.59,7,1462,0,1,1,1654.0,1
6197.48,5,263,0,0,0,931.0,1
10451.69,3,523,0,0,0,2789.0,1
6638.9,6,976,0,0,0,2334.0,1
23384.88,10,1266,0,0,1,4311.0,1
5212.03,6,1491,0,1,0,1411.0,1
2549.17,9,148,0,0,0,304.0,1
4200.36,6,954,0,0,1,577.0,1
10336.84,7,1143,0,0,0,4675.0,1
1367.34,6,330,0,1,0,649.0,1
1553.26,0,120,0,0,0,1178.0,1
2188.65,7,1209,0,1,1,975.0,1
363.37,5,622,0,0,0,4098.0,1
3422.34,4,534,0,1,1,2679.0,1
452.09,9,103,0,0,1,65.0,1
3143.4,8,13,0,0,1,1130.0,1
7081.85,4,333,1,0,0,1232.0,1
1850.34,8,1309,0,1,0,126.0,1
15948.43,7,941,0,0,2,790.0,1
691.94,4,777,1,0,2,972.0,1
9811.01,4,1020,0,0,1,3390.0,1
5855.5,4,858,0,0,1,5786.0,1
535.91,4,1158,0,0,0,746.0,1
44837.24,4,545,0,0,0,1364.0,1
2796.87,5,285,1,0,2,4915.0,1
1239.57,7,800,0,0,1,1145.0,0
729.9,7,273,0,0,1,694.0,1
2392.23,5,1491,0,1,1,214.0,1
2624.36,3,1084,0,0,0,1636.0,0
3303.2,15,676,0,0,1,1774.0,1
2213.22,9,1398,0,0,1,1112.0,1
5615.16,7,343,0,1,0,2216.0,1
2023.07,7,1378,0,0,0,1229.0,1
430.54,11,1425,0,1,1,2384.0,1
2567.37,5,269,0,0,0,258.0,1
279.37,11,1286,0,0,1,172.0,1
4246.16,7,191,0,0,0,2558.0,1
1119.57,3,426,0,0,0,3047.0,1
3509.96,12,996,0,0,1,436.0,1
11093.06,7,665,0,0,0,123.0,1
1154.3,5,824,0,0,0,126.0,1
8614.97,4,947,0,0,0,482.0,1
1932.58,8,1091,0,0,0,1411.0,0
17209.12,9,568,0,0,1,1765.0,1
2069.06,9,623,1,1,1,3475.0,1
1286.28,7,1039,0,0,0,3441.0,1
5926.79,5,447,0,0,0,3363.0,1
1927.95,7,1326,1,0,0,506.0,1
1285.05,4,522,0,0,0,1406.0,1
1848.56,7,645,0,0,1,1720.0,1
2850.91,9,422,0,0,0,1157.0,1
11409.25,5,469,0,0,1,46.0,1
430.92,7,172,0,0,0,836.0,1
3050.56,4,1153,0,0,0,273.0,1
5568.63,6,793,0,0,0,29.0,1
3617.17,5,157,0,0,0,218.0,1
11046.46,7,426,1,0,3,2582.0,1
2767.38,3,994,0,1,0,2042.0,1
2478.6,12,443,1,0,1,1340.0,1
5390.16,8,595,0,0,0,3204.0,1
3292.21,3,1206,0,1,1,948.0,1
2017.45,5,51,0,0,0,642.0,1
4994.76,3,684,0,0,0,947.0,1
1552.27,3,310,0,0,0,275.0,1
1617.8,3,256,0,0,1,1890.0,0
1758.13,6,189,0,0,0,1199.0,1
11534.17,12,800,0,0,0,6045.0,1
118.98,6,726,0,0,0,1884.0,0
4427.54,13,257,0,0,2,1937.0,1
3084.89,9,741,0,0,1,2029.0,1
555.09,4,280,1,0,0,244.0,1
4063.2,6,305,0,0,0,4332.0,1
4797.03,2,604,1,0,0,930.0,1
5375.67,9,481,0,0,0,532.0,1
210.22,9,1297,0,0,0,69.0,1
11688.84,6,1305,0,0,0,2296.0,1
1425.48,9,1087,0,0,0,1797.0,1
5922.82,4,2,0,0,1,827.0,1
6254.61,4,1387,0,0,2,767.0,1
1240.54,5,1138,1,0,0,1587.0,1
5770.19,3,1230,0,0,2,149.0,1
2027.39,8,1189,0,0,0,5497.0,0
375.64,6,757,0,0,1,527.0,1
9582.96,7,75,0,0,0,704.0,1
1373.28,7,571,0,0,1,774.0,1
1268.39,4,1456,0,0,0,3158.0,0
1992.08,2,73,0,0,0,108.0,1
3913.69,6,1252,0,0,1,1136.0,1
2815.03,8,1046,0,0,0,2928.0,1
5156.78,7,171,1,0,0,3441.0,1
780.95,8,1254,0,1,0,1681.0,1
1418.87,4,755,0,0,0,806.0,0
2654.48,5,372,0,0,0,1904.0,1
19888.31,8,1207,0,0,0,552.0,1
2660.28,3,576,0,0,0,277.0,0
8823.93,3,9,1,0,3,468.0,1
3098.13,4,204,0,0,1,2275.0,1
1837.83,7,935,0,0,0,3163.0,1
2329.19,2,1186,0,0,0,597.0,1
2518.91,7,459,1,1,0,3429.0,1
5451.5,8,1343,0,0,0,1874.0,1
11785.34,5,944,0,0,0,778.0,1
4271.33,3,687,1,1,0,6837.0,1
9770.06,7,913,0,0,0,286.0,1
1135.93,2,1233,1,0,2,2942.0,0
1969.17,4,375,0,0,1,1913.0,0
1444.76,11,720,0,0,1,6171.0,1
4082.42,9,556,0,0,0,3253.0,1
2081.91,8,808,0,0,1,1094.0,1
6184.32,5,1384,0,0,1,3199.0,1
1174.97,4,1239,0,0,1,1.0,0
3112.03,12,307,0,0,0,92.0,1
5924.54,7,723,0,0,0,1233.0,1
377.93,5,818,0,0,1,1961.0,0
24875.32,5,705,0,0,1,101.0,1
2245.87,4,432,0,0,1,2671.0,1
393.45,11,536,0,0,0,2400.0,0
3491.53,3,701,1,0,0,218.0,0
3082.34,5,54,0,1,1,1133.0,1
2746.56,4,53,1,0,1,931.0,1
8032.02,9,305,0,1,0,1238.0,1
6294.58,3,1148,0,0,0,158.0,1
4015.34,5,885,0,0,1,496.0,1
4675.8,7,858,0,0,0,11340.0,1
2685.55,5,168,0,0,0,1737.0,1
17597.13,9,966,0,0,0,1893.0,1
679.12,8,1474,0,0,1,1617.0,1
3427.72,3,893,0,0,0,2389.0,1
3181.23,4,34,0,1,1,2733.0,1
6722.94,5,914,0,0,0,21.0,1
1281.96,6,344,0,0,1,982.0,1
521.3,7,1484,0,1,2,6329.0,0
3487.09,5,664,1,0,0,1912.0,1
3949.05,2,72,0,0,0,3985.0,1
13221.5,5,129,0,0,1,858.0,1
836.84,10,921,0,0,0,214.0,1
9458.73,5,10,0,0,1,337.0,1
31806.13,4,1124,1,0,0,748.0,1
2043.12,9,297,0,0,0,5406.0,1
819.8,2,519,1,0,0,6263.0,1
1984.31,7,819,0,0,0,3561.0,0
3023.0,4,794,0,0,0,1478.0,0
5238.49,7,739,0,0,1,1485.0,1
1650.12,7,160,0,0,1,3243.0,1
14117.9,6,690,0,0,1,105.0,1
977.96,5,119,1,0,0,985.0,1
523.63,4,808,0,0,2,1772.0,0
9015.59,7,96,0,0,1,181.0,1
306.55,3,503,0,0,0,162.0,1
2430.54,6,850,0,0,0,475.0,0
67351.55,2,359,1,0,0,1582.0,1
2945.27,7,86,0,0,1,3273.0,1
971.88,6,1295,0,0,0,1656.0,1
2814.68,8,1257,0,0,0,1964.0,1
2833.31,10,919,0,0,1,695.0,1
3500.46,5,1129,0,0,0,937.0,1
5780.6,7,141,0,1,0,2776.0,1
1054.57,3,1046,0,0,0,2731.0,1
16115.68,4,86,0,0,0,8252.0,1
3808.97,8,832,0,0,0,13.0,1
6165.93,4,349,0,0,0,2233.0,1
1590.57,4,643,0,1,0,6436.0,1
10790.08,8,19,0,0,2,4379.0,1
2305.26,6,1260,0,0,0,817.0,0
3934.55,7,100,0,0,3,1156.0,1
1172.5,11,435,0,1,0,1166.0,1
1100.0,8,198,0,0,0,1743.0,1
5932.53,9,270,0,0,0,890.0,1
1912.93,5,668,1,1,1,257.0,1
1269.24,5,415,0,0,1,3315.0,1
1566.84,3,697,0,0,1,1515.0,1
5996.63,6,474,0,1,0,5639.0,1
1589.16,3,1139,0,0,1,561.0,1
2650.08,11,902,0,0,0,1579.0,1
3026.09,5,1017,0,0,1,174.0,1
438.19,8,1322,0,0,2,433.0,1
684.63,6,1417,0,0,0,2311.0,1
4172.53,12,81,1,0,1,1635.0,1
1426.49,7,283,0,0,1,7245.0,1
8576.02,3,1381,0,0,0,776.0,1
7838.53,4,488,0,0,0,1346.0,1
6119.09,2,772,0,0,0,13572.0,0
18393.85,8,746,0,0,0,75.0,1
2743.28,4,1200,0,0,1,1674.0,1
5703.77,5,1224,0,0,0,6752.0,0
1661.7,5,395,0,0,0,597.0,1
34626.34,4,1341,0,0,2,5.0,1
21668.91,4,1110,0,0,0,495.0,1
3016.58,4,948,0,0,0,1196.0,1
4387.81,5,33,0,0,1,259.0,0
11606.23,5,362,0,0,0,1459.0,1
2573.08,4,172,0,0,0,2478.0,1
1545.92,1,800,0,0,0,298.0,1
7143.73,3,728,0,0,0,886.0,1
3224.2,3,770,1,0,3,1113.0,1
3579.56,5,435,1,0,1,1864.0,1
1294.3,3,725,0,0,0,1926.0,1
535.03,7,780,0,1,0,1401.0,1
3774.95,5,1347,0,0,1,76.0,1
7368.45,8,240,0,0,2,1278.0,1
2378.42,6,278,0,0,0,60.0,1
12536.87,7,459,1,0,0,3370.0,1
1474.51,9,935,0,0,0,2406.0,1
1038.25,8,1166,1,0,0,1087.0,0
2787.14,7,234,0,0,0,1480.0,1
2744.65,6,589,0,0,0,923.0,1
6437.97,8,860,0,1,0,2555.0,1
1373.39,5,583,0,0,0,5632.0,1
11708.78,9,274,0,0,0,2472.0,1
21309.69,6,1359,0,0,0,1069.0,1
2866.53,7,210,0,0,0,248.0,1
10401.55,5,1483,0,0,1,594.0,1
1036.39,7,563,0,1,1,1514.0,0
8736.12,9,551,1,0,0,63.0,1
8495.37,4,657,0,0,0,1757.0,1
7068.74,6,60,0,0,0,660.0,1
2934.92,8,774,0,0,0,398.0,1
155.36,5,289,0,0,1,1485.0,1
1569.12,4,1365,0,0,1,1214.0,0
1594.13,3,117,1,0,1,953.0,1
1120.74,9,713,0,0,0,610.0,1
3368.57,9,1185,0,0,0,800.0,1
1960.66,6,709,1,0,0,483.0,1
1306.87,3,788,0,0,0,5875.0,0
1034.01,8,663,0,0,0,2370.0,1
1457.51,7,293,1,0,0,604.0,0
9149.91,8,482,0,0,2,1568.0,1
1539.13,9,464,0,0,1,536.0,0
1781.23,6,256,1,0,0,108.0,1
1888.05,6,174,0,1,1,710.0,1
4183.88,4,388,0,0,0,260.0,1
4704.38,6,826,1,0,0,2499.0,1
141.93,9,271,0,0,0,5031.0,0
8280.31,6,947,0,0,1,601.0,1
12536.1,2,235,0,0,0,4661.0,1
1042.96,6,572,0,0,0,2750.0,1
1127.44,12,744,0,0,1,2410.0,1
1900.26,1,1408,0,0,1,112.0,1
1399.68,5,623,0,0,2,727.0,1
3729.12,5,462,0,0,1,1682.0,1
425.59,9,1371,0,0,0,3942.0,0
974.64,3,1218,0,0,0,687.0,0
13893.79,3,1273,0,0,0,1273.0,1
1178.24,6,157,0,0,0,1821.0,0
10336.41,5,517,0,0,0,321.0,1
4252.82,7,92,0,0,0,1112.0,1
488.2,3,771,1,0,1,1791.0,1
5626.99,3,150,0,0,0,235.0,1
2650.05,4,1086,0,0,0,408.0,1
1890.38,5,304,0,0,0,173.0,1
3808.37,11,1413,0,0,1,1709.0,1
4791.67,4,132,1,0,0,3448.0,1
6048.66,6,801,1,0,1,964.0,1
9684.22,5,1105,1,0,0,1532.0,1
4483.4,4,1074,0,0,1,5143.0,1
753.23,9,1017,0,0,0,5804.0,1
1856.33,5,115,0,0,1,1565.0,1
56559.49,4,776,1,0,0,1698.0,1
6151.74,7,1456,0,0,0,1351.0,1
31865.76,3,397,0,1,0,733.0,1
12033.31,7,1306,0,1,1,383.0,1
3796.38,4,1459,1,0,1,986.0,1
4029.54,7,1315,1,0,0,5967.0,1
2873.88,2,1260,1,0,1,1209.0,1
524.37,4,239,0,0,0,827.0,1
3035.24,3,960,0,0,1,1916.0,1
10003.34,7,283,0,0,0,1644.0,1
1636.57,5,1314,0,0,1,1106.0,0
4500.54,5,760,1,0,0,1666.0,1
6985.49,8,94,0,0,0,2024.0,1
1200.29,9,985,1,0,0,2715.0,1
1898.27,11,1245,0,0,0,747.0,1
1077.17,8,1143,0,1,0,134.0,1
1310.07,2,152,0,0,1,5272.0,0
822.54,3,17,0,0,0,635.0,1
1211.42,5,1276,0,0,2,1444.0,1
12325.87,9,812,0,0,0,1594.0,1
1193.35,5,829,0,0,0,174.0,1
3382.8,5,424,0,0,1,2314.0,1
1802.86,7,1232,1,0,0,328.0,1
9690.16,6,259,0,1,0,2497.0,1
11060.8,10,279,0,0,1,348.0,1
7073.21,6,344,0,0,0,666.0,1
4048.63,5,1480,0,0,0,725.0,1
2365.96,9,469,0,0,0,3726.0,1
905.17,6,1489,0,0,1,344.0,1
20817.08,4,249,1,0,2,1853.0,1
1394.55,8,1435,0,0,0,972.0,1
5788.6,4,382,0,0,0,551.0,1
8600.41,11,299,0,0,1,94.0,1
1710.81,5,332,0,0,0,2583.0,1
8417.03,7,1241,0,1,0,348.0,1
6401.02,7,1334,0,0,0,7135.0,1
16780.35,5,761,0,0,0,1076.0,1
1864.32,7,295,0,0,0,308.0,1
823.97,5,756,0,1,1,119.0,1
1798.14,5,1375,0,1,0,1501.0,1
3673.33,10,1194,0,0,0,834.0,1
3159.64,3,30,0,0,0,1472.0,0
2011.35,7,170,0,0,1,3176.0,0
441.78,2,996,0,1,1,2233.0,1
4771.82,3,617,0,0,1,3159.0,1
21425.66,5,854,0,0,1,364.0,1
4742.18,7,354,1,0,0,1469.0,1
5481.51,4,555,0,0,0,4146.0,1
5284.04,2,1443,1,0,0,24.0,1
4433.95,7,84,0,0,0,907.0,0
7567.86,3,554,0,0,1,240.0,1
4426.54,9,861,0,0,0,2940.0,1
2180.53,6,1440,0,0,0,287.0,1
1344.81,4,1072,0,0,1,3373.0,1
2323.96,6,1485,0,0,1,2760.0,1
4081.13,7,239,0,0,1,2503.0,1
2173.12,7,203,0,0,0,1622.0,1
4081.99,7,1280,0,0,0,2267.0,1
4624.62,7,452,0,0,0,1687.0,1
6858.06,9,1444,0,0,0,335.0,1
10751.44,6,194,1,0,0,688.0,1
3222.81,8,1246,0,0,0,715.0,1
806.11,8,680,0,0,0,988.0,0
2110.96,4,1222,0,0,0,1642.0,1
3115.24,8,625,0,1,1,287.0,1
475.44,6,775,1,0,0,5494.0,0
11952.13,10,1076,0,0,0,159.0,1
3437.08,2,845,0,0,0,1303.0,1
4364.91,7,901,1,0,0,71.0,1
11678.75,7,1432,0,0,0,594.0,1
1587.41,8,42,0,0,0,1424.0,1
5292.48,5,546,1,0,0,1861.0,1
2670.81,8,471,0,0,1,1062.0,1
2479.75,12,329,0,0,0,1805.0,1
1377.2,8,511,0,1,0,1377.0,1
15765.88,7,1016,0,0,0,450.0,1
2047.76,8,338,0,0,0,733.0,1
5999.7,5,932,0,0,0,20.0,1
457.14,5,273,0,0,1,31.0,1
9701.04,3,255,0,0,0,906.0,1
8537.39,3,1058,1,0,1,1084.0,1
3286.03,4,1333,0,0,1,3246.0,1
2375.72,7,607,0,0,1,55.0,1
4447.07,10,1189,0,0,0,290.0,1
29401.2,3,660,0,1,0,1049.0,1
511.2,7,504,0,1,0,388.0,0
6516.07,5,954,0,0,0,3061.0,1
1197.97,7,1228,1,0,2,2229.0,1
2922.17,4,1211,0,0,1,5740.0,1
2326.5,1,651,0,0,0,411.0,1
1942.4,3,114,0,0,0,771.0,1
2949.92,8,718,0,0,0,727.0,1
958.94,6,110,0,0,0,1061.0,1
8343.02,8,789,1,0,1,217.0,1
495.64,7,1024,0,1,0,2462.0,1
5114.14,7,215,1,0,1,75.0,1
2150.52,10,612,0,1,0,1998.0,1
924.34,4,709,0,0,0,1310.0,0
3649.64,7,494,0,0,0,3417.0,1
628.32,8,323,0,1,1,644.0,1
3101.73,7,416,1,0,1,839.0,1
718.47,4,4,0,1,0,587.0,1
4728.07,3,884,1,1,0,503.0,1
1182.8,5,487,0,0,2,1331.0,1
1898.85,8,1434,0,0,1,810.0,0
3999.6,6,634,0,0,1,1801.0,1
1376.72,8,1354,0,0,2,3436.0,1
2813.08,10,1213,0,0,1,986.0,1
656.01,5,145,0,0,0,617.0,1
5601.98,6,1015,0,0,1,1169.0,1
17411.98,9,1077,0,0,0,2387.0,1
48640.36,6,942,0,0,0,1908.0,1
3265.5,6,520,0,0,0,221.0,1
6556.45,6,1182,0,0,1,416.0,1
502.39,6,502,0,0,0,738.0,0
13396.31,7,595,0,0,0,1646.0,1
6478.4,7,402,0,0,0,2154.0,1
1837.33,8,825,0,0,1,2296.0,1
10272.04,9,464,0,0,0,7166.0,1
2311.2,3,26,0,1,0,135.0,1
1885.55,4,149,0,0,1,804.0,1
4795.03,7,48,0,0,0,559.0,1
1029.31,4,874,0,0,0,45.0,0
8280.22,2,563,0,1,0,10616.0,1
1036.92,5,1470,1,0,0,1082.0,1
1043.09,8,43,0,0,0,1010.0,1
1200.28,9,1429,0,0,2,1367.0,1
6370.93,5,574,0,0,1,2338.0,1
1608.77,11,4,0,0,0,4459.0,1
774.33,7,725,0,1,1,1994.0,1
1626.72,6,1073,0,0,0,3414.0,0
2886.96,8,1275,0,0,0,58.0,1
915.09,4,76,0,0,0,406.0,1
942.3,6,42,0,0,0,1192.0,1
24619.56,5,332,0,0,1,3352.0,1
1260.72,8,924,0,0,4,1261.0,1
2158.04,4,1192,0,0,1,972.0,1
2064.75,7,1330,1,0,0,988.0,1
1955.97,4,398,1,0,0,10.0,1
5548.85,7,489,0,0,0,440.0,1
7693.59,2,380,1,0,0,11.0,1
2195.24,1,1108,1,0,0,3236.0,1
865.69,4,797,0,0,0,2703.0,1
10661.99,5,1320,0,0,0,86.0,1
2709.88,4,74,0,1,1,59.0,1
16819.96,10,115,0,0,1,1622.0,1
315.58,5,1051,0,0,0,2350.0,0
3624.25,5,737,0,1,0,131.0,1
20304.67,7,438,0,0,0,73.0,1
2093.8,7,484,0,0,2,234.0,1
2379.17,3,209,0,1,1,3515.0,1
4005.85,4,1451,0,1,0,870.0,1
1704.8,3,1131,0,0,1,578.0,1
2181.85,8,443,0,0,1,403.0,1
2126.4,3,508,1,1,1,1969.0,1
1591.73,4,58,0,0,0,3925.0,0
10186.89,11,622,0,0,1,3146.0,1
4727.15,10,1416,0,0,1,141.0,1
3830.03,6,326,0,0,0,426.0,1
6691.35,8,1274,0,0,0,2150.0,1
2288.48,5,1074,0,0,0,2920.0,0
1374.43,3,1350,0,0,1,521.0,1
1631.7,5,988,0,0,3,789.0,1
2986.28,6,1234,0,0,0,6284.0,0
1033.58,3,1286,0,0,1,1578.0,1
1807.57,2,1482,0,1,0,4084.0,0
1779.14,6,1421,0,0,1,908.0,1
24948.18,7,743,0,0,2,451.0,1
186.08,4,928,1,0,0,3819.0,1
2490.85,7,849,0,1,2,32.0,1
16742.3,7,1061,0,1,1,3005.0,1
3367.23,3,769,1,0,0,1870.0,1
6332.29,4,499,0,0,0,874.0,1
3293.9,8,55,0,0,1,1083.0,1
1529.45,4,664,0,0,2,2379.0,1
316.74,3,852,0,0,0,1955.0,0
3660.87,10,488,0,0,0,1197.0,1
1372.51,2,1291,1,0,1,1659.0,1
1338.98,4,794,0,0,0,66.0,1
1809.87,5,227,0,0,0,621.0,0
17066.31,8,1490,0,0,2,158.0,1
33018.97,6,778,0,1,0,2377.0,1
3704.15,6,1077,1,0,2,730.0,1
1872.88,4,688,0,0,1,65.0,0
918.53,6,1050,0,0,1,1943.0,1
4762.56,7,383,0,0,1,2145.0,1
17728.09,5,569,0,0,0,661.0,1
2327.76,8,594,0,0,0,54.0,1
276.17,9,597,1,0,1,1426.0,1
5825.79,2,192,0,0,0,1680.0,1
7985.64,5,1321,0,0,0,4791.0,1
610.42,4,122,0,0,0,6335.0,1
3556.33,3,932,0,0,0,259.0,1
4680.81,12,1116,0,0,0,1439.0,1
2770.8,10,1401,0,0,0,955.0,1
1351.85,8,1361,0,0,0,3334.0,1
8233.26,6,1097,0,0,0,3309.0,1
1991.45,7,555,1,0,0,1581.0,0
675.07,8,473,1,0,1,272.0,1
383.96,8,1451,0,1,0,957.0,1
10518.06,5,1114,1,0,2,137.0,1
5522.93,11,1302,1,0,2,44.0,1
3255.08,5,497,0,0,1,3317.0,1
1919.32,6,1298,1,0,0,4249.0,1
1756.36,5,447,0,0,0,2558.0,1
1016.65,6,577,1,0,2,1784.0,1
1936.32,5,231,0,0,1,327.0,1
357.78,11,526,0,0,1,1104.0,0
1427.87,5,975,0,0,1,779.0,1
2184.33,11,1264,1,0,0,1114.0,1
5485.59,3,815,0,0,0,1220.0,1
2864.28,7,783,0,0,0,110.0,1
6600.65,5,622,0,0,1,1316.0,1
11488.88,7,657,0,1,1,3596.0,1
8588.42,8,849,1,0,1,3756.0,1
4771.95,4,1499,0,0,0,614.0,1
3016.53,8,607,0,1,0,2763.0,1
1117.91,6,613,0,0,1,983.0,1
6247.55,6,833,0,0,0,5113.0,1
15990.46,8,632,0,0,2,50.0,1
4196.92,5,911,0,0,0,2427.0,1
20277.34,2,454,0,0,0,3485.0,1
648.35,4,416,1,0,0,1489.0,1
939.96,9,805,0,0,0,995.0,1
7010.76,7,80,1,1,1,465.0,1
3882.72,3,902,0,0,0,60.0,1
11089.81,7,768,0,0,1,4083.0,1
2935.19,5,632,0,0,1,181.0,1
1251.41,3,1132,0,0,2,4456.0,1
2407.65,9,1035,0,0,0,1569.0,1
643.75,7,537,0,0,0,1299.0,0
964.31,7,1483,0,0,0,2520.0,1
7882.84,7,1363,0,0,1,1210.0,1
7135.14,9,74,0,0,0,857.0,1
4285.55,4,390,0,0,0,10069.0,0
533.21,5,1311,0,1,0,2985.0,1
2083.07,7,16,1,1,0,2059.0,1
875.68,6,102,0,0,0,8002.0,0
9667.58,3,1349,0,0,1,118.0,1
1662.83,5,1002,0,0,2,1998.0,0
1006.52,6,1035,0,0,0,392.0,1
3071.12,6,1029,0,0,0,2089.0,1
1571.59,9,1164,0,0,0,316.0,1
13144.31,10,206,0,0,0,2117.0,1
1429.66,5,394,0,0,0,301.0,1
735.66,4,3,0,0,0,3762.0,1
346.22,3,340,0,1,0,4589.0,0
2890.58,8,142,0,0,1,1080.0,1
1699.47,7,793,0,0,0,300.0,1
714.15,7,766,0,0,1,1274.0,1
9791.07,0,275,0,0,0,192.0,1
5809.47,3,367,0,0,0,1171.0,1
2898.02,5,1360,0,0,1,1090.0,1
11664.74,6,1461,0,0,1,479.0,1
5782.18,10,760,0,0,0,1969.0,1
1309.16,6,106,0,0,0,4.0,1
1054.46,5,582,1,0,0,3128.0,1
6754.62,9,202,0,0,1,312.0,1
4430.94,9,795,0,0,0,341.0,1
3532.45,6,854,1,0,0,1912.0,1
1278.58,3,1169,0,0,2,2414.0,1
5475.0,4,322,0,0,0,1188.0,1
1400.38,11,1176,0,0,0,1421.0,1
2691.93,8,920,0,0,0,113.0,1
12669.39,2,290,1,0,0,2153.0,1
1539.43,2,156,0,0,2,1824.0,1
618.32,5,1423,0,0,1,300.0,1
1040.5,8,371,0,0,0,149.0,1
8057.02,6,310,0,0,0,541.0,1
3845.78,2,1108,0,0,0,112.0,1
2620.51,7,345,0,1,0,609.0,1
1791.67,6,1114,0,0,0,1339.0,1
4843.34,2,903,0,0,1,1539.0,1
1275.25,5,688,0,0,0,5073.0,0
4046.73,6,893,0,0,1,819.0,1
1434.75,9,758,0,0,1,14.0,1
1214.81,5,510,0,0,0,36.0,1
1575.79,4,1316,0,0,0,1184.0,1
2047.95,6,680,0,0,0,594.0,1
2838.89,1,252,0,0,0,334.0,1
3772.36,8,1270,0,0,0,1542.0,1
74.56,5,1194,0,0,1,196.0,0
1329.22,9,1389,0,0,1,1687.0,1
2015.11,6,278,0,0,0,4177.0,1
13427.53,5,989,0,1,0,170.0,1
1012.32,7,1238,0,1,1,6608.0,1
3507.98,8,178,0,0,0,1519.0,1
13293.5,6,1315,0,0,1,454.0,1
801.94,6,666,1,0,0,908.0,0
4420.35,6,1161,0,0,2,1141.0,1
1336.39,5,1256,1,0,1,157.0,1
1799.68,4,833,0,0,1,2123.0,1
1335.27,13,476,0,0,0,4202.0,1
1433.88,5,1364,0,0,0,3649.0,0
45338.51,7,795,0,0,1,1022.0,1
6935.83,9,591,0,0,1,31.0,1
8970.87,4,1410,0,0,1,7031.0,1
4875.58,6,695,0,0,0,158.0,1
598.09,8,694,0,0,0,2591.0,0
4424.7,5,654,0,1,0,664.0,0
8716.12,8,1069,0,1,1,3955.0,1
1269.78,3,41,0,0,1,4227.0,1
7826.94,9,715,0,0,0,852.0,1
6029.0,6,1026,0,0,0,759.0,1
18997.07,7,902,0,0,1,4220.0,1
1962.98,5,1032,0,0,0,1982.0,1
994.65,4,774,0,0,0,37.0,1
2076.36,4,210,0,0,0,200.0,1
12526.12,7,313,1,0,3,234.0,1
478.95,7,796,0,0,0,10902.0,0
376.77,3,214,1,0,0,669.0,1
3259.72,6,1232,0,0,1,355.0,1
1914.88,10,682,0,0,1,6444.0,1
3004.08,8,808,0,0,0,789.0,1
7671.84,6,1195,0,0,0,428.0,1
1715.45,7,777,0,0,0,2384.0,1
458.06,5,1315,1,0,2,2667.0,1
23028.35,12,511,0,0,0,3659.0,1
1099.68,3,1022,1,0,0,222.0,1
1033.77,12,516,0,0,0,480.0,1
8988.67,5,1357,0,0,0,3430.0,1
2029.43,7,971,0,0,2,2383.0,1
2797.86,11,678,0,0,0,2138.0,1
4830.91,2,302,1,1,1,1754.0,1
8809.47,3,527,0,0,0,3906.0,1
2135.68,7,365,0,0,0,786.0,1
13628.96,7,547,0,0,2,2803.0,1
352.2,5,346,0,1,0,773.0,1
6372.76,6,1468,0,0,1,2832.0,1
1287.52,6,55,1,0,2,275.0,1
11757.79,4,624,0,1,2,1794.0,1
3435.94,5,1064,0,1,1,535.0,1
1520.96,4,1349,0,0,1,495.0,1
5783.94,9,901,0,0,0,49.0,1
7282.2,8,531,0,1,0,4094.0,1
5664.05,7,116,1,0,0,2203.0,1
1064.55,9,829,0,0,0,3629.0,0
1837.17,8,396,0,0,0,2831.0,1
2968.84,2,435,0,0,0,903.0,1
2860.47,6,1058,0,0,1,2297.0,1
6309.08,1,1318,0,0,1,178.0,1
397.46,7,216,0,0,0,2223.0,1
4164.4,5,207,0,0,0,4691.0,0
2230.58,6,618,0,0,0,5033.0,1
1288.84,7,1304,0,0,2,520.0,1
1418.72,7,992,0,0,1,1386.0,0
2405.38,5,1088,1,0,0,294.0,1
81.36,4,428,0,0,0,1864.0,0
1478.39,8,1294,0,1,1,631.0,1
1241.64,5,1183,0,0,1,1195.0,1
5078.56,8,998,0,0,1,99.0,1
1332.05,7,1078,0,0,1,715.0,1
2403.99,8,133,0,0,1,6109.0,1
13936.64,3,1124,0,0,1,2207.0,1
8057.44,3,754,0,0,1,475.0,1
7348.65,6,1310,0,0,1,63.0,1
1808.27,13,187,0,0,0,1982.0,1
5130.88,6,206,0,0,1,4579.0,1
2359.26,7,546,0,0,0,1584.0,1
2450.16,13,825,0,1,1,1018.0,1
4490.35,3,1268,0,0,0,3150.0,1
1640.91,7,1386,0,0,0,1283.0,0
13266.58,4,938,0,0,0,3957.0,1
2539.87,7,1307,0,0,0,1969.0,1
5532.31,6,440,0,0,0,89.0,1
12779.54,2,1228,0,0,0,1745.0,1
8363.68,4,647,0,1,1,940.0,1
728.57,6,277,0,1,2,1281.0,1
4651.27,6,481,0,0,0,1770.0,1
6979.41,5,827,0,0,1,3012.0,1
7272.56,7,159,0,0,0,426.0,1
979.17,4,60,0,0,1,856.0,1
1545.29,3,563,0,0,1,251.0,1
8059.11,3,1182,0,0,1,1271.0,1
1391.64,8,197,0,0,0,1656.0,0
2209.02,5,381,0,0,1,104.0,1
14412.86,4,921,0,0,1,1052.0,1
2841.82,6,927,0,0,0,480.0,1
1441.19,7,1332,0,0,1,1409.0,1
1239.4,7,401,1,0,0,1750.0,1
4157.71,4,220,0,0,1,1822.0,1
785.92,3,727,0,0,1,29.0,0
2327.77,5,497,0,0,0,823.0,1
4159.83,1,1308,0,0,0,1207.0,1
10928.72,4,148,0,0,2,2283.0,1
5811.23,7,1037,0,1,2,140.0,1
1459.63,9,1134,0,0,1,4648.0,0
9685.83,7,76,0,0,0,118.0,1
2209.42,9,941,1,0,0,161.0,1
866.36,13,655,0,0,0,573.0,1
2509.8,8,1210,0,0,0,951.0,0
12558.7,8,964,0,0,1,102.0,1
3516.57,4,673,0,0,1,174.0,1
3018.52,3,248,0,0,0,3052.0,0
15324.55,5,292,0,0,1,563.0,1
712.4,6,1372,0,1,0,4934.0,1
824.19,3,748,0,0,0,1307.0,1
592.38,3,694,1,0,1,4244.0,1
4327.08,7,121,0,0,0,2671.0,1
3520.97,7,678,0,0,0,358.0,1
13943.05,11,176,0,0,0,2785.0,1
3802.73,10,908,0,0,1,1074.0,1
1989.91,3,553,0,0,0,795.0,0
2986.31,3,312,0,0,0,931.0,1
3353.32,4,1431,0,1,0,120.0,1
560.17,7,836,0,0,0,7379.0,0
44816.5,2,695,0,0,0,789.0,1
5013.41,3,827,0,0,0,2081.0,1
3677.57,4,278,0,0,2,5563.0,1
5514.65,2,427,1,0,1,1022.0,1
6059.67,10,204,0,0,0,1656.0,1
2590.09,13,1381,0,0,0,3551.0,1
1585.66,4,125,0,0,1,616.0,1
5428.68,7,445,1,0,1,328.0,1
4383.97,8,826,1,0,0,91.0,1
1326.25,6,206,0,0,0,546.0,1
12320.69,5,1147,0,0,3,638.0,1
3997.21,6,1118,0,0,0,1986.0,1
6184.61,6,1303,0,0,0,1395.0,1
11991.11,7,767,0,0,3,550.0,1
3046.93,0,290,0,1,1,3405.0,1
4092.67,7,598,0,0,1,1468.0,1
6701.1,5,47,0,0,0,18.0,1
1443.95,5,515,0,0,0,10.0,1
3146.52,7,852,1,0,2,1307.0,1
3379.72,6,338,0,0,0,2383.0,1
1145.9,7,839,0,0,1,83.0,1
30261.66,6,546,0,0,0,2991.0,1
729.75,3,366,0,0,1,161.0,1
813.95,8,1067,0,0,0,2747.0,0
11094.74,7,524,0,0,0,10.0,1
6083.08,8,290,0,0,2,836.0,1
1068.53,6,366,0,0,0,946.0,1
5471.4,11,213,0,0,1,3140.0,1
12937.05,5,256,1,1,0,296.0,1
2892.1,8,486,0,1,1,279.0,1
40087.62,3,674,0,0,2,12464.0,1
531.62,7,798,1,0,0,622.0,1
5965.95,5,254,0,0,0,1915.0,1
9571.34,5,201,0,0,0,816.0,1
7268.78,7,274,0,1,1,255.0,1
2429.99,9,721,0,0,0,147.0,1
2229.56,5,468,0,0,1,275.0,1
4647.78,7,2,0,0,1,2305.0,1
6739.59,4,567,0,0,1,3899.0,1
5445.11,2,368,1,0,0,4729.0,1
8434.27,7,578,0,0,2,11.0,1
1076.13,5,122,0,0,1,1284.0,0
2373.76,8,117,0,1,1,1255.0,1
1164.43,4,25,0,0,1,276.0,1
2026.14,5,1326,1,1,0,1605.0,1
8227.36,1,340,0,0,2,1310.0,1
3320.88,4,449,0,0,1,4901.0,1
40411.08,6,984,0,0,1,100.0,1
3617.02,3,1112,0,0,0,1640.0,1
3164.31,9,928,1,0,1,13.0,1
3314.9,8,234,1,1,0,1254.0,1
1575.28,8,10,1,0,0,3471.0,1
2813.44,5,693,0,1,0,1131.0,1
9207.63,3,1288,0,0,0,1310.0,1
3340.82,6,1185,0,0,2,498.0,1
1348.22,5,1374,0,0,1,670.0,1
1181.94,9,400,0,0,0,1563.0,1
1900.36,6,724,0,0,0,207.0,0
3209.48,7,1006,0,0,0,745.0,1
9833.86,8,163,1,0,1,161.0,1
780.17,4,764,0,0,0,3869.0,1
2165.0,3,585,0,1,0,1466.0,1
3443.73,6,649,0,0,0,1346.0,1
476.42,4,991,0,0,0,2400.0,1
1295.18,6,376,1,0,1,55.0,1
1510.37,7,1387,0,0,2,2336.0,1
1344.84,5,1120,0,0,1,4555.0,1
3611.54,7,1390,0,0,0,3825.0,1
2538.78,4,782,0,0,1,328.0,1
1710.8,10,1080,0,0,1,692.0,1
4573.17,1,164,1,0,0,238.0,1
16698.51,7,667,1,0,0,1252.0,1
15355.92,1,1404,0,0,0,487.0,1
435.82,9,21,1,0,0,322.0,1
5308.54,3,622,1,0,2,534.0,1
2494.83,9,653,0,0,0,1462.0,1
3481.28,12,768,0,0,0,1011.0,1
2001.63,6,770,0,0,0,141.0,1
3352.93,7,68,0,0,0,1039.0,1
3468.26,7,1087,0,1,2,654.0,1
1670.78,6,317,0,0,1,6913.0,1
1216.38,3,657,0,0,0,2191.0,0
1903.22,7,1195,0,0,1,826.0,1
3767.85,5,451,0,0,0,230.0,1
5426.21,8,1090,0,0,0,113.0,1
6997.79,5,250,0,0,0,1868.0,1
1818.58,6,216,0,0,0,136.0,1
3959.39,4,919,0,1,0,2391.0,1
7804.87,6,599,0,0,1,216.0,1
9562.41,4,39,0,0,1,96.0,1
2810.64,8,161,1,0,2,7927.0,1
2390.05,4,562,0,0,0,5878.0,1
3608.78,3,145,0,0,1,1538.0,1
944.16,8,588,0,1,0,4374.0,1
2456.25,2,1190,0,0,4,6464.0,0
6276.62,4,185,0,0,1,1055.0,1
5664.35,2,472,0,0,2,18.0,1
2274.99,10,1030,0,0,2,1745.0,1
3706.04,5,407,0,0,2,915.0,1
1306.82,4,563,0,0,0,2017.0,1
6023.91,6,1098,0,0,1,353.0,1
2757.77,7,1256,0,0,1,7780.0,1
2262.1,8,933,0,0,2,2641.0,1
2076.16,6,407,0,0,0,631.0,1
2799.25,5,356,0,0,0,2653.0,1
1904.78,5,1135,0,0,1,3427.0,1
5756.83,13,909,0,0,0,1222.0,1
2007.64,6,677,0,0,0,941.0,1
14661.26,10,399,1,0,0,485.0,1
12902.94,3,1332,0,0,0,3246.0,1
1222.26,7,1365,0,0,0,949.0,0
3196.16,5,999,0,0,2,2876.0,1
1555.18,11,1230,0,1,0,3727.0,1
2150.28,5,300,0,0,0,1448.0,1
22080.0,6,1030,0,0,1,346.0,1
2191.69,6,1047,0,0,1,69.0,1
4273.66,5,1407,0,0,0,2205.0,1
5122.11,6,173,0,0,0,3536.0,1
1095.94,7,1043,0,1,2,3607.0,0
1267.63,1,1086,0,0,0,795.0,1
892.46,4,351,0,1,1,428.0,0
1229.09,4,1344,0,0,0,107.0,0
172.43,7,19,1,0,0,473.0,1
5138.84,6,1231,0,0,0,537.0,1
23253.1,10,1019,0,1,1,1586.0,1
3455.84,4,598,0,0,0,490.0,1
723.23,1,764,0,0,3,494.0,1
1567.48,5,1198,0,0,1,761.0,0
1883.94,9,1029,0,0,0,1937.0,1
1077.52,2,1399,0,0,1,916.0,1
7045.77,7,169,0,0,0,2371.0,1
6702.66,3,373,0,0,0,1025.0,1
938.75,5,1234,0,0,0,2851.0,0
6155.38,16,995,0,0,0,1111.0,1
13722.78,4,470,0,0,0,3066.0,1
19981.42,7,1340,0,0,0,3310.0,1
52324.08,7,659,0,0,0,2658.0,1
1209.55,3,1005,0,0,1,1380.0,0
50222.6,8,1371,0,0,0,1849.0,1
2091.83,2,1285,0,0,0,40.0,1
1648.36,0,125,0,0,0,597.0,1
4134.3,7,1290,1,0,1,922.0,1
1665.6,5,555,1,1,0,100.0,1
4442.82,6,903,0,1,1,3143.0,0
796.26,5,1467,0,0,0,578.0,1
2347.83,7,1419,0,0,2,351.0,1
10781.45,8,1232,0,0,0,4601.0,1
2815.62,5,1265,0,0,0,12.0,0
3434.39,3,479,0,0,0,2238.0,1
4794.66,3,754,0,0,0,76.0,1
9610.98,6,1362,0,0,0,768.0,1
569.51,8,1244,0,0,0,589.0,1
5348.25,4,298,0,0,0,974.0,1
2279.84,8,27,1,0,0,703.0,1
3521.48,7,1412,0,1,0,2335.0,1
8603.72,3,116,0,0,0,1817.0,1
903.08,5,401,0,0,0,1264.0,1
1082.85,9,450,0,0,1,794.0,1
430.34,4,286,0,0,2,137.0,1
1721.31,9,715,0,0,0,1827.0,1
11276.01,4,1185,0,0,1,548.0,1
2642.32,5,565,0,0,0,503.0,0
780.45,9,1247,0,0,1,2502.0,1
1834.12,5,816,1,0,0,647.0,1
673.26,3,149,1,0,0,2434.0,1
967.6,9,805,0,0,0,2495.0,1
4397.62,3,986,0,0,2,304.0,1
921.61,8,1287,0,0,2,624.0,1
9069.15,3,1193,0,0,0,1523.0,1
2776.31,2,841,0,0,0,7287.0,1
3247.35,7,346,1,0,0,761.0,1
2256.63,14,241,0,0,1,3540.0,1
6456.53,5,839,0,0,0,3593.0,0
6523.46,4,1403,0,0,0,682.0,1
4167.43,4,540,0,0,1,5960.0,1
5243.73,6,229,0,0,0,105.0,1
2411.27,9,1282,0,1,2,544.0,1
5126.63,4,442,0,0,1,1327.0,1
2126.27,9,1480,0,0,2,170.0,1
2987.62,4,727,0,0,1,2939.0,1
2265.06,10,1196,0,0,0,366.0,1
1887.07,4,420,0,0,0,4199.0,0
1496.51,9,170,1,0,1,6643.0,1
4758.51,4,966,0,0,1,2389.0,1
11054.64,8,447,0,0,0,1783.0,1
9615.21,6,271,1,0,0,1585.0,1
848.47,9,888,0,0,0,2200.0,1
10820.56,4,719,0,0,1,3836.0,1
2168.61,5,91,0,0,0,2245.0,1
5435.64,6,1282,1,0,1,2871.0,1
1204.46,6,1160,0,0,0,592.0,0
3435.71,6,422,0,0,0,3148.0,1
4079.47,4,267,1,0,1,342.0,1
675.46,5,1430,1,0,0,51.0,1
5476.75,6,40,0,0,0,1255.0,1
11452.18,9,1333,0,0,2,995.0,1
2503.27,1,827,0,0,0,678.0,1
11616.34,6,661,0,0,0,333.0,1
2465.89,9,615,0,0,2,973.0,1
6971.49,6,1043,0,0,0,2324.0,1
324.22,7,654,0,0,0,3282.0,1
33482.49,7,756,1,0,0,787.0,1
13299.19,3,1010,1,1,1,69.0,1
2242.56,6,1416,0,1,1,339.0,1
414.85,10,46,1,0,1,439.0,1
3975.99,6,672,0,0,0,3698.0,1
703.5,2,423,0,0,0,412.0,1
4651.07,7,570,0,0,0,87.0,1
4498.8,3,1407,0,0,2,1199.0,1
1162.81,11,68,0,1,0,144.0,1
9145.04,8,459,0,0,1,185.0,1
6671.33,4,194,0,0,2,831.0,1
7909.53,8,1230,1,0,0,3550.0,1
3007.48,3,903,0,1,0,3693.0,1
723.77,10,563,1,0,0,2684.0,1
7925.75,8,1489,0,1,0,241.0,1
2274.76,8,109,0,0,0,965.0,0
742.65,3,997,0,0,0,432.0,1
11522.3,5,22,0,1,0,265.0,1
24328.59,6,739,0,0,1,2254.0,1
2860.5,7,1483,0,0,0,439.0,1
25825.59,2,128,0,0,1,7624.0,1
3265.98,4,1242,1,0,1,2848.0,0
2037.63,5,750,0,0,0,2871.0,0
1586.91,9,1388,0,0,2,2259.0,1
15322.57,3,1321,0,0,0,476.0,1
1366.29,12,1422,0,0,1,404.0,1
6218.41,6,1162,0,0,0,462.0,1
1704.17,8,1498,0,0,3,1302.0,1
1881.25,3,985,0,0,0,260.0,0
8351.94,5,1046,0,0,1,2264.0,1
2038.49,4,1125,0,0,0,2852.0,0
1988.64,6,207,1,0,1,2781.0,1
9253.94,4,1138,1,0,0,17376.0,1
14726.4,4,304,0,0,2,3935.0,1
5679.91,9,838,0,0,0,3441.0,1
1548.79,9,1397,0,1,0,45.0,1
1788.96,3,659,0,0,0,2170.0,0
3228.96,9,1244,0,0,0,1622.0,1
4108.98,3,1371,0,0,0,2222.0,1
1110.02,8,938,0,0,1,381.0,1
6142.81,7,944,0,0,0,1143.0,1
3247.09,10,465,0,0,1,223.0,1
536.08,4,1433,0,0,0,6041.0,0
1177.41,3,260,0,0,0,81.0,0
1800.59,3,1161,0,0,0,4977.0,1
2771.5,4,149,0,0,0,288.0,1
19717.83,6,741,0,0,0,207.0,1
3782.62,6,1380,1,0,1,3113.0,1
1285.92,11,324,0,0,0,1890.0,1
3716.85,6,1264,0,0,3,541.0,1
2096.26,5,1196,0,0,0,295.0,1
4124.74,8,55,0,0,1,144.0,1
5327.13,8,1414,0,0,1,2288.0,1
9988.91,4,958,0,0,0,333.0,1
2909.43,6,383,0,0,0,1039.0,1
15351.38,9,1459,0,0,0,4633.0,1
7391.03,8,614,0,0,2,2647.0,1
1469.33,8,334,0,0,0,1419.0,1
27169.65,9,1353,0,0,2,2109.0,1
4133.97,6,99,1,0,0,2063.0,0
1293.2,4,123,0,0,1,2086.0,1
15567.07,12,631,0,1,1,2736.0,1
23808.02,6,75,1,0,0,4573.0,1
2884.12,3,1237,0,0,0,4471.0,1
1801.45,3,128,0,0,2,310.0,1
2508.96,8,295,0,0,2,2110.0,1
6092.0,4,523,0,0,2,2971.0,1
10698.48,9,1234,0,0,2,488.0,1
5273.7,5,530,0,0,2,7948.0,1
3300.15,7,58,0,0,1,14.0,1
13333.19,8,151,0,0,0,2393.0,1
2180.18,6,473,0,0,0,1598.0,1
8357.54,5,1263,0,1,0,136.0,1
2234.87,5,1363,0,0,0,856.0,1
4587.19,7,1467,0,0,1,720.0,1
2660.95,7,27,1,0,0,31.0,1
2819.03,6,464,0,0,0,1720.0,0
2043.9,4,1130,0,0,0,397.0,1
11439.8,6,439,0,0,1,1222.0,1
1432.35,9,75,0,0,2,5018.0,1
1421.93,6,380,0,0,1,647.0,1
24859.46,4,453,0,0,1,242.0,1
7925.55,11,796,0,0,1,146.0,1
274.48,4,188,0,0,1,426.0,1
1693.82,9,1045,0,0,0,3535.0,1
486.88,8,1192,0,0,1,4928.0,1
1152.06,2,1340,0,0,1,365.0,1
129.22,8,608,1,0,0,3967.0,0
2599.33,3,1100,0,0,1,4482.0,0
951.52,2,678,0,0,1,1840.0,1
3164.99,4,779,0,0,0,1024.0,0
586.91,4,226,0,1,0,1253.0,1
3238.65,7,610,0,1,0,91.0,1
1968.61,1,255,1,0,1,1010.0,1
13385.84,6,512,0,1,2,2377.0,1
12226.45,7,276,0,0,0,2076.0,1
6537.73,3,186,1,0,0,79.0,1
2150.35,6,419,0,0,1,908.0,1
21706.79,3,1447,0,0,1,5275.0,1
630.78,2,668,0,0,2,4441.0,0
732.48,7,1132,0,0,1,663.0,0
2741.38,8,531,0,1,1,1419.0,1
28396.98,2,1458,0,0,0,2227.0,1
2434.9,8,644,1,0,0,61.0,1
2481.84,11,719,0,0,0,555.0,1
704.92,8,1061,0,0,0,1812.0,1
7676.58,5,100,1,0,1,2669.0,1
7732.41,8,986,1,0,0,326.0,1
6562.16,7,433,0,1,0,835.0,1
1588.87,10,1257,0,0,1,189.0,1
1470.41,12,590,0,0,0,302.0,1
818.01,7,1135,0,0,0,232.0,1
3241.76,1,728,0,0,0,3892.0,0
1011.91,4,493,0,0,0,1408.0,0
918.35,3,313,0,0,0,25.0,0
1951.41,7,315,0,0,0,647.0,1
1827.76,9,899,0,0,0,7.0,1
1740.66,6,1273,1,0,1,1113.0,1
4752.59,3,201,0,0,0,1257.0,1
3226.16,5,440,0,0,0,1178.0,1
2234.66,5,1047,0,0,1,1732.0,1
3579.62,10,178,0,0,1,2194.0,1
1105.96,4,314,0,0,0,1864.0,1
3311.9,6,1049,0,0,1,6130.0,0
3465.47,3,286,1,0,1,6441.0,1
663.12,4,977,0,0,0,421.0,1
8068.27,10,841,0,0,1,177.0,1
1234.68,7,139,1,0,1,1251.0,1
3262.7,7,477,0,1,0,2322.0,1
9551.1,8,1062,0,1,0,6728.0,1
7522.67,6,379,1,1,0,1059.0,1
3085.08,2,789,0,0,0,282.0,0
2074.55,1,47,0,0,0,1304.0,0
7688.74,6,1412,0,0,1,711.0,1
5852.91,7,1444,0,0,1,747.0,1
1606.21,7,115,0,0,1,1155.0,1
1346.29,9,228,0,0,1,269.0,1
375.27,9,567,0,0,2,129.0,1
3477.37,7,473,0,0,0,1656.0,1
2744.36,3,1372,1,0,1,601.0,1
9285.33,8,506,0,1,1,2278.0,1
4268.66,8,1430,0,0,0,2019.0,1
11318.9,5,1039,0,0,1,2738.0,1
1484.21,9,21,0,0,1,96.0,1
9303.54,8,533,0,0,0,114.0,1
1756.51,9,524,0,0,1,29.0,1
6487.26,6,1206,0,0,0,1099.0,1
693.15,6,697,1,0,2,290.0,1
3771.15,8,526,0,0,0,3170.0,1
409.65,3,1172,1,0,1,1589.0,1
2282.13,5,119,0,0,1,507.0,1
4630.19,12,611,0,0,2,1882.0,1
1770.53,7,920,0,0,2,9793.0,1
1042.69,8,537,0,0,3,679.0,1
6947.37,0,194,0,1,1,35.0,1
2687.96,9,907,0,0,0,553.0,1
1827.0,5,119,0,0,0,49.0,1
3108.5,5,215,0,1,0,1873.0,1
41633.86,7,1133,0,0,1,2838.0,1
9447.48,9,563,0,0,2,3698.0,1
9533.56,6,990,0,0,1,3239.0,1
4607.99,3,457,0,0,0,4623.0,1
3520.95,4,151,0,0,0,2427.0,1
271.49,5,516,0,1,0,3.0,1
1511.74,4,1436,0,1,0,2092.0,1
1843.51,9,362,0,1,1,1816.0,1
457.19,13,437,0,0,0,492.0,1
936.91,8,1287,0,0,0,8351.0,0
411.23,15,857,1,0,1,1578.0,1
2868.88,2,357,0,0,0,879.0,0
6759.92,8,1215,0,0,1,782.0,1
9016.17,3,1264,0,1,1,1972.0,1
4513.3,7,327,0,1,1,1213.0,1
1137.52,3,936,0,0,0,2534.0,1
431.79,13,616,0,0,2,118.0,1
514.47,7,485,0,0,1,560.0,1
838.0,4,264,0,0,3,310.0,1
1225.54,4,130,1,0,0,141.0,1
2540.84,6,952,0,0,1,322.0,1
1081.21,11,1172,0,0,0,2239.0,0
4183.8,2,589,0,0,0,638.0,0
2363.09,9,1228,0,0,1,106.0,1
3012.56,7,387,0,0,0,555.0,1
9323.1,2,952,0,0,0,2289.0,1
915.77,7,1090,0,0,0,749.0,1
4531.03,3,110,0,0,0,6691.0,0
2939.59,4,1422,0,0,0,299.0,0
2135.62,2,963,0,0,1,2818.0,1
7224.67,10,1213,0,0,1,2628.0,1
7179.71,7,412,0,0,1,582.0,1
1156.91,7,328,0,0,1,1853.0,1
2484.53,5,1273,0,0,0,897.0,1
3948.98,4,542,0,0,0,907.0,1
2268.77,9,591,0,0,0,152.0,1
5350.91,12,401,1,1,0,54.0,1
3948.9,8,248,0,0,1,1074.0,1
18630.61,4,879,0,0,1,1343.0,1
645.3,7,970,1,0,0,1819.0,1
2637.44,8,286,1,0,1,1208.0,1
1201.71,5,1406,0,0,0,1892.0,1
5454.02,14,1040,0,1,0,294.0,1
591.6,6,18,0,0,0,549.0,1
4214.61,4,1191,0,0,0,651.0,1
1587.56,2,45,0,0,1,111.0,1
1430.58,4,769,0,0,1,1296.0,1
701.7,9,1060,0,0,0,905.0,1
1872.3,8,501,0,0,0,825.0,0
8817.56,14,447,0,0,0,140.0,1
2906.81,7,217,0,0,0,272.0,1
5584.11,6,876,0,0,0,114.0,1
15750.73,5,147,1,0,0,2399.0,1
3880.64,5,1010,0,0,1,2240.0,1
1704.8,6,225,0,0,0,113.0,1
4756.43,7,60,0,0,0,317.0,1
1729.7,5,6,0,0,0,1399.0,1
1800.06,7,678,0,1,1,1728.0,1
652.04,9,926,0,0,0,838.0,0
7527.04,3,1051,1,0,1,1098.0,1
2026.36,4,1212,0,0,0,7417.0,0
3576.35,6,1080,1,1,0,777.0,1
1057.9,6,338,0,0,1,579.0,1
4609.84,8,1291,0,1,1,1682.0,1
1391.39,4,25,0,0,2,878.0,0
2587.1,5,790,0,0,1,949.0,1
7171.18,3,89,0,0,0,3884.0,1
6573.22,7,696,0,0,1,2211.0,1
2916.01,6,458,0,0,0,1039.0,1
508.71,3,999,0,0,1,940.0,1
59445.22,6,430,0,1,1,898.0,1
17083.34,7,281,1,0,1,7547.0,1
6140.58,7,1325,0,0,1,1509.0,1
1403.6,5,602,0,0,2,2924.0,0
2660.87,5,279,0,0,0,612.0,1
1731.22,9,338,0,0,0,2238.0,1
10549.73,2,545,1,0,0,2165.0,1
3875.78,8,1099,1,1,1,8282.0,1
1360.81,2,1210,1,0,1,671.0,0
1861.7,6,106,0,0,1,1312.0,1
9147.06,7,1411,0,0,0,1246.0,1
14766.23,1,1300,1,0,0,3793.0,1
13743.64,4,1116,0,0,1,553.0,1
6355.22,4,1456,0,1,0,873.0,1
2315.49,7,586,0,0,0,5358.0,1
116.57,8,880,0,0,0,217.0,1
4012.46,7,687,1,0,1,389.0,1
2975.51,8,276,0,0,0,1045.0,1
3428.86,7,952,0,1,1,1038.0,1
3146.03,5,781,0,0,0,1356.0,1
791.35,6,1362,0,0,0,948.0,0
5205.17,3,497,0,0,2,1374.0,1
5609.5,4,1368,1,0,2,2937.0,1
5897.82,3,286,0,0,0,1081.0,1
7681.55,1,907,0,0,1,112.0,1
5453.71,5,893,0,0,0,7071.0,1
1978.26,6,103,1,0,1,5223.0,1
2777.1,8,1474,0,0,0,555.0,1
3265.36,10,499,0,0,1,278.0,1
3319.93,5,335,0,0,1,688.0,1
8088.65,5,289,0,1,0,2292.0,1
5674.11,7,918,0,0,1,4159.0,1
23797.68,5,1054,1,0,0,60.0,1
27077.79,7,84,0,0,1,5232.0,1
3228.1,7,856,0,1,0,56.0,1
64.29,2,369,0,0,0,4337.0,0
10268.46,9,250,0,0,1,1434.0,1
1736.49,5,550,0,0,1,344.0,1
1337.44,5,615,1,0,1,3248.0,1
2001.3,7,942,1,0,0,2108.0,1
1907.13,6,1368,0,0,0,6115.0,1
5498.72,5,832,0,0,0,722.0,1
626.76,5,65,0,0,0,316.0,1
1014.63,7,1487,0,0,2,7297.0,1
4201.34,7,1424,0,0,1,3572.0,1
5557.72,5,773,1,0,0,2622.0,1
5662.05,4,389,0,0,1,1018.0,1
1356.91,3,1081,0,0,0,1724.0,0
1120.73,5,459,1,0,0,556.0,1
1796.09,2,929,1,0,0,75.0,1
3789.06,7,847,1,0,1,890.0,1
13167.11,7,147,1,1,1,3991.0,1
384.74,7,575,0,0,0,1247.0,0
2390.53,8,1000,0,0,1,2.0,1
786.29,5,1258,0,0,1,174.0,1
571.21,5,1199,0,0,1,2503.0,0
7839.71,5,219,1,1,2,2316.0,1
5139.06,6,1043,0,0,0,1151.0,1
4672.43,3,375,0,0,1,5584.0,0
7487.77,10,41,0,0,0,1775.0,1
1845.09,6,712,1,0,0,1203.0,1
1934.03,4,1499,0,0,0,6481.0,1
26522.02,6,859,0,0,1,139.0,1
2329.55,7,1317,0,0,1,1432.0,1
6217.56,10,365,0,0,0,3285.0,1
3000.04,6,651,0,0,0,3917.0,1
469.53,11,1144,0,0,0,595.0,1
385.82,6,302,0,0,1,3555.0,1
1670.73,3,1074,1,0,0,294.0,1
8570.67,6,493,0,0,0,2651.0,1
6557.02,7,252,1,0,0,883.0,1
7435.92,4,371,0,0,1,1939.0,1
1110.93,7,516,1,0,1,1432.0,1
15001.01,2,449,1,0,0,800.0,1
1135.82,6,1464,0,0,2,1227.0,1
3687.94,7,496,1,0,1,2149.0,1
2950.26,3,839,1,0,2,3140.0,1
2505.21,2,554,0,0,0,4294.0,1
11368.39,8,482,0,0,0,850.0,1
1472.75,6,486,0,0,2,199.0,1
773.09,8,1353,0,0,0,1573.0,1
3041.16,5,253,0,1,0,368.0,1
1998.54,5,167,0,0,1,3296.0,1
87324.2,3,935,0,1,0,3121.0,1
5863.53,7,252,0,0,1,751.0,1
1979.62,5,256,0,0,0,54.0,1
1036.79,6,1095,0,0,1,1570.0,0
454.73,7,894,0,0,0,4501.0,1
1069.32,6,186,0,1,1,127.0,1
3344.06,3,921,1,1,0,1923.0,1
12423.3,6,799,0,0,0,6641.0,1
9151.65,6,753,1,0,0,2677.0,1
3748.44,2,855,0,0,0,1715.0,1
2157.77,4,161,0,0,0,3147.0,0
3900.31,10,1260,0,0,1,345.0,1
1774.66,13,162,0,0,0,3627.0,1
16620.03,6,905,0,0,0,5711.0,1
2467.13,7,275,0,0,1,4041.0,0
2734.39,12,1184,0,0,1,189.0,1
325.11,10,1017,0,0,0,225.0,1
2451.77,4,1036,0,0,0,5065.0,0
6880.76,6,1230,0,0,0,1621.0,1
1024.83,4,333,0,0,0,570.0,1
1407.09,6,586,0,0,1,2750.0,1
6586.06,10,1249,0,0,1,269.0,1
680.85,2,887,0,1,1,537.0,1
8585.25,9,412,0,0,0,2264.0,1
1750.85,6,1173,0,1,0,63.0,1
2021.17,4,733,0,0,0,739.0,1
968.86,6,937,1,0,0,246.0,1
4350.5,9,783,0,0,1,654.0,1
34887.09,4,368,0,0,1,4033.0,1
6512.62,7,854,1,1,1,1246.0,1
1256.03,6,1490,0,0,1,158.0,1
9280.03,10,420,0,0,0,357.0,1
2171.82,9,1359,0,0,1,2662.0,1
11783.85,6,1421,1,0,1,216.0,1
6678.69,3,1395,0,0,1,1213.0,1
157.1,5,1498,0,0,1,991.0,1
1092.17,5,1034,0,0,1,542.0,0
7664.74,5,1260,0,0,2,4823.0,1
3469.12,5,1482,0,0,0,326.0,1
1070.89,9,922,0,0,1,1427.0,1
1581.95,8,209,0,0,0,1149.0,1
443.09,5,621,0,0,0,92.0,1
2728.83,5,622,0,0,1,3179.0,1
27192.32,8,80,0,0,0,921.0,1
6667.05,8,1081,0,1,0,3028.0,1
26646.6,4,327,0,0,1,56.0,1
7204.04,1,432,0,0,2,966.0,1
8328.84,10,1113,0,0,0,2085.0,1
21462.85,3,1019,0,0,1,2982.0,1
4347.1,7,421,0,1,2,562.0,1
2471.97,6,1291,0,0,1,6.0,1
8372.08,2,71,0,0,0,1157.0,1
12757.06,5,150,0,1,0,71.0,1
1844.63,5,110,0,0,0,4996.0,1
1448.71,4,1107,1,0,0,412.0,1
3425.0,5,208,0,0,1,2033.0,1
6846.54,7,183,0,0,0,1308.0,1
6621.59,9,320,1,0,1,1636.0,1
717.54,7,836,0,0,0,5393.0,0
20163.03,8,1158,0,0,0,3057.0,1
1570.01,9,1030,0,0,2,1668.0,1
2286.86,8,947,0,0,1,1689.0,1
1208.75,8,1042,0,0,1,689.0,1
44281.79,6,291,0,0,2,27.0,1
3797.4,8,552,0,0,0,432.0,1
1272.86,5,1137,0,0,0,713.0,1
7072.18,7,1435,0,0,0,713.0,1
6432.61,5,646,0,0,0,994.0,1
2470.74,10,29,0,0,0,471.0,1
6909.18,4,749,0,0,0,2640.0,1
1305.98,3,1244,0,0,0,377.0,0
1820.89,1,220,0,0,1,2915.0,1
399.33,5,183,0,0,1,1484.0,1
793.18,4,1370,0,0,0,1109.0,1
18171.88,4,84,1,0,1,736.0,1
15389.31,6,400,1,0,1,236.0,1
3183.67,9,1229,0,0,1,2940.0,1
15723.81,6,672,0,1,1,1238.0,1
2540.02,6,584,0,0,0,423.0,1
2336.92,7,292,0,0,1,6332.0,0
3154.26,5,244,0,1,2,344.0,1
2630.89,4,779,1,1,0,820.0,1
2403.79,12,781,1,0,0,654.0,1
9352.49,7,878,0,0,0,347.0,1
3463.85,5,373,0,0,0,1615.0,1
6078.31,8,499,0,0,1,29.0,1
8361.39,4,541,0,0,1,3175.0,1
4394.84,6,1462,0,1,0,2182.0,1
1129.72,4,1209,0,0,0,496.0,0
770.57,5,1186,0,0,0,3192.0,0
3459.16,9,1360,0,0,0,4073.0,1
2511.77,4,682,0,0,0,2379.0,1
3253.19,3,369,0,0,0,91.0,1
2933.48,6,374,0,0,1,1119.0,1
39480.95,8,379,1,0,1,167.0,1
788.22,5,819,0,0,2,34.0,0
407.51,5,689,1,0,3,463.0,1
4156.28,10,87,0,0,1,4413.0,1
2045.87,8,1126,0,1,1,856.0,1
4089.05,3,1354,0,0,1,3111.0,1
5344.82,10,1471,0,0,0,3843.0,1
10765.53,11,103,0,0,0,694.0,1
660.35,6,132,0,0,2,3994.0,0
1708.35,9,1465,0,0,0,1697.0,1
4576.83,2,939,0,0,1,188.0,1
6441.16,6,552,0,0,0,2450.0,1
26727.53,8,921,0,0,2,997.0,1
7751.98,5,1031,0,0,0,1685.0,1
2816.39,8,1024,0,0,4,1195.0,1
1223.61,6,478,0,0,1,7030.0,1
1695.46,8,6,1,0,1,2167.0,1
1647.97,6,553,0,0,0,449.0,1
5740.11,5,1061,0,0,1,2808.0,1
3854.5,4,981,0,0,1,2058.0,1
793.42,5,217,1,0,1,1325.0,1
1927.73,7,531,1,0,1,5572.0,1
7169.19,4,836,0,0,2,1166.0,1
4237.22,8,316,1,0,0,1445.0,1
5263.99,6,221,1,0,2,2599.0,1
4371.76,4,1361,1,0,1,3149.0,1
15160.23,4,742,0,0,0,1857.0,1
3774.57,6,99,0,0,1,2561.0,1
2026.32,5,452,0,0,0,2751.0,1
1193.02,4,943,0,0,0,3471.0,1
3826.13,5,1153,0,0,1,2206.0,1
259.64,8,1104,0,0,0,1579.0,0
2479.25,6,89,0,0,0,618.0,1
2426.39,5,1064,0,0,1,631.0,1
761.68,9,1284,0,0,2,382.0,1
1178.19,15,693,0,0,0,632.0,1
6698.62,3,826,0,0,1,2857.0,1
3754.51,7,786,0,0,0,2193.0,1
3300.36,5,1143,0,0,0,595.0,0
4049.5,4,242,1,0,1,691.0,1
3270.27,5,279,0,0,0,7069.0,1
10330.57,13,1388,0,0,1,697.0,1
3372.57,7,581,0,1,1,417.0,1
693.52,10,231,0,0,0,887.0,1
15216.41,4,111,1,0,0,2278.0,1
4317.1,3,81,0,0,1,776.0,1
1653.66,5,1200,0,0,1,3211.0,1
851.16,3,734,0,0,1,950.0,1
4428.93,4,584,0,0,0,8766.0,0
2651.36,6,326,0,0,0,294.0,1
14387.96,8,1220,0,0,2,20.0,1
2109.26,5,1242,0,0,0,811.0,1
1290.29,6,760,0,0,1,521.0,1
7301.22,1,857,0,0,1,889.0,0
7519.7,4,1301,0,0,2,244.0,1
3528.58,7,797,0,0,0,2236.0,1
5862.65,9,1482,0,0,0,3573.0,1
2870.7,8,440,0,0,0,1851.0,1
3766.36,4,1108,0,0,1,1366.0,1
9556.63,8,682,0,0,1,2472.0,1
5570.94,7,1108,0,0,0,45.0,1
2516.75,5,345,0,1,1,2584.0,1
11526.02,2,1415,0,0,0,1359.0,1
280.1,5,645,0,0,0,1633.0,0
23203.85,3,263,0,0,1,4711.0,1
541.34,7,559,0,0,0,2838.0,1
1592.26,9,465,0,0,1,4463.0,1
2861.45,7,1307,0,0,0,1486.0,1
2574.78,7,1490,0,0,0,1211.0,1
8155.2,5,1108,0,0,0,562.0,1
1035.01,10,954,0,0,1,1983.0,1
3869.06,8,386,0,0,1,637.0,1
1672.02,5,237,0,0,1,312.0,1
4004.37,6,662,0,0,0,1957.0,1
2793.99,7,530,0,0,0,1395.0,1
3271.28,8,1352,0,0,1,711.0,1
1719.99,2,799,0,0,1,1297.0,1
1789.94,5,1407,0,0,2,389.0,1
3972.98,4,661,1,0,0,1488.0,1
7659.6,7,666,0,0,0,2055.0,1
1638.8,7,1467,0,0,0,1151.0,1
1250.42,5,492,0,0,0,311.0,0
5505.26,8,1073,0,1,0,2431.0,1
2885.62,11,123,1,0,0,5192.0,1
6839.69,4,856,0,0,2,1139.0,1
1204.96,8,1380,1,1,1,6840.0,1
502.99,7,884,0,0,0,114.0,1
1749.34,7,1105,0,0,0,7929.0,1
1385.27,7,1450,0,0,0,1860.0,1
2755.11,7,112,0,0,0,5476.0,1
1576.8,13,239,0,0,1,361.0,1
6254.25,3,354,0,0,0,1168.0,1
2234.67,3,398,0,1,0,6815.0,1
3465.02,8,411,0,0,0,891.0,1
3489.92,3,823,0,0,2,2065.0,1
3622.63,5,177,0,0,0,380.0,1
2909.89,6,1141,0,0,1,3492.0,1
4967.15,5,921,0,0,0,551.0,1
1345.26,2,200,0,0,0,302.0,0
12081.35,6,584,0,0,1,1440.0,1
2353.04,9,101,0,0,0,511.0,1
803.08,6,468,0,1,0,2610.0,0
3597.78,4,298,0,0,1,3284.0,1
1272.6,7,381,0,0,0,1318.0,1
5798.38,7,1106,0,0,1,39.0,1
27162.85,5,960,0,0,2,889.0,1
1357.54,7,545,0,1,0,53.0,1
4156.27,5,1474,0,0,0,4131.0,1
515.17,7,551,1,0,0,575.0,1
4693.37,8,902,0,0,0,6584.0,0
1229.41,7,391,0,0,1,635.0,1
1595.86,0,303,0,0,0,1032.0,0
991.0,5,1130,1,0,2,16.0,1
6199.05,14,579,0,0,0,5779.0,1
8162.49,4,1333,0,0,0,1239.0,1
3051.49,4,1443,0,0,1,244.0,1
1255.86,9,1129,0,0,1,3138.0,0
14610.9,5,479,0,0,0,591.0,1
1407.53,6,1000,1,0,0,18.0,1
343.08,8,935,0,0,2,2019.0,0
4714.46,4,886,0,0,2,537.0,1
987.55,4,654,0,0,2,5689.0,1
8011.3,4,788,0,0,0,345.0,1
2036.24,6,914,0,0,1,593.0,0
5451.87,7,123,0,0,0,1515.0,1
12106.53,5,806,0,0,1,4970.0,1
889.93,7,1122,0,1,1,752.0,1
1692.67,6,1175,0,0,0,1146.0,1
2763.71,5,186,0,0,0,180.0,1
13870.94,6,1312,0,0,0,185.0,1
1543.21,5,79,0,0,0,3249.0,0
1645.0,9,1396,0,0,0,532.0,1
4808.5,8,733,0,0,0,2128.0,1
1673.67,6,486,0,0,0,295.0,0
3472.14,7,720,0,0,1,659.0,1
631.73,7,1254,0,1,1,1760.0,1
27291.48,13,556,1,0,0,115.0,1
774.56,8,371,0,0,0,725.0,1
2160.83,6,373,0,0,1,677.0,1
2885.69,7,506,0,0,0,207.0,1
20184.86,8,474,0,0,0,814.0,1
792.47,8,878,0,0,0,1969.0,1
21670.43,4,1148,0,1,0,2895.0,1
6356.14,7,263,0,0,0,693.0,1
4523.74,6,709,0,0,1,1714.0,1
1113.61,4,1379,0,0,0,147.0,1
5277.15,6,564,0,0,0,1889.0,1
1445.94,5,1186,0,0,0,1263.0,0
10579.37,7,1308,0,0,3,1566.0,1
1128.83,9,1167,0,0,0,2100.0,1
2662.02,8,1441,0,0,0,2874.0,1
1710.82,2,560,0,0,1,49.0,1
1110.4,6,28,0,0,0,125.0,1
6256.15,9,1052,0,0,0,2406.0,1
5092.17,8,1397,0,0,2,1681.0,1
9986.71,5,591,1,1,0,739.0,1
502.77,7,725,0,0,0,2444.0,0
8640.11,5,376,0,0,0,1409.0,1
36513.92,4,931,0,0,0,1403.0,1
1897.63,3,320,0,0,0,1930.0,0
19833.91,4,452,0,0,1,3300.0,1
2291.22,4,27,0,0,0,558.0,0
755.66,6,941,0,0,0,9000.0,0
2195.94,7,1034,0,0,0,824.0,1
8503.25,4,270,0,0,2,1500.0,1
1289.26,6,687,1,0,0,3318.0,1
1635.43,10,589,0,0,1,1147.0,1
5396.68,7,693,1,1,0,326.0,1
2990.09,3,834,1,0,1,14842.0,0
5348.78,5,434,0,0,0,3149.0,1
3781.32,11,299,0,0,0,260.0,1
4815.65,3,937,0,0,2,1821.0,1
1934.68,3,809,1,1,0,636.0,1
3758.33,3,1327,0,1,0,1557.0,1
1179.24,9,45,0,0,1,259.0,1
10812.23,7,1010,0,1,1,2522.0,1
1580.86,4,1117,0,0,0,2489.0,1
9217.39,8,65,0,0,1,441.0,1
2359.94,14,172,1,0,2,881.0,1
3648.24,7,1081,0,0,0,1298.0,1
1817.17,9,757,0,0,0,2047.0,1
1079.23,9,211,1,0,0,784.0,1
520.73,7,801,0,0,0,83.0,1
1037.61,7,1476,0,0,0,576.0,0
2156.18,4,251,0,0,0,1380.0,0
3684.46,4,1205,0,0,2,928.0,1
8187.63,4,922,0,0,0,7455.0,1
1908.82,5,344,0,0,0,844.0,1
1234.03,6,327,0,0,0,3178.0,1
704.36,4,939,0,0,0,35.0,1
4817.76,6,693,0,0,0,1074.0,1
11886.93,7,1114,0,0,2,1018.0,1
10575.87,6,720,0,0,2,4393.0,1
6062.83,7,1038,0,1,0,578.0,1
5645.1,4,1405,0,0,0,1093.0,1
16278.88,5,933,0,0,0,1907.0,1
4155.06,1,1228,0,0,0,2376.0,1
5688.09,6,1325,0,0,0,6644.0,1
2162.92,6,379,0,0,0,7219.0,0
763.53,6,907,0,0,1,1465.0,1
1504.4,5,1345,0,0,0,2057.0,1
2953.78,8,419,0,0,0,184.0,1
3167.78,13,416,0,0,2,3512.0,1
20461.2,7,690,1,0,0,755.0,1
3233.36,3,545,0,0,0,1467.0,1
9689.94,4,1349,0,0,0,4127.0,1
1929.32,8,1313,0,0,1,254.0,1
2182.71,6,834,0,0,0,3512.0,1
789.18,7,1432,0,0,1,309.0,1
1418.95,11,744,0,0,0,670.0,1
5049.18,4,1165,0,1,0,1969.0,1
3003.58,8,993,0,0,2,2394.0,1
7653.66,3,775,0,0,1,2491.0,1
3573.33,7,35,0,0,0,4410.0,1
2095.5,2,275,0,0,1,618.0,1
25547.55,12,610,0,0,0,2637.0,1
2713.78,4,674,1,0,0,8826.0,1
9537.64,7,922,1,0,0,138.0,1
1995.78,4,966,0,0,0,402.0,1
6060.81,4,182,1,0,0,4424.0,1
7540.29,4,191,0,0,0,539.0,1
3672.0,4,1290,0,0,1,5260.0,1
283.02,5,990,1,0,0,1337.0,1
3035.87,5,482,0,0,0,1399.0,1
10203.23,9,615,1,1,0,200.0,1
5051.7,6,929,0,0,1,372.0,1
4655.66,4,457,0,0,0,3727.0,1
532.59,4,443,0,0,1,2305.0,1
1450.33,6,1345,1,0,0,247.0,1
4497.86,6,639,0,0,0,272.0,1
4493.48,5,887,0,0,0,4425.0,1
10043.36,2,71,0,0,1,2757.0,1
2578.94,7,189,0,0,1,229.0,1
4473.04,4,912,0,0,1,1513.0,1
3030.17,5,734,1,0,0,7359.0,1
1111.05,4,210,0,0,1,1352.0,1
312.38,5,192,0,0,2,178.0,1
4587.13,9,188,0,0,0,1172.0,1
3547.32,5,984,0,0,0,627.0,1
1606.52,6,1139,0,0,1,1309.0,1
590.42,9,430,0,0,0,2447.0,1
5595.62,5,486,1,1,1,1238.0,1
2284.91,6,1235,1,0,0,257.0,1
5202.4,3,902,0,0,0,2586.0,1
19226.57,8,267,1,0,0,507.0,1
350.22,4,199,0,0,0,25.0,1
1480.89,9,1162,0,0,2,287.0,1
2417.83,3,1014,0,0,0,1890.0,1
12769.65,10,207,0,0,0,5156.0,1
580.33,5,635,0,0,2,2569.0,1
20658.06,9,203,0,0,0,702.0,1
3414.74,8,594,1,0,0,966.0,1
2708.09,6,1054,1,1,0,1541.0,1
2445.34,3,1331,0,0,0,127.0,1
1927.03,2,397,0,0,0,4808.0,1
8502.51,7,90,0,0,0,794.0,1
1024.01,5,1427,0,0,1,999.0,1
4210.83,7,581,0,1,0,110.0,1
2030.06,9,537,0,0,0,299.0,1
1391.12,10,1302,1,0,1,604.0,1
39575.88,7,173,0,0,1,514.0,1
4532.6,9,1241,0,0,1,656.0,1
5504.19,5,1440,0,0,1,682.0,1
9300.07,7,692,1,1,0,2355.0,1
719.57,8,1079,0,0,1,116.0,1
17193.59,7,192,0,0,1,969.0,1
242.51,7,977,0,0,0,245.0,1
1381.93,5,602,0,0,1,2805.0,0
1883.65,6,36,0,0,0,8681.0,0
5333.29,10,120,1,0,1,1721.0,1
3709.74,15,481,0,0,0,1794.0,1
2522.95,9,1439,0,0,0,17.0,1
2945.41,5,263,0,0,1,1213.0,1
1121.0,6,1262,0,0,3,1409.0,1
666.99,4,1387,0,1,0,5794.0,0
6164.19,8,595,1,0,1,117.0,1
5965.25,10,301,0,0,0,210.0,1
14537.61,5,1064,0,0,1,856.0,1
1352.87,11,1349,0,0,0,991.0,1
5959.94,4,886,0,0,0,1518.0,1
2244.62,7,800,0,0,0,5455.0,1
9803.31,8,754,0,0,0,1693.0,1
8283.02,6,430,1,0,0,3297.0,1
3681.99,5,1260,0,0,2,1568.0,1
2122.75,8,951,0,0,0,1164.0,1
7792.62,4,648,0,0,1,4092.0,1
5692.5,3,611,0,0,0,48.0,1
1503.51,11,44,1,0,0,1831.0,1
790.13,4,196,0,1,0,2999.0,0
2233.82,8,1276,1,0,0,512.0,1
13567.25,2,802,0,0,0,105.0,1
9381.43,4,115,0,0,1,201.0,1
980.12,5,219,0,0,0,2803.0,0
927.27,11,1010,1,0,0,358.0,1
10664.59,7,213,0,0,1,424.0,1
957.54,1,217,0,0,1,1114.0,1
4960.67,3,216,0,0,2,577.0,1
1609.9,4,540,0,0,0,5161.0,1
15018.6,6,327,0,0,0,783.0,1
1379.64,7,1355,0,0,0,193.0,1
9352.15,7,620,0,0,2,549.0,1
3586.24,9,774,0,0,0,397.0,1
3836.04,7,1212,0,0,1,875.0,1
415.59,8,80,0,0,1,551.0,1
329.34,9,1434,0,0,1,5505.0,0
2390.92,6,143,0,0,2,4220.0,1
3815.8,3,1058,0,1,0,2178.0,0
967.58,8,754,0,0,0,4315.0,1
1003.56,8,1477,0,0,0,1860.0,1
5226.37,2,116,0,0,1,2659.0,1
5233.6,9,780,0,1,0,3107.0,1
2597.38,5,1061,0,0,0,293.0,1
6504.19,5,738,0,1,0,1897.0,1
921.31,7,1440,0,0,0,1368.0,1
2088.22,9,1161,0,0,0,3594.0,1
15488.88,3,634,0,1,0,1734.0,1
3191.74,10,37,1,1,1,1938.0,1
3382.3,2,640,0,0,2,1534.0,1
29909.95,5,905,0,0,0,569.0,1
735.58,6,1088,1,0,0,1475.0,1
6610.6,8,1288,0,0,0,7144.0,1
15740.41,9,652,0,0,0,1797.0,1
2154.13,4,528,0,0,1,3606.0,1
7041.88,8,387,0,0,1,1306.0,1
1116.53,6,648,0,0,1,1017.0,1
1500.07,8,395,0,0,0,590.0,1
4380.71,3,82,0,0,1,6908.0,1
6624.74,7,586,0,0,0,5495.0,1
9144.76,9,481,0,0,0,3651.0,1
14323.1,9,911,0,0,0,3446.0,1
2786.53,2,535,0,0,0,1189.0,1
9834.11,6,1036,0,0,0,1840.0,1
2116.87,6,501,0,0,1,106.0,1
7347.32,6,1244,0,0,1,59.0,1
3668.32,6,759,0,0,0,666.0,1
4654.91,4,755,0,0,2,1700.0,1
4552.85,9,317,1,0,0,2373.0,1
599.02,3,961,0,0,1,925.0,1
968.63,9,547,0,0,0,2706.0,1
3302.85,5,129,0,0,1,3324.0,1
551.54,1,222,1,0,2,741.0,1
6844.57,6,378,0,0,0,6432.0,1
7126.36,7,629,0,0,0,588.0,1
4134.7,10,1226,1,0,0,1660.0,1
971.52,3,623,0,0,0,395.0,1
11850.66,5,233,0,0,1,1992.0,1
22861.52,5,1265,1,0,1,79.0,1
3453.27,4,728,0,0,1,1810.0,1
4966.82,5,1364,0,0,0,5948.0,1
3647.29,7,596,0,0,0,791.0,1
5066.32,6,801,0,0,0,2977.0,1
2645.04,6,460,0,1,1,448.0,1
2879.68,7,632,0,0,0,1584.0,1
7374.01,2,885,0,0,0,342.0,1
31120.57,3,1203,0,0,0,3534.0,1
735.04,4,325,0,0,2,184.0,0
2687.02,6,1111,1,0,1,2789.0,1
915.56,5,809,0,0,1,2379.0,1
14647.5,5,366,0,0,1,3897.0,1
1656.17,6,91,0,0,1,1187.0,1
704.01,4,14,0,0,0,4391.0,1
5643.09,9,29,0,0,1,1242.0,1
17056.92,5,654,0,0,0,1084.0,1
5788.32,5,351,0,0,1,226.0,1
3658.46,9,135,0,0,1,3942.0,1
4487.9,7,428,0,1,0,3361.0,1
12269.12,3,1358,1,0,1,247.0,1
1243.64,5,1468,0,0,0,396.0,0
2665.52,5,565,0,0,1,731.0,1
1895.64,9,482,0,0,0,414.0,1
927.17,4,330,1,0,0,1413.0,1
2146.57,6,559,0,0,0,320.0,1
9024.71,6,1424,0,1,0,3729.0,1
5253.25,8,47,0,0,0,3520.0,1
5677.75,3,768,1,0,0,1166.0,1
3451.19,8,421,1,0,0,1447.0,1
5030.75,8,791,0,0,1,544.0,1
1338.64,6,159,0,0,1,2153.0,1
2187.45,7,512,0,0,0,1707.0,1
3611.95,5,1338,1,1,0,4498.0,1
3934.41,3,898,1,0,1,66.0,1
4105.93,6,342,0,0,0,1220.0,1
2595.84,7,1405,0,1,0,1703.0,1
2043.82,6,772,0,0,1,1566.0,1
70106.53,1,97,0,0,0,3070.0,1
7381.91,6,1022,1,0,0,1388.0,1
4505.92,7,1174,0,0,0,50.0,1
2360.88,7,697,1,0,1,8602.0,1
1898.43,5,31,0,0,0,2825.0,0
2615.47,5,822,0,0,1,161.0,0
3995.12,6,169,1,0,0,5422.0,1
454.67,4,1033,0,0,0,1840.0,1
620.55,8,176,0,0,1,896.0,1
1576.74,6,1441,0,0,0,419.0,0
3667.04,3,1491,1,0,1,3254.0,1
2346.61,12,289,0,0,1,191.0,1
13070.61,7,453,0,0,1,2092.0,1
676.95,7,1471,0,0,1,1485.0,1
1406.21,5,1333,0,0,0,3548.0,1
13630.86,5,371,0,0,1,865.0,1
3398.6,6,789,0,1,0,267.0,1
7221.68,2,832,0,0,1,319.0,1
23184.68,7,1312,0,0,2,1729.0,1
1489.5,6,1216,0,0,0,1000.0,0
2699.13,6,1449,1,0,1,894.0,1
2270.09,4,467,0,0,0,3066.0,1
422.17,3,1070,0,1,2,321.0,1
2185.51,6,406,1,0,1,2891.0,1
7194.43,5,1124,0,0,1,1945.0,1
5118.36,6,1177,0,0,0,5078.0,1
5536.31,6,77,0,0,0,1776.0,1
2047.74,2,96,0,0,0,742.0,1
1546.74,10,835,0,0,0,349.0,0
10606.85,4,1143,0,0,0,32.0,1
1812.9,9,242,0,0,1,4601.0,0
4000.13,11,996,1,0,1,1161.0,1
3509.87,8,741,0,0,0,10.0,1
12857.94,4,1043,0,0,0,4545.0,1
7874.72,7,78,0,0,2,8740.0,1
816.27,6,21,0,0,2,5818.0,0
909.09,4,736,0,0,0,156.0,1
5318.3,13,1074,0,0,2,556.0,1
2795.21,6,1085,0,0,0,276.0,1
1890.94,2,1360,1,0,0,226.0,0
8230.71,7,357,0,0,0,2205.0,1
3595.58,6,72,1,0,0,648.0,1
3141.51,3,349,1,0,1,389.0,1
6501.76,2,1459,0,0,0,2638.0,1
2048.56,3,1458,0,0,2,3033.0,0
14307.21,0,1081,1,0,0,3604.0,1
1355.54,13,1221,0,1,1,2760.0,1
5749.85,7,910,0,0,0,1752.0,1
12504.36,4,536,0,0,1,48.0,1
751.98,8,255,1,0,0,659.0,1
2114.69,2,778,0,0,1,2612.0,1
9341.36,8,709,0,0,0,509.0,1
9482.89,3,557,0,0,1,4721.0,1
2511.17,3,182,0,0,0,4202.0,1
1429.86,7,626,0,0,0,1923.0,0
7753.78,4,1291,0,0,0,3786.0,1
9735.64,3,225,0,0,0,1369.0,1
930.14,8,1117,0,0,1,173.0,1
894.34,4,98,1,0,0,4002.0,1
3734.08,6,749,0,0,1,235.0,1
5593.5,5,937,0,0,0,3043.0,1
2210.4,7,311,0,0,1,4530.0,1
5879.89,7,48,0,0,0,1159.0,1
1465.37,5,1193,0,0,0,712.0,1
359.71,8,472,0,0,0,2316.0,1
1951.0,5,1447,1,0,0,538.0,1
3175.54,8,213,0,0,0,114.0,0
2262.35,12,584,0,0,1,19.0,1
935.8,4,394,0,0,1,272.0,1
485.1,6,309,0,0,0,1803.0,1
1782.75,5,1133,0,0,0,1534.0,1
7314.81,4,587,0,0,0,1598.0,1
10469.25,6,828,0,0,1,403.0,1
9776.27,8,501,1,0,0,1553.0,1
1318.29,12,78,0,0,2,1518.0,1
940.39,6,512,0,0,0,6287.0,0
4898.26,3,50,0,0,0,837.0,1
5625.7,7,1136,0,0,0,1860.0,1
4447.82,7,793,0,0,0,3115.0,1
397.79,2,550,0,1,0,953.0,0
1252.77,5,813,1,0,1,547.0,1
2893.76,1,866,0,0,0,3178.0,1
4852.35,4,990,0,0,1,825.0,1
6420.86,9,529,1,0,0,4007.0,1
3443.53,10,1396,0,0,0,4910.0,0
4149.67,6,1077,0,1,0,494.0,1
3244.98,7,737,0,0,2,2650.0,1
5917.2,5,1042,1,1,0,543.0,1
4075.98,6,268,0,0,1,817.0,1
3183.5,4,1478,1,1,1,3897.0,1
2279.32,5,395,0,0,0,640.0,1
3233.41,7,255,1,0,1,330.0,1
4839.62,6,169,1,0,0,441.0,1
3895.1,5,864,0,0,0,1427.0,1
4362.61,7,1495,0,0,0,1513.0,1
11415.44,10,369,0,0,1,5728.0,1
3886.11,5,133,0,0,0,255.0,1
1557.76,7,196,0,0,1,6376.0,1
7212.76,7,1189,0,0,0,5218.0,1
760.37,4,1276,0,0,0,1452.0,1
1010.89,2,47,0,0,1,886.0,1
4170.73,6,1414,1,0,0,476.0,1
4996.02,4,1046,0,0,1,3035.0,1
858.3,6,541,0,0,0,3686.0,1
2032.83,4,925,1,0,1,5474.0,1
1626.06,6,965,0,0,1,4319.0,1
1832.29,9,147,0,0,0,3713.0,0
7658.7,6,552,0,0,1,3203.0,1
6042.09,5,1230,0,0,0,2229.0,1
2924.5,5,1071,0,0,0,510.0,1
1726.82,8,1384,0,0,0,434.0,1
773.06,6,1448,0,0,0,235.0,1
12334.86,6,1435,1,0,0,322.0,1
5388.99,7,492,0,0,0,1144.0,1
1470.46,7,1278,0,0,2,797.0,1
6121.73,6,502,1,0,1,2171.0,1
2778.81,9,207,0,0,0,363.0,0
2237.0,8,335,1,0,4,1392.0,1
4606.44,8,281,1,0,0,2368.0,1
1420.13,5,1109,0,0,0,627.0,1
2113.8,3,1451,0,0,0,1358.0,0
3365.94,3,55,0,0,0,125.0,1
1809.03,9,585,0,0,1,5900.0,1
5820.17,5,1497,0,0,1,435.0,1
19323.29,4,1265,0,0,0,3391.0,1
1402.07,5,1052,0,0,0,1513.0,1
563.9,2,855,0,0,1,199.0,1
402.73,9,1437,1,0,1,1137.0,1
2564.53,5,1369,1,0,2,1124.0,1
1535.84,7,468,0,1,1,1116.0,1
3669.68,6,419,0,0,1,1578.0,1
3403.63,8,1409,0,0,0,2903.0,1
599.91,8,1198,0,0,0,1430.0,0
485.47,3,1383,0,0,1,2152.0,0
4007.54,5,24,0,0,0,368.0,1
3413.28,3,733,0,0,0,1384.0,1
1947.27,5,857,0,0,0,186.0,1
568.42,4,403,1,0,0,3541.0,1
4776.16,4,19,0,0,1,2395.0,1
10634.93,5,673,0,1,0,866.0,1
3936.24,7,53,0,1,0,349.0,1
1277.33,5,104,0,0,0,2121.0,0
3116.77,6,343,0,0,0,1369.0,1
760.43,5,695,0,0,0,1740.0,0
8586.62,6,52,0,0,0,2123.0,1
3235.19,11,369,1,0,1,6856.0,1
508.69,7,611,0,0,1,4574.0,1
2206.86,8,1244,1,0,0,881.0,1
4737.67,4,624,0,0,1,571.0,1
2136.56,7,1381,0,0,0,313.0,1
2262.23,6,425,0,0,0,126.0,1
876.2,10,579,0,0,0,3258.0,1
5252.93,7,428,0,0,0,4279.0,1
1558.58,6,754,0,1,1,3502.0,0
345.0,4,1292,0,0,0,832.0,0
2056.46,6,1275,0,0,0,2292.0,1
7951.77,9,1018,0,0,0,278.0,1
2024.48,5,456,0,0,0,2314.0,1
16949.35,9,966,0,0,0,796.0,1
4577.77,10,431,0,0,1,709.0,1
4182.89,2,1218,0,1,0,2988.0,1
2621.76,6,1045,0,0,0,2220.0,0
2784.19,4,75,0,0,0,2173.0,1
2290.62,6,33,0,0,0,2001.0,1
2203.34,8,811,0,0,1,1426.0,1
5068.84,4,207,0,1,0,335.0,1
1169.31,6,780,1,0,0,537.0,1
1016.49,4,535,0,0,1,1533.0,0
969.52,4,510,0,0,0,2742.0,1
23055.38,9,127,0,0,0,1838.0,1
5066.18,5,733,0,0,0,904.0,1
4041.99,3,1084,0,0,0,1752.0,1
1035.34,9,1137,0,0,1,711.0,1
5559.94,8,1044,0,0,0,1613.0,1
2652.95,4,822,0,0,0,2680.0,0
3692.91,5,467,0,0,0,308.0,0
1122.57,5,102,0,0,0,128.0,1
3499.13,4,1252,0,0,0,924.0,1
1951.13,2,880,1,0,0,2498.0,1
1386.29,9,974,0,1,0,224.0,1
6211.18,5,299,0,0,0,9527.0,0
640.53,2,565,0,0,0,2759.0,0
5243.67,13,778,0,0,1,2238.0,1
5910.5,6,880,0,1,0,908.0,1
1236.89,9,1480,0,0,0,3057.0,1
1312.48,7,194,0,0,1,789.0,1
2385.05,3,1003,1,0,1,1121.0,1
3952.23,7,1494,1,0,0,134.0,1
2558.42,7,792,0,1,1,6840.0,1
4598.85,4,1094,0,1,2,1727.0,1
17378.34,9,1248,0,0,0,495.0,1
1794.14,3,632,0,0,0,1769.0,1
536.37,5,1306,0,0,0,2686.0,0
6808.48,3,1228,0,0,1,2622.0,1
16047.6,10,713,1,0,0,0.0,1
4415.02,3,1224,0,0,0,2571.0,1
1004.51,9,1302,1,1,0,1333.0,1
2633.6,5,1211,1,0,2,3066.0,1
974.06,8,201,0,0,0,397.0,1
5669.5,5,1126,0,0,1,583.0,1
771.79,7,204,0,0,0,96.0,1
2208.06,6,588,0,0,1,693.0,1
1091.89,10,1333,0,0,0,941.0,1
3384.04,4,46,1,0,0,370.0,1
2066.6,6,183,1,0,0,2046.0,1
3557.32,6,146,0,0,0,4237.0,1
3048.33,4,273,0,0,0,75.0,1
1111.36,8,936,0,0,0,718.0,0
5579.63,6,677,0,1,2,310.0,1
2839.08,3,543,0,0,0,152.0,1
1109.29,3,777,0,0,0,450.0,1
28027.08,5,224,0,0,0,1315.0,1
4800.28,3,997,0,0,1,1564.0,1
2557.38,5,1043,1,0,1,187.0,1
12273.58,7,1333,0,0,1,4357.0,1
18803.83,9,1194,0,0,1,433.0,1
2577.69,7,484,1,0,1,2540.0,1
4219.19,7,728,1,0,0,1962.0,1
1109.87,4,346,0,0,1,2830.0,0
2572.95,6,1236,0,1,1,1079.0,1
2442.89,6,1358,0,0,0,2139.0,0
3586.12,5,864,0,0,0,3896.0,1
4157.88,6,904,0,0,0,249.0,1
5217.79,3,437,0,0,1,1744.0,1
3780.62,11,1061,0,0,2,1296.0,1
888.25,5,1022,1,1,1,1072.0,1
1166.23,4,229,0,1,1,4466.0,1
1726.05,9,1099,0,0,2,10530.0,0
2247.92,4,582,0,0,1,900.0,1
8525.14,5,1440,1,0,0,1146.0,1
931.75,7,1441,1,0,0,1642.0,1
2085.13,6,1454,0,0,0,1409.0,0
7731.12,10,337,0,0,0,1612.0,1
2208.62,3,950,0,1,0,127.0,1
4724.02,7,482,0,0,0,1789.0,1
2592.71,5,422,0,1,0,1865.0,1
3853.68,3,946,0,0,0,3645.0,1
2372.09,2,918,0,0,0,1327.0,1
5808.43,5,1215,0,0,0,569.0,1
635.84,3,1260,0,1,1,1257.0,1
2072.87,5,626,0,0,1,1265.0,1
4010.1,6,1047,0,0,0,1864.0,1
5083.19,5,653,0,0,1,1247.0,1
13265.91,7,767,0,0,1,913.0,1
2016.21,9,284,0,0,0,3532.0,1
13088.4,6,1168,0,0,0,6405.0,1
1542.22,4,956,0,0,1,1398.0,1
11255.89,5,383,1,0,0,1773.0,1
6751.14,13,497,0,0,0,1809.0,1
1195.76,6,152,1,0,0,1326.0,0
4052.3,3,836,0,0,1,197.0,1
2832.07,8,486,0,0,1,95.0,1
5572.42,7,96,0,1,4,3518.0,1
2384.46,8,1331,1,0,0,477.0,1
2192.4,5,1451,0,0,0,1866.0,0
11720.5,8,1103,0,0,0,1778.0,1
2700.73,5,80,0,0,1,1517.0,1
6811.87,7,1,0,0,0,254.0,1
2379.51,5,1052,0,0,0,113.0,1
15782.6,10,849,0,0,0,443.0,1
1512.72,6,1247,0,0,1,1676.0,0
1613.01,7,956,0,0,1,1427.0,1
13691.32,3,400,0,0,0,2314.0,1
1910.37,3,1067,1,0,0,909.0,1
14780.65,4,1048,0,0,1,2724.0,1
7272.39,7,795,0,0,2,1448.0,1
2553.83,9,675,0,0,0,144.0,1
486.24,6,627,0,0,1,191.0,1
2923.92,5,57,0,0,1,568.0,0
3299.84,7,597,0,0,1,865.0,1
9577.94,8,1197,0,0,0,6082.0,1
14595.19,6,269,1,0,0,4296.0,1
1502.69,10,713,0,0,0,1524.0,1
6642.09,5,711,0,0,0,402.0,1
6408.64,3,1324,0,0,1,7144.0,1
8720.33,3,541,0,0,0,1390.0,1
4908.33,5,1175,1,0,0,1604.0,1
427.31,6,702,0,0,3,1232.0,1
2551.86,7,600,0,0,0,1338.0,1
938.51,9,1214,0,0,0,2308.0,1
2434.25,6,792,0,0,1,358.0,1
7942.67,5,161,0,0,0,1237.0,1
4044.65,6,778,0,0,0,293.0,1
9396.48,6,127,0,0,0,370.0,1
4195.44,5,533,0,0,1,1094.0,1
813.77,6,914,1,0,0,462.0,1
239.64,6,286,0,0,0,5567.0,0
3459.26,4,673,1,0,0,246.0,1
2406.85,6,692,0,0,0,7299.0,0
1122.21,3,1421,0,0,0,5135.0,0
544.23,3,1088,0,0,1,3054.0,1
1429.75,9,946,0,1,0,1540.0,0
2454.08,5,165,0,0,0,1149.0,1
5801.54,2,1356,0,0,2,2345.0,1
3599.79,7,1292,0,0,1,213.0,1
14884.37,3,1338,0,0,1,1478.0,1
1058.28,5,954,0,0,0,4100.0,1
7194.4,6,773,0,0,1,1658.0,1
3125.34,11,1492,0,0,0,682.0,1
5971.0,6,94,0,0,0,919.0,1
1926.55,7,981,0,0,0,2224.0,1
8705.24,6,854,0,0,1,94.0,1
4004.7,11,391,0,0,0,1782.0,1
1511.04,5,383,0,0,0,698.0,1
2945.33,9,851,0,1,0,914.0,1
2345.95,6,1150,0,0,0,594.0,1
4861.87,12,113,0,0,2,3987.0,1
916.19,2,1426,0,0,1,3087.0,1
2894.73,5,737,0,0,0,3435.0,1
4426.25,3,201,0,1,0,953.0,1
3081.04,6,980,0,0,0,247.0,1
11463.71,4,855,0,0,0,1900.0,1
6464.12,5,550,0,0,0,1998.0,1
2958.74,9,753,0,0,1,972.0,1
3702.22,7,1088,1,0,0,131.0,1
4006.47,13,622,0,0,0,452.0,1
4461.76,11,50,0,0,0,29.0,1
480.27,3,804,0,0,0,2264.0,0
2204.98,7,1286,0,0,0,3951.0,1
675.57,6,1205,0,0,0,3844.0,0
10703.02,10,382,0,0,0,498.0,1
2804.98,5,460,0,0,1,417.0,1
2456.91,3,1391,0,0,0,1120.0,1
7308.53,5,315,0,0,0,413.0,1
4547.46,7,823,0,0,1,244.0,1
964.26,5,406,1,0,1,342.0,1
2776.91,3,1445,0,1,0,987.0,1
2132.04,7,664,0,0,0,1092.0,1
520.85,5,478,1,0,1,1959.0,0
1494.76,3,650,0,0,0,6031.0,1
2481.11,7,58,1,0,2,4361.0,1
2657.26,7,474,0,1,0,795.0,1
677.07,4,1285,0,1,0,351.0,1
9430.13,5,147,0,0,0,5949.0,1
2691.62,8,948,0,0,1,1935.0,1
3095.03,5,1396,0,0,2,1613.0,1
4449.92,5,608,0,0,0,1348.0,1
1355.5,4,1140,0,0,2,750.0,1
4704.88,4,423,0,0,0,1623.0,1
2065.08,4,1147,1,0,0,1004.0,1
1216.11,2,870,0,0,0,1322.0,1
5289.33,5,1,0,1,0,1316.0,1
13248.95,4,337,1,0,0,37.0,1
6153.83,9,662,0,0,1,744.0,1
7502.39,7,974,0,0,1,309.0,1
1771.12,5,108,0,0,1,3789.0,1
603.28,7,722,1,0,0,1522.0,1
13228.61,7,1427,0,0,0,991.0,1
23260.57,8,539,0,0,1,1930.0,1
13944.03,4,786,0,0,0,401.0,1
2130.72,3,694,0,0,0,612.0,1
939.52,7,1169,0,0,0,558.0,1
1026.92,3,1463,0,0,0,1664.0,1
553.5,6,994,0,1,1,1276.0,1
2677.45,0,976,0,0,0,1330.0,0
14848.85,7,1105,0,0,0,6133.0,1
2587.22,7,1418,0,0,0,334.0,1
4033.23,5,94,0,0,1,447.0,1
11796.96,7,1182,0,0,1,1549.0,1
1990.03,4,538,1,0,3,1285.0,1
22823.17,8,453,0,1,0,1086.0,1
21853.02,6,21,1,0,0,1059.0,1
2614.66,10,1336,0,1,1,1753.0,1
1673.15,3,264,0,0,1,2797.0,0
5986.36,5,669,0,0,1,860.0,1
2105.85,6,160,0,0,0,1262.0,1
937.71,5,448,0,0,0,2374.0,1
10734.72,5,984,0,0,2,1001.0,1
10061.26,3,1452,0,0,3,472.0,1
3482.52,5,1377,0,0,0,333.0,1
843.14,10,677,0,0,0,129.0,1
871.72,5,442,0,0,0,2171.0,1
3318.37,4,642,0,0,0,576.0,1
1808.28,7,6,0,0,0,1377.0,0
2119.44,7,356,0,0,0,1853.0,1
8283.02,5,403,0,0,1,2288.0,1
6205.43,9,1387,0,0,0,75.0,1
11827.03,8,402,0,0,0,575.0,1
1106.96,1,936,0,0,1,596.0,0
2115.0,6,60,0,0,0,1121.0,1
6367.62,7,168,0,0,0,1171.0,1
4666.1,2,578,0,0,0,466.0,1
13799.4,9,1061,0,0,0,350.0,1
4539.34,4,1057,0,0,1,3266.0,1
18922.54,8,1300,0,0,1,1241.0,1
5115.44,8,1448,0,0,1,289.0,1
8622.82,8,1017,0,0,0,1134.0,1
2157.02,5,1164,0,0,0,3029.0,0
3023.85,3,1073,0,0,0,696.0,1
7412.66,5,867,0,0,0,353.0,1
14957.65,7,1383,1,0,0,2585.0,1
6181.01,9,949,0,0,1,50.0,1
2743.06,8,1084,1,0,1,1518.0,1
11817.48,1,66,0,0,1,2239.0,1
332.96,6,1308,0,0,0,1112.0,1
718.93,5,467,1,0,0,47.0,1
5893.67,7,1460,0,0,1,3276.0,1
3023.31,8,11,1,0,2,2193.0,1
5461.69,3,171,0,0,0,70.0,1
3179.27,10,764,0,0,0,1056.0,1
5276.12,8,176,0,0,1,703.0,1
1320.28,9,697,0,0,1,5203.0,0
5273.69,8,998,0,0,1,1140.0,1
8057.95,5,1206,0,0,2,234.0,1
10102.63,6,642,0,0,0,1.0,1
22327.05,4,1066,0,0,1,1415.0,1
3805.1,7,760,0,0,0,594.0,0
3920.25,7,244,0,0,1,668.0,1
649.91,9,614,0,0,0,3333.0,0
1752.13,5,649,0,0,0,581.0,0
2457.54,2,33,0,0,2,1402.0,1
8521.26,6,859,0,0,1,1211.0,1
1618.09,4,377,0,0,1,676.0,1
6610.01,5,324,0,0,0,1593.0,1
2976.13,7,448,0,1,1,1868.0,1
2496.97,6,865,0,0,1,562.0,1
3823.39,2,1215,0,0,1,475.0,1
2015.95,6,392,0,0,0,650.0,1
1941.01,8,827,0,1,0,626.0,1
541.97,5,360,0,1,0,492.0,1
2326.33,2,1161,1,0,0,6489.0,1
1844.63,5,140,0,0,0,789.0,1
1779.38,8,1082,0,0,2,10.0,1
4522.74,6,817,0,0,0,2073.0,1
5759.65,8,1324,0,0,0,483.0,1
3760.08,6,651,0,0,1,927.0,1
8066.02,4,578,0,0,1,2236.0,1
5300.53,5,1135,0,0,0,1181.0,1
2219.29,9,1190,1,0,0,2250.0,1
1876.46,5,683,0,0,1,4964.0,1
4075.8,13,1381,1,0,0,81.0,1
5291.02,6,110,0,0,0,165.0,1
12062.35,4,1392,1,0,3,848.0,1
9810.15,8,195,0,0,1,263.0,1
1734.59,7,1379,0,0,1,1596.0,1
2691.88,4,1007,0,0,0,6251.0,0
5831.43,9,585,0,0,1,2253.0,1
8673.24,11,1009,0,0,0,2276.0,1
7623.34,5,1211,0,0,0,568.0,1
2796.5,10,740,0,0,0,1593.0,1
850.63,3,391,0,0,1,1772.0,1
1097.8,6,121,0,0,0,4206.0,1
3915.25,4,410,1,0,0,2065.0,1
4197.42,7,1484,0,0,0,2127.0,1
993.59,8,464,0,0,0,220.0,1
3116.82,2,664,0,0,1,1999.0,1
5603.94,1,193,0,0,0,3759.0,1
942.72,8,1464,1,1,0,576.0,1
9000.16,4,63,1,0,0,102.0,1
2043.6,2,1434,0,0,0,663.0,1
10484.08,5,1338,0,1,1,612.0,1
1748.56,4,27,0,0,0,200.0,1
1067.82,7,1349,0,0,0,853.0,1
1885.34,4,38,0,0,0,3145.0,1
2710.4,8,1071,0,0,1,3963.0,0
2021.35,3,1264,0,0,1,3204.0,1
2401.86,7,533,0,1,1,5140.0,1
4162.89,5,591,0,0,1,4743.0,1
2511.97,6,1012,1,0,0,362.0,1
2790.25,9,507,1,0,0,79.0,1
539.57,7,396,1,0,1,301.0,1
4410.3,6,1149,0,0,0,1067.0,1
2726.56,6,1355,0,1,0,3426.0,1
14917.54,6,365,1,0,0,1312.0,1
1164.95,5,598,0,1,1,4141.0,0
488.68,3,1146,0,1,0,127.0,0
5530.69,5,89,0,0,0,4922.0,1
4215.51,5,9,0,1,0,3854.0,1
1087.42,7,790,0,0,0,2037.0,1
645.65,6,795,1,0,0,426.0,1
13868.8,6,1341,0,1,0,5040.0,1
12260.16,9,833,0,0,0,442.0,1
247.78,5,1345,0,0,0,5217.0,0
1885.18,7,142,1,0,1,4928.0,1
15743.64,6,752,1,0,1,2998.0,1
1851.84,5,490,0,0,0,3936.0,1
1825.1,7,1117,0,1,0,1410.0,1
2246.75,2,20,0,0,1,2244.0,1
971.75,8,865,0,1,0,40.0,0
541.98,7,1197,0,1,1,33.0,1
8540.26,6,1364,0,0,0,4889.0,1
472.04,5,753,1,0,0,584.0,1
3817.2,4,849,0,0,0,3097.0,1
7234.23,5,1182,0,0,1,923.0,1
698.39,10,461,1,0,0,3035.0,0
1182.91,1,470,1,1,0,245.0,1
10028.43,8,870,0,1,0,336.0,1
5079.11,14,73,0,0,0,1883.0,1
1607.95,9,348,0,0,1,0.0,1
9919.41,5,1047,0,0,0,790.0,1
9962.03,11,919,0,0,1,156.0,1
3901.25,10,1312,0,0,1,547.0,1
1211.77,4,337,1,0,0,3204.0,1
1971.5,11,1086,0,0,1,4813.0,0
3969.47,7,555,0,0,1,1024.0,1
2468.6,6,988,0,0,2,3094.0,1
7623.24,4,566,1,1,1,28.0,1
645.63,12,493,0,0,0,2661.0,1
668.97,6,564,0,0,0,6187.0,0
3571.96,6,862,0,0,0,2046.0,1
1823.4,10,1453,0,0,0,2546.0,1
1592.33,4,979,1,0,0,3046.0,1
508.74,1,430,0,0,2,812.0,1
3039.8,7,946,0,0,2,191.0,1
2827.77,5,1459,0,0,0,1011.0,0
5730.05,4,215,0,0,0,68.0,1
3193.61,6,326,0,0,0,2040.0,1
2610.76,8,915,0,0,0,3621.0,1
9672.1,4,68,1,0,0,3700.0,1
802.34,4,1047,0,0,0,3468.0,0
5096.91,9,901,1,1,2,810.0,1
560.51,4,1472,1,0,1,1690.0,1
1289.02,7,289,1,0,1,878.0,1
886.55,8,588,0,0,0,39.0,1
6515.52,4,1023,0,0,1,773.0,1
2792.21,8,1252,0,0,0,4560.0,1
2940.98,7,571,0,0,0,1240.0,1
985.62,3,605,0,0,0,2169.0,1
2209.02,6,206,0,0,0,3031.0,1
1389.27,2,519,1,0,0,131.0,0
4374.1,9,560,1,1,0,805.0,1
1106.45,4,938,0,0,2,7162.0,1
11268.81,8,958,0,0,0,39.0,1
558.03,6,239,0,0,0,8007.0,0
1330.73,9,1486,0,0,0,2785.0,1
15949.78,10,994,1,0,0,215.0,1
1929.2,7,1321,0,0,0,1362.0,1
800.41,5,681,0,0,0,5091.0,0
3711.06,4,901,0,0,1,2830.0,1
1853.09,4,432,1,0,0,2750.0,1
1292.24,8,1023,0,0,0,2401.0,1
996.38,5,458,0,0,3,76.0,1
47494.71,4,1469,0,0,0,1653.0,1
2317.97,3,1291,0,0,0,654.0,1
434.6,4,1338,0,0,1,387.0,1
13275.95,6,1235,0,1,1,849.0,1
5492.13,5,765,0,0,0,2791.0,1
1385.11,6,143,0,0,0,244.0,1
1172.49,10,517,0,0,0,695.0,1
5845.77,7,496,0,0,1,786.0,1
2328.74,7,365,1,0,0,242.0,1
434.42,8,573,0,0,0,264.0,1
17805.1,4,653,1,0,1,439.0,1
1931.42,14,301,0,0,0,1790.0,1
13300.7,3,791,0,1,1,987.0,1
10704.67,9,1296,0,0,0,11591.0,1
1095.53,5,1316,1,0,0,310.0,1
8376.54,4,760,0,0,0,135.0,1
1553.95,5,608,1,0,2,6068.0,0
460.95,6,1069,0,1,0,2071.0,1
1949.64,3,131,0,0,0,308.0,1
4436.57,11,1130,0,0,1,2865.0,1
1876.69,7,421,0,0,0,913.0,0
2192.84,5,264,0,0,0,2295.0,1
9354.06,8,1025,0,0,0,889.0,1
3315.93,3,1491,0,0,0,1872.0,1
1282.67,6,30,1,0,0,2152.0,1
6015.11,6,620,0,0,0,82.0,1
3632.5,5,1476,0,1,2,379.0,1
239.46,5,383,0,0,0,1586.0,1
4574.96,6,981,0,1,1,83.0,1
4410.88,7,892,0,0,0,598.0,1
3041.55,4,85,0,0,0,3753.0,1
7271.37,4,28,1,0,0,2671.0,1
1521.74,5,601,0,0,1,2769.0,1
4173.46,5,609,0,0,0,57.0,1
622.06,9,1207,0,0,0,1078.0,0
4478.71,7,318,1,0,0,3406.0,1
21016.43,5,15,0,0,0,513.0,1
1102.29,8,97,0,0,1,4725.0,1
1394.37,3,707,0,0,0,38.0,1
1465.55,3,656,1,0,0,2637.0,1
3394.79,4,939,0,0,0,44.0,1
1029.64,9,896,0,0,0,778.0,0
4542.57,1,602,0,0,0,9172.0,1
6952.38,6,349,0,0,0,1577.0,1
5086.51,5,863,0,0,1,3445.0,1
508.56,7,584,0,0,1,812.0,0
8064.02,7,1067,1,0,0,4563.0,1
7611.13,7,1287,0,0,0,900.0,1
6837.39,4,135,0,0,1,657.0,1
4327.92,5,1143,0,0,1,3045.0,1
3715.21,4,220,0,0,0,2216.0,1
8369.83,8,1258,0,1,1,5432.0,1
20404.56,5,1427,0,1,0,868.0,1
1149.36,4,148,1,0,0,8450.0,0
8761.53,6,622,0,0,2,393.0,1
2734.72,2,1183,0,0,1,1594.0,1
2618.42,7,1237,0,0,1,865.0,1
641.28,7,701,0,0,0,250.0,0
2242.2,9,354,0,0,0,209.0,0
1099.64,3,827,0,0,0,704.0,1
1874.59,5,753,0,0,1,650.0,1
994.08,11,1354,0,0,2,701.0,1
1902.82,6,1336,0,0,1,3331.0,0
1986.02,5,709,0,0,0,1025.0,0
3283.79,8,164,0,0,0,849.0,1
593.03,6,115,0,0,1,2316.0,1
702.39,7,535,0,1,0,910.0,0
4280.88,7,39,0,0,1,2926.0,1
1342.87,3,596,0,0,1,2451.0,0
8730.08,8,867,0,0,0,1230.0,1
3734.13,3,1350,0,0,0,5970.0,0
5468.51,3,886,0,0,0,4278.0,1
12218.33,8,165,0,0,0,156.0,1
2187.01,8,621,0,0,2,1091.0,1
1678.26,10,109,0,0,1,34.0,1
7127.41,5,1218,0,0,0,1771.0,1
4961.75,3,571,1,0,0,343.0,1
2471.72,8,850,0,0,0,141.0,1
11985.56,6,1221,0,0,0,1410.0,1
2410.9,11,270,0,0,0,261.0,1
3080.27,5,83,1,1,0,5505.0,1
3044.9,8,819,0,0,0,3269.0,1
1170.76,3,365,0,0,3,3720.0,1
3221.45,3,248,0,0,0,1481.0,1
12049.28,5,565,1,0,0,2590.0,1
4651.61,8,96,0,0,2,3668.0,1
3075.01,9,89,0,1,0,579.0,1
2535.72,2,993,0,0,1,63.0,1
4150.01,7,577,0,0,0,818.0,1
6309.22,6,822,0,0,2,544.0,1
5482.07,3,679,0,0,1,3642.0,1
2139.09,1,347,0,0,1,368.0,0
4124.84,7,330,0,0,2,885.0,1
4817.16,5,1378,0,0,1,3838.0,1
1088.77,7,975,0,0,0,4335.0,0
3527.1,7,609,0,0,0,194.0,1
343.33,8,1432,0,0,0,3619.0,1
4829.67,14,179,0,0,0,283.0,1
5769.51,8,1111,0,0,0,1578.0,1
6295.22,6,638,0,0,2,4083.0,1
2008.12,8,257,0,0,0,375.0,1
4060.44,4,1486,0,0,0,1674.0,1
12381.44,8,732,0,1,1,3206.0,1
12255.98,9,230,0,0,0,2649.0,1
2895.25,9,1261,1,1,2,466.0,1
3426.59,8,1291,0,0,1,3078.0,1
9053.54,4,841,1,0,1,1485.0,1
664.61,5,1095,1,0,1,29.0,0
2157.97,6,839,0,0,0,944.0,1
11334.09,7,888,1,1,0,158.0,1
7904.6,4,91,0,0,1,1536.0,1
4312.46,5,901,0,0,0,3025.0,1
661.27,8,1211,0,0,0,325.0,1
2835.83,9,524,0,0,0,156.0,1
1652.57,6,91,0,0,1,2323.0,1
4150.73,5,1204,0,0,0,1190.0,0
1326.97,4,65,0,0,0,2723.0,0
1068.78,7,904,0,1,1,700.0,1
378.09,8,1078,0,0,0,6858.0,0
10115.3,3,613,0,0,0,312.0,1
1998.65,4,938,0,0,0,1414.0,1
3488.22,7,353,0,0,0,79.0,1
2974.29,12,1348,0,0,1,489.0,1
1025.12,5,1315,0,0,0,2598.0,0
846.35,8,918,0,0,1,4227.0,1
1090.82,6,1029,0,0,0,3765.0,0
1446.4,6,1032,0,0,0,1287.0,1
4301.01,5,1075,0,0,1,1046.0,1
1345.18,12,1058,0,0,0,461.0,1
17094.13,4,41,0,0,2,1560.0,1
8326.1,7,276,0,0,1,2321.0,1
6689.94,6,594,0,0,1,7053.0,1
2644.77,8,1179,0,0,1,3157.0,1
13551.88,7,888,1,0,1,4306.0,1
2397.05,2,73,0,0,2,2922.0,1
2889.21,8,596,0,0,0,655.0,1
3533.25,5,711,0,0,1,1221.0,1
6013.87,2,1040,0,0,0,524.0,1
5635.88,6,1102,0,0,1,1701.0,1
1853.58,5,1225,0,0,2,880.0,1
1749.36,8,263,0,0,0,572.0,0
5652.78,4,661,0,0,0,1119.0,1
6095.08,9,557,0,0,1,1983.0,1
2011.53,4,890,0,1,0,1560.0,1
609.61,9,718,0,0,1,985.0,1
2422.81,4,1179,1,0,0,1613.0,1
5560.96,6,973,0,0,0,206.0,1
18131.7,6,642,0,0,3,4908.0,1
899.68,9,768,0,0,0,405.0,1
1945.8,6,1479,0,0,0,6504.0,0
2019.48,8,1037,0,0,0,1186.0,0
11565.77,6,629,0,0,0,1166.0,1
2878.6,9,255,0,0,0,5917.0,1
1203.12,9,975,0,0,0,1088.0,1
5211.88,8,505,0,0,0,72.0,1
1988.95,5,403,0,0,1,620.0,1
876.22,6,713,0,0,0,1539.0,1
1220.76,2,362,0,0,0,856.0,1
16882.65,4,238,0,0,0,677.0,1
4377.4,2,186,0,0,0,198.0,1
3320.13,5,394,0,0,1,3533.0,1
2321.82,2,899,1,0,0,1545.0,1
3992.4,8,913,0,0,0,5080.0,1
3945.13,6,138,0,1,0,1551.0,1
3992.48,8,985,0,0,2,1542.0,1
3343.74,7,299,1,0,1,630.0,1
7106.74,2,51,0,0,0,1216.0,1
3050.63,5,434,0,0,0,96.0,1
1121.09,5,532,0,0,0,746.0,1
1615.79,4,1367,0,0,0,553.0,1
411.98,3,1215,0,1,0,1114.0,1
22625.14,6,720,0,0,1,784.0,1
7063.91,6,810,1,0,1,3984.0,1
1299.75,3,310,0,0,0,72.0,1
2248.81,9,825,0,0,1,470.0,1
1576.75,1,46,0,0,1,140.0,1
13940.41,7,398,0,0,0,1626.0,1
720.63,8,1100,0,0,0,3462.0,0
3342.51,4,182,1,0,1,1531.0,1
2674.38,9,1156,0,1,0,119.0,1
6814.71,9,356,0,0,0,316.0,1
2686.49,2,447,1,0,0,417.0,1
513.78,6,277,0,0,0,855.0,1
2318.98,5,897,1,0,0,2212.0,1
1127.59,8,572,0,0,0,3946.0,1
3227.88,11,1047,0,0,1,5820.0,1
12508.67,9,528,0,1,0,235.0,1
523.52,3,526,0,0,0,950.0,0
1339.13,12,617,0,0,0,268.0,1
1715.24,3,1142,0,0,1,1031.0,1
2035.24,4,77,0,0,0,213.0,1
6248.68,3,386,1,0,0,2961.0,1
2506.03,7,589,0,0,1,2855.0,1
4517.9,6,467,0,0,0,5628.0,1
1594.36,6,1094,0,0,0,78.0,0
3751.55,5,1017,0,0,0,364.0,1
6488.57,4,1102,0,0,2,4101.0,1
1433.25,7,140,0,1,0,1726.0,1
6511.71,7,746,0,0,1,1061.0,1
3141.24,5,880,0,0,0,2046.0,1
8479.95,10,751,0,0,2,507.0,1
2437.14,11,1438,0,0,0,2322.0,0
4364.44,4,516,0,0,1,1211.0,1
2862.34,8,221,1,0,1,1911.0,1
2707.52,7,1256,0,0,1,645.0,1
3861.96,7,1446,0,0,0,1364.0,1
5099.04,6,715,0,0,0,178.0,1
854.43,4,488,0,0,1,368.0,1
12501.87,5,1068,1,0,0,3.0,1
464.21,3,976,0,0,1,644.0,1
1502.95,2,1305,1,0,2,19.0,1
2712.78,10,1098,0,0,2,1238.0,1
4502.36,11,1122,0,0,0,63.0,1
14417.13,3,503,0,0,1,381.0,1
464.85,3,80,0,0,0,1092.0,1
1794.18,4,568,0,0,0,683.0,1
355.37,6,1284,0,0,0,389.0,1
3076.73,6,192,0,1,0,917.0,1
3911.53,7,722,0,0,1,144.0,1
14629.51,8,429,1,0,0,2160.0,1
3363.15,6,377,0,0,0,1413.0,1
8467.79,3,608,0,0,1,432.0,1
5344.57,8,1037,0,0,2,3350.0,1
1928.99,7,1299,0,0,0,151.0,1
728.54,8,1289,0,0,0,2688.0,1
3924.53,6,992,0,0,1,54.0,1
670.42,4,984,1,0,0,1571.0,1
10885.72,9,1242,0,0,0,1602.0,1
2534.97,8,708,0,0,0,278.0,1
9849.51,9,828,0,0,0,2301.0,1
1844.17,6,702,0,0,0,1401.0,1
3900.46,7,384,0,0,0,531.0,0
3675.15,4,1246,0,0,1,2318.0,1
2849.66,9,161,0,0,2,1149.0,1
1933.99,3,253,0,0,0,1013.0,1
4413.64,4,287,0,0,0,10.0,1
1180.67,4,719,0,0,0,1229.0,0
889.42,2,204,0,0,0,1762.0,1
10330.2,6,1227,0,0,1,3060.0,1
6168.23,5,873,0,0,2,5605.0,1
3183.99,4,941,0,0,0,472.0,1
15758.61,3,369,0,0,0,3294.0,1
2280.69,7,178,0,0,1,209.0,1
11189.19,2,727,0,0,0,2214.0,1
3553.09,4,738,0,0,0,2098.0,1
1069.82,5,859,0,0,1,27.0,1
18921.24,5,624,0,0,1,1063.0,1
8028.16,7,243,0,0,1,1761.0,1
2641.17,10,1340,0,0,0,3128.0,1
6168.26,8,930,0,0,1,3360.0,1
1990.81,10,1225,0,0,2,576.0,1
6830.47,9,642,1,0,0,1563.0,1
272.85,8,596,0,0,0,2598.0,1
1075.13,6,384,0,0,0,3087.0,1
7936.75,6,712,0,0,0,911.0,1
2322.37,7,540,1,0,1,993.0,1
3668.52,7,317,0,0,1,1726.0,1
775.27,5,340,0,0,0,429.0,1
18917.96,6,135,0,0,0,1500.0,1
9803.84,7,713,0,0,0,1975.0,1
2438.93,1,224,0,0,0,115.0,1
1988.83,8,1312,0,0,1,1641.0,1
8346.56,6,189,0,0,1,4004.0,1
21643.72,8,507,1,0,0,1181.0,1
7736.93,5,749,1,0,1,2106.0,1
26155.18,3,124,0,1,2,2153.0,1
1185.18,5,29,0,0,0,2817.0,1
1313.71,8,1307,0,0,0,1063.0,1
907.83,5,1328,0,0,3,2148.0,1
4636.71,5,309,0,0,0,154.0,1
3553.2,8,795,0,0,0,1228.0,1
2560.73,5,271,0,0,0,3472.0,1
6695.95,8,1376,0,0,0,3356.0,1
10222.32,4,2,0,1,0,1198.0,1
648.29,8,271,0,0,0,3853.0,0
1640.95,4,1196,0,0,1,292.0,1
6769.24,7,684,0,0,1,3328.0,1
1867.32,5,1291,0,1,0,75.0,1
1341.84,3,1475,1,0,0,224.0,1
8254.7,2,162,0,0,0,144.0,1
820.98,4,1460,1,0,1,2529.0,1
2204.86,3,324,1,0,1,2387.0,1
4140.8,6,669,0,0,1,1570.0,1
1679.38,5,816,0,0,0,3932.0,0
6523.43,7,1007,0,0,2,3639.0,1
1687.7,7,655,0,0,1,601.0,1
12193.03,7,139,0,0,0,855.0,1
2628.72,6,1322,0,0,0,10029.0,1
5832.9,8,357,0,0,0,1849.0,1
6285.65,10,177,0,0,0,696.0,1
1591.54,1,893,0,0,1,5638.0,0
382.42,4,586,0,0,1,947.0,1
4275.93,8,783,0,0,0,393.0,1
3204.43,8,1035,0,0,0,672.0,1
5196.94,7,1278,0,0,1,1236.0,1
2376.71,5,912,0,0,2,1575.0,1
1938.31,6,727,0,1,1,295.0,1
22213.89,8,11,0,0,0,1657.0,1
683.79,7,1477,0,0,1,1111.0,1
6210.21,3,590,0,0,1,2344.0,1
1678.07,7,1495,0,0,0,76.0,0
2130.73,5,768,0,1,0,7586.0,0
2170.9,4,689,0,0,0,254.0,1
1334.84,2,1165,0,0,1,3176.0,1
5277.59,9,24,0,0,0,2597.0,1
11975.8,6,595,0,0,1,3232.0,1
4769.58,5,964,1,0,2,502.0,1
3305.63,10,967,0,0,0,3104.0,1
1111.6,2,18,0,0,2,455.0,1
4998.16,5,447,0,0,1,1059.0,1
25754.11,3,231,0,0,1,3852.0,1
2037.15,4,1468,0,0,0,5324.0,0
2046.77,6,460,0,0,2,989.0,1
1700.9,3,823,0,0,0,1567.0,0
1827.28,7,1288,0,0,0,798.0,0
191.46,6,877,1,0,0,666.0,1
4469.52,11,935,1,0,0,1480.0,1
1279.79,5,1254,0,0,1,109.0,1
595.7,8,415,0,1,0,1693.0,1
6330.85,10,831,1,0,0,2719.0,1
1010.28,7,754,0,1,3,328.0,1
2124.58,7,1380,0,1,0,335.0,1
12918.85,8,1456,0,1,2,1090.0,1
728.35,8,1120,1,0,0,1462.0,1
643.81,7,1361,0,0,1,818.0,1
3902.24,5,1325,0,0,0,561.0,1
9409.62,7,1111,0,0,0,1628.0,1
617.49,3,515,1,0,1,339.0,1
4481.4,9,930,0,0,1,4105.0,1
5329.43,8,1047,0,0,1,2218.0,1
380.25,6,945,1,0,0,534.0,1
6624.31,5,476,0,0,1,2370.0,1
7162.44,7,474,0,0,0,1500.0,1
2182.47,8,1096,0,0,0,5796.0,1
10429.01,10,789,0,0,0,301.0,1
9287.79,4,1208,0,0,0,2198.0,1
3304.76,8,395,1,0,0,1088.0,1
1898.0,9,1394,0,0,0,274.0,1
1126.84,3,7,0,0,0,338.0,1
2871.06,8,836,0,0,1,513.0,1
5269.86,5,695,1,0,0,1637.0,1
2155.6,5,989,0,0,0,1706.0,1
331.13,2,265,0,0,0,1171.0,1
10601.11,6,1481,0,0,0,1461.0,1
3605.53,11,323,0,0,1,6367.0,0
2039.33,5,721,0,0,0,1677.0,1
7024.49,5,484,0,0,0,780.0,1
13692.98,1,522,0,0,0,3246.0,1
180.93,5,813,0,0,0,541.0,0
4602.08,5,23,0,0,0,6055.0,1
715.76,5,18,0,0,0,1025.0,0
4910.4,7,958,0,0,1,812.0,1
3387.77,2,952,0,0,1,1057.0,1
5629.22,2,1157,0,1,0,2790.0,1
1809.4,11,1264,0,0,0,49.0,1
457.95,6,346,0,1,0,5306.0,1
1900.04,8,721,0,0,0,764.0,1
4477.62,5,850,0,1,0,3190.0,1
8228.77,5,208,0,0,0,2364.0,1
923.5,5,595,0,0,2,47.0,0
8325.35,9,80,0,0,0,2354.0,1
1559.51,11,493,0,0,1,942.0,1
4283.18,6,981,1,1,0,2938.0,1
1790.24,7,548,0,0,0,1019.0,1
3576.61,5,642,0,0,0,1727.0,0
7272.66,5,285,0,0,0,1214.0,1
873.92,4,1099,0,0,1,2561.0,0
1510.35,6,665,0,0,0,1514.0,1
3586.61,4,535,0,1,0,81.0,1
32911.71,8,1333,1,0,1,4195.0,1
1257.41,4,492,0,0,0,2611.0,1
22928.45,9,704,0,0,1,216.0,1
22124.11,8,1102,0,0,2,4300.0,1
2704.54,5,1099,1,0,0,496.0,1
2212.43,4,413,0,0,1,3822.0,1
1492.09,6,149,0,0,0,7236.0,0
2784.43,7,1378,0,0,0,1489.0,1
730.17,5,1416,0,1,1,5633.0,1
2762.14,6,989,1,0,0,1288.0,1
13318.11,7,212,0,0,0,3656.0,1
1617.95,4,39,0,0,1,192.0,0
2343.21,8,1105,0,0,1,3805.0,1
543.95,4,423,0,1,1,155.0,1
4333.2,5,838,0,0,0,240.0,1
3883.46,5,1317,0,0,0,5621.0,0
3177.03,2,863,1,0,1,6980.0,0
2399.88,3,199,1,0,0,6681.0,1
2224.4,6,1453,0,0,0,1828.0,1
4924.12,5,1409,0,0,0,609.0,1
2896.28,8,898,0,0,0,529.0,1
4084.57,4,1334,0,0,2,1917.0,1
3695.91,8,1439,1,0,1,495.0,1
9167.57,6,910,0,0,0,478.0,1
5866.39,5,1143,0,0,0,1932.0,1
3615.05,8,408,0,1,1,1955.0,1
13608.12,5,852,0,0,0,4732.0,1
4538.12,8,585,0,0,0,3994.0,1
10992.44,6,546,0,0,0,16.0,1
5469.5,9,1034,1,0,0,5071.0,1
472.52,7,847,0,0,0,2428.0,0
10991.03,4,625,0,0,2,1159.0,1
3412.42,6,1350,0,1,0,342.0,1
2830.04,3,1035,0,0,1,1885.0,1
3949.52,8,999,1,0,1,267.0,1
2111.21,9,879,0,0,0,378.0,1
3740.7,6,360,0,0,1,2601.0,1
1649.33,3,1182,0,0,1,2975.0,1
10660.2,9,1282,0,0,1,278.0,1
2660.88,7,727,0,0,0,2444.0,1
2033.3,6,1165,0,0,0,386.0,0
1182.13,5,1370,0,0,2,1397.0,1
3900.17,10,885,0,0,0,4341.0,1
3594.31,5,1260,0,0,1,347.0,1
4395.89,3,1189,0,0,0,810.0,1
1067.15,5,149,0,0,0,2347.0,1
601.13,3,789,0,0,0,1300.0,0
5572.46,4,453,0,0,1,340.0,1
13156.11,5,1470,1,0,1,320.0,1
1068.11,3,1095,0,0,0,181.0,1
14609.7,8,1147,0,0,1,1076.0,1
3959.65,4,535,0,0,0,421.0,1
2959.98,7,688,0,0,0,4895.0,1
2003.1,9,1369,0,0,0,1562.0,1
746.56,3,1325,0,0,0,483.0,1
8004.25,4,1421,1,0,0,552.0,1
1372.51,9,1465,0,1,0,1334.0,1
1366.75,5,1392,0,0,1,580.0,0
8037.93,6,102,0,0,0,478.0,1
453.51,5,777,0,0,1,1046.0,1
649.63,6,653,0,0,0,1403.0,0
2927.39,4,421,0,0,1,209.0,1
3996.94,10,837,0,0,1,2089.0,1
4840.31,5,529,0,0,0,566.0,1
2204.38,4,467,0,0,1,940.0,0
37435.31,2,1302,0,0,0,580.0,1
2373.47,11,672,0,1,0,1240.0,1
2366.61,6,640,0,0,3,9409.0,1
1343.47,4,370,0,0,0,2724.0,0
3374.18,4,699,0,0,0,2297.0,1
5513.53,9,534,0,0,0,1922.0,1
9932.6,8,1423,0,0,0,815.0,1
672.31,8,1125,0,0,0,1439.0,1
2330.89,6,784,0,1,1,3628.0,1
4659.69,2,33,0,0,1,2349.0,1
5361.81,7,1059,0,0,0,4822.0,1
3000.54,8,1233,0,0,2,3659.0,1
5127.76,3,925,0,0,1,2986.0,1
1327.48,3,375,0,0,1,441.0,1
14156.16,9,359,0,1,1,1353.0,1
8043.57,7,849,1,0,0,2203.0,1
776.71,12,215,1,0,0,942.0,1
1017.29,5,793,0,0,0,565.0,0
1046.37,6,1111,0,0,0,2282.0,1
5872.11,9,534,0,0,1,787.0,1
824.91,6,1205,0,0,0,762.0,1
2140.89,5,1285,0,0,0,1562.0,1
4697.12,9,595,1,0,1,570.0,1
2790.1,5,629,0,1,1,2723.0,0
3861.8,2,1422,0,0,1,1642.0,1
1026.79,9,92,1,1,0,2156.0,1
5403.78,4,1288,0,1,0,1299.0,1
1614.51,11,291,0,0,0,301.0,1
2154.64,3,1347,0,0,0,97.0,1
3780.95,3,400,0,0,1,1352.0,1
3304.62,8,1341,1,0,0,3524.0,1
3053.31,7,1009,0,0,1,254.0,1
1407.22,4,293,1,0,0,42.0,1
2209.34,3,857,0,0,0,290.0,0
2987.47,4,957,1,0,1,5955.0,1
753.64,8,111,0,0,0,2596.0,0
1877.07,6,577,0,0,1,2770.0,0
4392.61,8,502,0,0,1,4531.0,1
830.94,7,951,0,0,0,1070.0,1
9476.61,6,737,0,0,1,2308.0,1
10610.65,7,140,0,0,0,433.0,1
858.21,8,831,0,0,3,1945.0,0
11586.77,6,1174,0,0,0,534.0,1
2582.26,4,1140,0,0,0,2900.0,1
4530.17,7,132,0,0,1,3561.0,1
1814.11,8,861,0,0,1,1809.0,1
7502.9,8,608,0,0,0,2116.0,1
4474.25,8,1302,0,0,0,1077.0,0
1320.61,4,1274,0,0,1,139.0,1
929.64,5,107,1,0,0,1419.0,1
692.08,8,618,0,0,0,2498.0,0
3597.31,7,827,0,0,1,294.0,1
5284.17,4,1488,0,0,2,3927.0,0
5715.66,5,492,0,0,1,969.0,1
2649.22,4,355,0,0,0,603.0,1
937.3,2,247,0,0,0,2316.0,0
1507.07,2,301,0,0,3,11.0,1
9436.58,6,1339,1,0,1,2925.0,1
1836.05,7,1162,0,0,0,186.0,1
3440.66,7,916,0,0,0,67.0,1
1016.73,7,35,0,0,0,10205.0,0
4173.8,10,435,0,1,1,101.0,1
1886.19,9,139,0,0,0,1782.0,1
8490.58,4,470,0,1,0,4507.0,1
6461.12,5,458,0,0,1,2108.0,1
1815.82,7,334,0,1,1,394.0,1
2626.31,5,785,0,0,0,415.0,1
1717.94,3,957,0,0,0,1393.0,1
720.95,12,692,0,0,3,113.0,1
1264.66,7,696,1,0,0,1457.0,0
3634.47,6,1214,0,0,0,1070.0,1
4126.81,4,1253,0,0,0,890.0,1
3458.35,7,563,0,0,2,1138.0,1
2204.52,8,808,0,0,1,1172.0,1
7578.47,6,1481,0,0,0,1343.0,1
3176.52,5,757,0,0,3,2408.0,1
6022.48,9,285,0,0,0,1858.0,1
505.84,6,945,1,0,0,512.0,1
59.0,8,27,0,0,1,1876.0,1
3959.16,4,944,0,0,0,13.0,1
717.11,8,950,0,0,0,1209.0,1
2410.4,9,1196,0,1,0,146.0,1
2203.72,6,693,0,0,1,2943.0,1
14579.92,7,988,0,0,1,213.0,1
4447.05,8,699,0,0,1,4252.0,1
3518.74,12,470,0,0,0,1089.0,1
6884.25,9,781,0,0,0,351.0,1
4309.16,10,1296,0,0,0,1452.0,1
1886.21,6,956,0,0,0,1878.0,1
8703.46,6,964,0,0,0,1953.0,1
982.65,8,1287,0,0,0,3136.0,1
4118.51,5,846,0,0,0,1628.0,1
634.24,6,1029,0,0,2,415.0,0
3655.34,4,256,0,0,1,1045.0,1
3615.52,7,263,0,0,1,2849.0,1
15937.9,7,1042,0,0,0,1031.0,1
623.3,4,707,0,0,0,181.0,1
1634.53,7,397,0,1,2,3361.0,1
6786.44,9,1357,0,0,1,6397.0,1
4168.52,2,177,0,0,0,3456.0,0
3569.94,8,668,1,0,0,11.0,1
1145.81,4,1296,0,0,0,10491.0,0
1651.07,3,339,0,0,1,1087.0,1
10353.1,7,280,0,0,0,750.0,1
2831.3,7,1333,0,0,0,305.0,1
4338.83,4,681,0,0,1,1867.0,1
2656.62,8,785,0,0,0,756.0,1
913.16,4,475,1,0,0,3975.0,1
7584.11,5,520,0,0,0,1081.0,1
4930.68,4,1058,0,0,0,618.0,1
29900.69,9,1472,0,0,1,194.0,1
1079.68,2,1200,0,0,0,1561.0,1
6785.7,8,346,0,0,1,2025.0,1
803.08,2,1449,0,0,0,37.0,1
3488.92,4,1268,1,0,2,4013.0,1
7914.93,4,1280,0,0,0,11.0,1
375.35,5,29,0,0,0,1260.0,1
2428.59,11,292,0,0,1,512.0,1
1697.29,5,1051,0,0,2,6016.0,1
1477.41,7,1128,0,0,0,1128.0,1
4381.79,6,263,0,0,2,4201.0,1
9142.47,8,1009,0,1,2,5097.0,1
2609.0,5,1202,0,0,0,892.0,1
3660.98,10,154,0,0,0,1870.0,1
3341.95,3,111,0,0,1,1303.0,1
2986.34,6,623,0,0,1,661.0,1
1002.91,9,1288,0,0,0,1603.0,1
9031.24,14,1269,0,0,1,1184.0,1
4004.59,9,1445,0,0,1,1073.0,1
4424.36,6,758,0,0,2,742.0,1
1330.74,4,940,0,0,0,11.0,1
1883.3,9,413,0,0,2,4182.0,1
2499.55,10,1205,0,0,0,543.0,1
642.83,7,29,0,1,0,350.0,1
551.13,5,1401,0,0,0,25.0,1
1634.76,7,1317,0,0,0,1082.0,1
5026.71,4,982,0,0,0,1800.0,1
1551.32,12,16,0,0,0,532.0,1
1076.2,7,485,0,0,1,316.0,1
1319.9,12,1303,0,0,1,1290.0,1
1890.62,11,824,0,0,1,12406.0,0
2092.55,9,1292,0,0,0,2687.0,1
25991.41,7,1057,1,1,0,1229.0,1
8557.99,6,1422,0,0,0,630.0,1
8306.34,6,472,0,0,0,331.0,1
9591.0,4,818,0,0,0,1049.0,1
1097.93,7,202,1,0,0,1108.0,1
877.99,3,300,1,0,2,281.0,1
985.48,6,709,0,0,0,6807.0,1
11322.04,4,151,0,0,0,758.0,1
1724.7,11,651,0,0,1,1199.0,1
852.9,7,328,0,0,0,333.0,1
1937.21,3,1249,0,0,0,847.0,0
2348.18,8,575,0,0,0,251.0,1
3898.76,4,134,0,0,0,3081.0,1
3831.27,4,173,0,0,0,826.0,1
1302.21,5,892,0,0,1,23.0,0
5917.42,11,1165,1,0,1,2139.0,1
1573.1,6,891,0,0,0,790.0,1
2549.68,6,1114,0,0,2,904.0,0
5924.04,6,1137,0,0,1,750.0,1
1568.98,8,715,0,0,0,812.0,1
1686.9,12,876,0,0,0,690.0,1
5386.59,9,99,0,0,0,2693.0,1
1264.29,5,70,0,0,0,1689.0,0
2028.82,5,1383,0,1,0,431.0,1
5196.51,6,860,0,0,1,2454.0,1
23250.74,7,287,0,0,1,581.0,1
5461.09,4,1011,0,0,1,398.0,1
4782.12,12,419,0,0,0,1080.0,1
5068.51,5,916,0,0,0,2470.0,1
1019.24,5,1043,0,0,0,1310.0,1
3346.25,3,516,0,0,0,998.0,0
2893.53,9,875,0,0,1,1432.0,1
4111.67,5,763,0,0,1,4386.0,1
3349.3,5,1386,0,0,0,2490.0,1
4357.7,8,759,1,0,1,1412.0,1
2183.17,11,1023,0,1,1,1341.0,1
3160.89,4,69,0,0,0,165.0,1
873.21,5,183,1,0,0,68.0,1
2164.82,5,172,0,0,0,4072.0,0
11978.08,6,696,0,0,0,4258.0,1
4100.27,6,1375,0,0,0,1660.0,1
2919.24,5,739,0,0,1,6340.0,1
19853.26,3,351,0,0,1,1654.0,1
764.46,6,938,0,0,0,3175.0,1
982.94,8,121,0,0,0,190.0,1
16526.35,6,1130,0,0,1,4332.0,1
3121.16,4,998,0,0,0,1152.0,1
2338.86,2,1208,0,0,0,4813.0,1
898.56,4,268,0,0,1,1771.0,1
4664.32,2,1318,0,0,1,1068.0,1
5138.21,10,1172,0,0,1,132.0,1
997.75,9,273,1,1,1,1149.0,1
2590.81,8,1261,0,0,0,91.0,1
2131.29,8,510,0,0,1,2796.0,1
3850.57,7,1415,1,0,0,173.0,1
973.36,12,1437,0,0,1,595.0,1
10424.85,3,639,0,0,0,1037.0,1
7448.92,3,660,1,0,0,1770.0,1
2073.15,7,1056,1,1,0,1853.0,1
2400.86,10,232,0,0,0,169.0,1
2600.81,5,1229,0,1,0,245.0,1
1368.8,6,914,0,0,0,8528.0,0
1913.27,9,922,1,0,1,3306.0,1
2274.99,7,235,0,0,0,704.0,0
14956.01,6,440,0,0,0,1476.0,1
7681.87,7,1469,0,0,0,2103.0,1
7590.51,7,932,0,0,0,329.0,1
4315.32,5,140,0,0,0,261.0,1
975.23,5,1097,0,0,0,1240.0,1
2859.81,8,323,0,0,0,687.0,1
7867.44,5,915,0,0,1,1168.0,1
847.03,6,1144,0,0,0,329.0,0
5633.88,6,1151,0,0,1,186.0,1
30412.51,4,102,0,0,0,6185.0,1
8619.8,6,1254,0,0,0,189.0,1
12259.17,9,442,1,0,0,3542.0,1
3708.34,6,216,0,1,0,1113.0,1
7847.36,4,603,0,0,0,1065.0,1
1454.11,5,875,1,0,0,1036.0,1
6606.86,5,1162,0,0,0,84.0,1
5735.26,2,460,0,0,1,104.0,1
3983.48,5,869,0,0,0,230.0,1
11114.52,7,1388,1,1,0,2493.0,1
1739.26,12,370,0,0,0,555.0,1
2472.39,5,381,1,1,0,1897.0,1
3279.55,8,1075,0,0,1,794.0,1
1064.64,3,833,0,0,0,2445.0,0
3740.34,5,36,0,0,3,3675.0,1
534.36,4,983,0,0,0,1157.0,1
8492.63,9,709,0,0,1,91.0,1
3123.27,6,510,0,0,0,2147.0,0
1770.66,5,204,0,0,0,983.0,1
1294.17,5,1232,0,0,3,2944.0,1
2357.65,3,1157,0,0,1,4477.0,1
5932.85,6,208,0,1,2,4360.0,1
5155.09,9,131,0,0,0,3430.0,1
1472.12,4,1448,0,0,1,207.0,1
1279.16,4,1399,0,0,0,2623.0,0
5749.68,7,267,0,0,0,1974.0,1
1447.59,7,1070,0,0,1,603.0,1
3165.0,6,995,0,0,1,457.0,1
3373.66,2,497,0,0,0,4310.0,0
4072.7,10,932,0,0,2,8594.0,1
7032.31,8,1051,0,0,0,2761.0,1
843.06,6,1308,0,0,0,280.0,1
440.91,11,1085,0,0,0,1468.0,1
1690.12,3,1445,0,0,0,564.0,0
18061.33,5,714,0,0,0,568.0,1
22520.34,1,1059,1,0,1,255.0,1
18604.84,3,275,0,0,0,345.0,1
2457.79,6,309,0,0,0,1048.0,1
501.64,10,1234,0,0,0,205.0,1
286.28,5,485,0,0,1,291.0,0
1613.18,4,974,0,0,0,237.0,1
2445.31,7,803,0,0,0,637.0,0
10944.86,11,872,0,0,0,5828.0,1
7099.68,4,690,1,0,0,85.0,1
3742.11,5,887,0,0,0,513.0,1
1224.34,6,168,0,0,1,4111.0,1
1140.5,9,871,0,0,0,171.0,1
3843.46,11,569,0,0,0,2922.0,1
5985.24,7,298,0,0,0,112.0,1
4411.11,7,1494,0,0,1,481.0,1
1059.34,8,1129,0,0,1,3733.0,1
5713.96,3,1315,0,0,1,11.0,1
4563.8,7,713,1,1,1,1137.0,1
1021.81,5,848,0,1,0,2371.0,1
1360.6,2,94,0,0,0,754.0,1
5934.25,5,444,1,0,1,362.0,1
2357.82,6,664,0,0,0,116.0,1
14605.41,6,374,0,1,0,3786.0,1
4920.32,5,1202,0,0,0,2614.0,1
1832.38,8,55,0,0,0,2034.0,1
2950.69,2,1208,0,0,0,2907.0,1
3176.02,6,104,1,0,1,1412.0,1
1438.86,5,1174,0,0,0,3589.0,0
1196.81,5,343,0,0,0,1264.0,1
6011.26,6,278,0,0,0,897.0,1
6941.5,7,363,0,0,0,1341.0,1
5452.24,6,449,0,0,1,6374.0,1
13565.95,6,1477,0,0,4,2011.0,1
1734.07,9,957,0,0,1,339.0,1
15903.12,7,209,0,1,0,1026.0,1
1210.85,5,640,0,0,2,2279.0,1
1082.81,6,949,0,0,0,978.0,0
512.88,8,1442,0,0,0,2010.0,1
1908.75,4,908,0,0,0,72.0,1
1801.32,7,740,0,0,0,921.0,1
5043.91,7,1024,0,0,1,658.0,1
3804.31,5,1359,0,0,0,1679.0,1
904.18,5,771,0,0,0,205.0,0
2012.78,5,237,0,0,1,1085.0,1
2056.04,5,134,0,0,1,1651.0,1
504.73,7,1349,1,1,0,171.0,1
1117.73,6,430,0,0,2,1330.0,1
1379.1,5,348,0,0,1,2460.0,1
12501.76,6,83,1,0,1,1527.0,1
3609.96,12,1189,0,0,0,79.0,1
5780.06,5,730,0,0,2,1320.0,1
666.05,7,207,0,0,0,534.0,1
9840.03,6,656,0,0,1,3697.0,1
10950.08,12,948,0,0,1,1635.0,1
404.1,8,607,0,0,0,287.0,1
1472.45,7,492,0,1,1,1803.0,1
4894.0,2,1140,0,0,1,1597.0,1
5678.19,7,366,0,0,0,88.0,1
