amount,transactions_last_hour,account_age_days,new_device,location_changed,failed_attempts,time_since_last_transaction,is_fraud
89.72,1,899,0,0,1,362.0,1
47.55,1,77,0,0,1,79.0,1
104.34,1,384,0,0,0,1193.0,0
250.39,4,947,0,0,1,892.0,1
43.2,4,121,0,0,1,1603.0,1
43.2,4,744,0,0,1,2101.0,0
264.86,6,145,0,0,0,1628.0,1
117.62,3,1117,1,0,0,587.0,0
34.14,4,485,0,0,0,155.0,1
93.93,4,837,0,0,1,2370.0,0
34.35,1,505,0,0,1,666.0,1
34.27,2,1346,0,0,0,511.0,1
69.54,1,1099,0,0,3,2111.0,0
8.06,2,463,0,0,0,1050.0,1
9.73,1,151,0,0,0,412.0,1
31.12,8,1159,0,0,0,2619.0,1
19.83,2,939,0,0,1,2955.0,0
74.76,2,1214,0,0,1,7594.0,0
22.02,6,1058,0,0,0,1136.0,1
13.3,2,1382,0,0,0,67.0,0
236.43,2,1129,0,0,0,1311.0,0
43.56,0,369,0,0,1,42.0,1
58.41,1,172,0,0,1,5307.0,0
13.13,1,1094,0,0,0,346.0,0
31.68,4,720,0,0,1,4672.0,0
61.0,2,439,0,0,1,5393.0,0
17.27,5,1346,1,1,0,2689.0,0
79.5,3,570,1,0,1,164.0,1
29.94,3,1144,0,0,2,1471.0,1
40.78,5,683,0,0,0,787.0,0
29.91,3,111,0,0,0,3089.0,0
348.03,3,1280,1,0,0,648.0,1
53.87,5,1446,1,0,0,1080.0,1
18.96,4,156,0,0,1,1535.0,1
124.28,1,1209,0,1,1,65.0,1
16.11,4,553,0,0,0,1690.0,1
67.28,3,713,0,0,0,760.0,0
7.69,1,985,0,0,0,1356.0,0
14.47,3,1261,0,1,0,240.0,1
66.48,2,1469,1,0,0,737.0,1
114.26,3,1349,0,1,1,1569.0,1
64.8,1,1401,0,0,1,1526.0,1
48.64,1,849,0,0,0,309.0,0
40.4,2,503,1,0,0,964.0,1
12.45,4,457,0,0,0,1319.0,0
26.58,2,407,0,0,1,152.0,1
34.44,2,692,0,0,1,1646.0,0
157.14,4,1019,0,0,0,474.0,0
76.99,2,1112,0,0,1,4551.0,0
9.36,3,1129,0,0,0,563.0,0
75.5,4,1482,0,0,1,2787.0,0
37.15,5,884,0,0,0,1571.0,1
27.75,3,966,0,0,0,2081.0,1
100.65,2,257,0,0,0,4177.0,0
153.09,5,1158,0,0,0,3389.0,1
138.56,4,952,0,0,0,246.0,1
23.59,1,1309,0,0,1,4886.0,0
40.08,5,387,0,0,0,269.0,1
76.04,2,896,0,0,0,685.0,0
144.83,3,621,0,0,0,1333.0,1
33.81,2,344,0,0,0,4875.0,0
45.35,10,426,0,0,0,1776.0,1
18.06,4,1161,0,0,0,3742.0,0
16.51,3,849,0,0,1,5117.0,0
123.04,4,747,1,0,3,2484.0,1
211.93,5,294,0,0,0,1184.0,1
50.8,3,1066,0,1,0,884.0,0
148.94,1,1074,1,0,0,579.0,1
78.39,2,782,0,0,1,1272.0,0
28.64,3,1197,0,0,0,89.0,1
78.37,2,289,0,0,0,466.0,1
254.18,4,1186,0,0,0,799.0,1
52.68,5,579,0,0,0,3456.0,0
261.03,0,1364,0,0,0,849.0,0
3.98,2,323,0,0,0,493.0,0
124.2,3,326,1,0,1,2748.0,1
59.56,4,733,0,0,0,5161.0,0
40.49,2,1191,0,0,0,2683.0,0
59.85,0,735,0,0,0,242.0,1
7.48,2,167,0,0,0,695.0,0
43.83,1,1393,0,0,2,1662.0,0
78.03,4,85,0,0,2,393.0,1
239.34,1,115,1,0,1,1822.0,1
32.52,2,865,1,0,0,485.0,1
24.33,1,1074,0,0,2,1408.0,1
33.06,4,458,0,0,0,2208.0,0
136.37,1,372,0,0,0,2782.0,0
75.85,2,1242,0,0,0,2902.0,1
32.14,4,259,0,0,0,2683.0,0
91.22,3,816,0,1,0,265.0,1
60.16,9,1394,0,0,0,8171.0,0
143.83,1,1120,0,0,1,2662.0,0
27.06,0,1499,0,0,0,198.0,0
39.34,1,225,0,0,0,2153.0,1
36.89,2,1365,0,0,1,1143.0,0
12.64,1,1451,1,0,0,1005.0,1
73.41,0,484,0,0,0,2032.0,0
70.88,5,1308,0,0,0,331.0,1
54.88,5,348,0,0,1,13443.0,0
43.18,7,341,0,0,0,1415.0,1
13.26,2,699,0,0,1,1625.0,1
35.85,4,1398,0,0,0,997.0,0
38.76,6,413,0,0,0,1676.0,0
24.48,3,1006,0,0,0,1963.0,0
46.47,7,1442,0,0,0,763.0,1
81.78,3,833,0,0,0,1116.0,1
360.03,4,916,0,0,0,531.0,1
65.01,2,282,0,0,0,2661.0,1
70.64,3,1267,0,0,0,2407.0,0
50.68,2,539,0,0,0,2998.0,1
8.01,2,663,0,0,0,2184.0,1
53.17,5,199,0,0,1,37.0,1
57.99,2,790,0,0,0,382.0,1
641.14,3,1455,0,0,0,886.0,1
45.04,4,227,1,0,1,480.0,1
73.81,1,1007,0,1,0,1366.0,0
52.74,1,1220,0,0,0,4111.0,0
16.97,3,733,0,0,1,2411.0,1
171.2,3,869,0,0,1,558.0,0
115.81,3,228,0,0,0,912.0,1
120.43,3,67,0,0,1,96.0,1
21.99,1,1349,0,0,2,11.0,1
222.03,3,338,0,0,0,997.0,1
13.44,3,610,0,0,0,2343.0,0
98.19,0,1010,0,0,0,3549.0,1
488.07,2,114,0,0,0,1016.0,1
20.28,1,104,0,0,0,358.0,0
30.99,3,428,0,0,2,545.0,1
60.32,2,503,1,0,0,1061.0,1
33.0,1,1331,0,0,1,1888.0,0
11.58,3,1217,0,0,1,1409.0,0
58.47,3,214,0,0,0,3306.0,1
18.87,4,957,0,0,2,34.0,1
87.67,1,145,0,0,1,8720.0,0
21.77,1,609,0,1,0,4766.0,1
257.22,7,58,0,1,0,292.0,1
24.95,1,678,0,0,1,89.0,0
39.56,5,581,0,0,3,1731.0,1
123.16,0,123,0,0,1,2300.0,0
15.94,7,549,0,0,0,1161.0,1
68.54,3,235,1,0,1,587.0,1
201.77,1,491,1,1,2,1835.0,1
10.94,4,75,1,0,0,1818.0,1
65.67,5,295,0,0,1,289.0,1
70.8,2,500,1,0,0,2892.0,1
119.32,1,686,0,1,0,2492.0,1
15.85,2,1142,1,0,0,160.0,0
14.58,6,656,0,1,1,1117.0,0
92.01,1,344,0,0,0,900.0,1
73.48,4,159,0,0,0,1117.0,1
70.14,4,782,0,0,0,1113.0,0
77.2,2,47,0,0,0,1336.0,0
27.66,1,363,1,0,1,584.0,1
68.87,0,1357,0,0,1,1142.0,0
73.19,2,614,0,0,1,189.0,1
26.73,4,785,0,0,1,350.0,1
352.76,4,1004,0,0,0,166.0,0
87.69,3,1404,0,0,0,371.0,1
16.59,5,1148,0,0,1,8.0,0
105.27,5,1188,0,0,0,69.0,0
20.6,2,885,0,0,2,2867.0,0
119.95,2,170,0,0,1,400.0,1
173.92,4,594,0,0,0,1321.0,0
24.03,1,1171,0,0,0,833.0,0
143.08,4,823,0,1,2,718.0,1
82.5,5,512,0,0,0,3502.0,1
124.22,3,1182,0,0,2,1199.0,1
363.87,3,1356,0,0,1,1309.0,0
42.72,4,1227,0,1,0,1106.0,1
25.69,1,1144,0,0,1,564.0,1
22.43,3,29,0,0,0,2069.0,0
24.15,4,963,0,0,0,87.0,1
50.55,3,162,0,0,0,595.0,1
76.8,1,991,0,0,0,1950.0,0
72.0,4,559,0,1,0,61.0,1
124.86,2,100,0,0,2,47.0,1
55.31,4,57,0,0,1,840.0,0
233.58,1,483,1,0,0,521.0,0
41.9,4,1169,0,0,1,2173.0,1
828.96,2,866,0,0,1,2539.0,1
102.07,4,1178,0,0,1,66.0,0
23.17,2,1405,0,0,0,1032.0,0
18.71,7,650,0,0,1,5163.0,0
88.45,3,39,0,0,0,676.0,0
43.66,2,1172,0,1,0,395.0,1
111.5,2,1256,0,0,0,1326.0,1
87.64,3,113,0,0,0,1079.0,1
50.76,2,651,0,0,0,446.0,0
23.41,0,1430,0,1,2,463.0,1
12.0,0,1176,0,1,0,2089.0,0
34.93,4,1266,0,0,0,702.0,0
128.56,3,1496,0,1,1,7687.0,0
67.63,2,402,1,0,0,616.0,1
15.71,0,1288,0,0,0,1429.0,0
64.92,3,381,0,0,0,137.0,0
80.26,9,78,0,1,0,1393.0,1
22.56,3,1327,0,0,0,1111.0,0
63.67,5,1240,0,0,2,774.0,1
57.87,7,631,0,0,0,1011.0,1
17.41,4,229,0,0,0,354.0,0
78.08,4,1176,0,0,1,3089.0,1
95.66,1,1492,0,0,1,4587.0,0
161.27,2,1120,0,0,0,3271.0,0
156.62,3,485,0,0,0,2941.0,1
13.77,4,677,0,0,1,1431.0,0
21.37,2,1007,0,0,1,731.0,1
91.38,2,1409,1,0,1,340.0,1
91.27,0,1264,0,0,0,3084.0,1
91.38,2,860,0,0,0,80.0,1
2572.75,2,1297,0,0,1,359.0,1
96.63,2,1070,0,0,0,925.0,0
169.96,4,591,0,0,0,390.0,1
141.74,2,1486,0,0,1,1574.0,0
104.73,4,1013,0,0,0,2318.0,0
39.83,3,351,0,0,0,4316.0,1
116.63,1,674,1,0,0,425.0,0
25.21,3,259,0,0,0,590.0,0
43.09,6,56,0,0,1,2270.0,1
33.6,4,1082,1,0,0,440.0,0
59.26,2,1471,0,0,0,872.0,0
552.61,6,1250,0,0,0,2520.0,0
8.44,3,264,0,0,0,848.0,0
108.45,2,1228,1,0,1,285.0,0
10.88,5,1481,0,1,1,565.0,1
34.06,4,538,1,0,1,152.0,1
162.22,2,954,0,1,0,2018.0,0
58.22,4,422,0,0,1,84.0,1
18.58,2,1073,0,0,0,1536.0,1
26.7,1,443,0,0,0,5394.0,0
107.73,3,1235,1,1,1,3537.0,1
26.3,2,21,0,0,0,136.0,1
67.79,3,397,0,0,0,2256.0,1
57.14,5,355,0,0,1,2109.0,1
28.46,3,387,0,0,0,638.0,1
465.89,2,1113,0,0,1,208.0,1
102.92,0,928,0,0,1,3464.0,1
7.21,2,479,0,0,1,1455.0,0
65.79,2,1160,0,0,0,2158.0,1
28.17,5,7,0,0,1,1102.0,1
128.05,1,740,0,0,0,453.0,0
24.72,1,99,0,0,0,543.0,0
48.68,2,1491,0,0,1,1378.0,1
90.47,2,699,0,0,2,481.0,0
129.77,3,130,0,0,0,916.0,0
16.44,1,1349,0,0,0,139.0,1
39.08,2,684,0,0,0,9729.0,0
33.96,1,1090,0,0,0,1726.0,0
28.41,0,18,0,0,2,284.0,0
319.08,4,719,0,1,3,251.0,1
81.86,2,1168,0,0,0,1188.0,0
15.47,3,268,0,0,0,45.0,0
136.71,4,364,1,0,0,956.0,0
455.85,4,316,0,0,0,5218.0,1
153.31,6,484,0,0,0,3121.0,0
11.95,3,1494,0,0,1,4786.0,0
33.64,4,988,0,1,0,212.0,1
193.82,1,310,0,0,2,834.0,1
26.91,4,1064,0,0,0,1457.0,1
85.1,5,683,0,0,0,2293.0,1
118.47,0,502,0,0,0,897.0,0
21.61,1,4,0,0,0,691.0,0
51.44,5,460,0,0,0,655.0,0
2.14,5,987,1,0,1,2804.0,1
19.6,5,407,0,0,0,866.0,1
42.41,3,170,0,0,1,30.0,1
15.68,3,859,1,0,0,2647.0,0
279.33,5,809,0,0,0,317.0,1
13.06,4,1424,0,0,0,1781.0,1
35.16,2,608,0,0,0,54.0,1
62.22,1,548,1,0,0,881.0,1
230.74,3,1297,1,0,0,1096.0,1
12.99,3,182,0,0,0,6507.0,0
174.72,5,466,0,0,0,166.0,1
55.16,5,347,0,0,0,2506.0,1
20.46,4,903,0,0,0,6022.0,1
86.67,2,425,0,1,1,584.0,1
66.62,1,870,1,1,0,460.0,1
29.96,4,630,0,0,0,5468.0,0
58.55,2,340,0,0,0,1210.0,1
37.14,2,252,0,0,0,3113.0,1
61.16,3,99,0,0,0,2849.0,0
105.86,1,495,0,0,1,710.0,1
266.67,3,1313,0,0,2,374.0,0
15.83,3,763,0,0,2,2185.0,1
460.83,10,600,0,0,0,1252.0,0
7.75,2,1311,0,0,0,1214.0,1
46.91,2,795,0,0,1,1422.0,0
98.33,3,1073,0,0,0,47.0,0
72.31,9,585,0,0,0,9.0,1
29.29,3,1218,0,0,2,679.0,0
44.34,2,710,0,0,0,704.0,1
33.35,2,415,0,0,1,2283.0,0
30.28,2,665,0,0,0,709.0,1
127.69,2,1040,0,0,1,802.0,0
78.02,2,109,0,0,0,1435.0,1
27.31,4,1414,0,0,0,1612.0,1
134.24,1,87,0,0,0,730.0,1
74.24,0,367,0,0,1,1470.0,1
123.08,2,657,0,0,0,1731.0,0
102.48,7,9,0,0,0,545.0,0
23.83,2,1370,0,0,0,484.0,0
31.18,2,1470,0,0,0,3980.0,0
115.27,3,1293,0,0,1,1877.0,1
100.52,3,903,0,1,2,671.0,1
53.47,2,530,0,0,0,1440.0,0
61.39,4,1125,0,0,0,2212.0,1
195.91,5,1069,0,0,1,41.0,1
30.22,4,408,0,0,1,4543.0,1
94.36,2,1312,0,0,0,2274.0,0
44.6,5,1031,0,0,0,896.0,0
43.92,2,276,0,0,1,4846.0,0
163.82,2,749,1,0,0,103.0,1
124.64,4,994,0,0,1,2526.0,0
123.16,4,890,0,0,0,1345.0,1
201.44,2,403,0,1,0,1967.0,1
55.76,6,366,0,0,0,1148.0,1
107.98,3,702,1,1,1,287.0,1
40.03,7,1038,0,0,0,544.0,1
75.5,1,928,0,0,0,1119.0,1
47.94,1,868,0,0,0,4520.0,0
60.16,2,689,0,1,2,127.0,1
99.0,0,602,1,0,0,199.0,0
24.09,4,980,0,1,2,298.0,1
442.48,5,735,0,0,0,1800.0,1
19.97,2,1438,0,0,1,821.0,1
16.21,1,136,0,0,0,291.0,1
173.84,2,1359,0,0,0,234.0,0
120.5,9,882,0,0,1,2018.0,0
101.91,3,138,0,0,0,1118.0,1
102.34,2,420,0,0,0,3711.0,0
53.93,6,24,0,0,0,932.0,0
22.26,5,1265,1,0,1,1919.0,1
58.9,1,513,0,1,1,2860.0,1
27.74,1,1014,0,0,0,5530.0,0
144.77,4,330,0,0,0,3663.0,1
47.13,0,1495,0,0,1,2687.0,0
23.91,1,1382,0,0,2,959.0,0
39.59,1,458,0,0,0,7314.0,0
82.51,2,417,0,0,0,554.0,1
31.07,6,742,0,0,0,1949.0,1
23.99,2,77,0,0,1,252.0,1
69.66,8,1086,0,1,0,1676.0,1
69.75,2,684,1,0,0,2107.0,0
32.89,1,175,0,1,1,170.0,1
34.09,3,447,0,0,1,629.0,1
68.86,2,22,0,0,0,1847.0,0
12.83,2,1158,0,0,1,1659.0,0
13.36,1,937,0,1,0,1986.0,1
26.62,4,524,0,0,0,239.0,1
44.1,3,969,0,0,0,1304.0,1
74.51,1,1477,0,0,0,4726.0,0
238.74,2,899,1,0,0,5533.0,1
128.72,2,100,0,0,0,244.0,0
46.53,2,842,0,0,1,4047.0,0
53.57,4,776,0,0,1,1546.0,0
20.03,8,1225,0,0,0,2516.0,0
53.6,5,184,0,0,1,294.0,1
40.91,2,1171,1,0,0,2410.0,1
75.39,4,279,0,0,0,133.0,0
23.87,2,299,1,0,0,1804.0,1
91.78,3,280,0,1,1,1985.0,1
252.84,3,387,0,1,2,1967.0,1
48.97,6,225,0,0,1,109.0,1
81.59,7,398,0,0,1,873.0,0
108.87,3,1441,0,0,0,2455.0,0
36.55,3,855,1,0,1,2869.0,1
68.31,2,155,0,0,1,967.0,1
55.29,2,652,0,0,1,318.0,1
60.2,1,1070,0,0,0,1246.0,1
25.2,4,1135,0,0,0,1891.0,0
55.95,3,711,0,1,2,4555.0,0
89.84,1,228,0,0,0,2059.0,1
233.02,4,302,0,0,2,3113.0,1
142.49,1,1106,1,0,0,554.0,1
470.21,5,1168,0,0,0,3224.0,1
25.35,4,570,0,0,0,1704.0,0
130.62,3,142,0,0,0,1433.0,1
65.58,5,1365,0,0,0,559.0,1
487.75,0,427,0,0,0,410.0,0
24.33,1,475,0,0,0,1413.0,1
23.58,1,537,0,0,0,3997.0,0
29.98,4,1167,0,0,0,483.0,0
6.53,2,1438,0,0,0,588.0,0
32.27,6,1068,0,0,0,5319.0,0
25.56,1,905,0,0,0,49.0,0
63.46,4,860,0,0,1,1196.0,1
76.84,4,241,0,0,1,1354.0,1
356.44,1,1106,0,0,0,2027.0,0
141.23,2,395,0,0,1,388.0,1
30.66,3,1090,1,0,0,1525.0,1
22.23,8,278,0,0,0,209.0,1
89.29,0,599,0,0,0,559.0,0
14.58,1,925,0,0,0,27.0,1
340.86,3,858,0,0,0,1087.0,0
177.58,1,553,0,0,1,347.0,0
34.15,4,891,0,0,0,183.0,1
9.84,4,1373,0,0,0,760.0,1
211.43,0,738,0,0,0,149.0,1
48.69,1,48,0,1,2,1965.0,1
188.26,6,283,0,0,0,404.0,1
11.08,5,1374,1,0,0,2230.0,1
29.98,2,741,0,0,1,3297.0,0
54.89,3,1433,1,1,0,2434.0,1
57.22,7,945,0,0,0,2590.0,1
34.81,1,1336,0,0,0,1858.0,0
101.78,4,1415,1,0,1,850.0,1
18.77,3,582,0,0,1,771.0,0
47.35,2,985,0,0,0,1515.0,1
61.58,2,880,0,0,1,513.0,0
91.33,3,233,0,0,1,761.0,0
111.23,6,1114,1,0,0,304.0,0
17.73,4,745,0,0,2,2727.0,0
11.77,1,785,1,0,0,2395.0,1
195.91,3,765,0,0,0,1259.0,1
76.12,3,711,0,0,1,830.0,0
25.83,1,6,0,0,1,2147.0,0
257.53,2,1034,0,0,2,159.0,0
61.29,1,1361,0,0,0,88.0,1
177.56,2,643,0,0,1,2166.0,0
58.41,4,1339,0,0,1,1438.0,1
428.7,0,112,0,0,0,2379.0,0
315.87,2,80,0,0,0,590.0,0
42.57,0,453,0,1,0,206.0,1
144.25,5,48,0,0,0,1012.0,0
104.1,1,91,1,0,0,1001.0,1
214.57,1,696,0,0,0,2562.0,0
20.8,1,76,0,0,0,234.0,0
108.42,5,1109,0,1,1,5256.0,1
157.34,2,263,0,0,0,104.0,1
9.41,2,401,0,0,0,676.0,0
16.72,2,1258,0,0,1,2185.0,1
7.1,1,1001,0,1,0,2275.0,0
41.7,2,216,0,0,1,1507.0,1
111.89,1,1369,0,0,1,132.0,0
245.27,8,1198,0,0,0,3493.0,1
58.8,10,37,0,0,0,1813.0,1
278.28,3,903,0,0,0,2560.0,0
13.73,3,887,0,1,0,879.0,1
9.94,5,320,0,0,0,502.0,1
51.65,0,1337,1,0,2,2292.0,1
80.16,2,469,0,0,0,3042.0,1
52.84,3,45,0,0,0,3013.0,0
6.91,1,1097,0,1,0,2273.0,0
49.94,0,1389,1,0,0,269.0,1
14.81,1,878,0,0,3,451.0,1
106.66,2,904,0,0,0,1249.0,1
78.78,0,1133,0,0,0,1274.0,1
21.33,6,347,0,0,0,1207.0,0
32.66,5,855,0,0,0,3148.0,0
18.93,3,1162,0,0,1,241.0,0
51.28,3,1206,0,0,0,2829.0,1
141.9,1,962,0,0,0,41.0,1
20.37,2,812,0,1,0,702.0,0
90.38,6,1328,0,0,0,394.0,1
32.13,2,327,0,0,0,1346.0,1
24.71,5,514,0,0,0,1336.0,0
49.06,5,80,0,0,0,1271.0,0
19.39,2,1142,0,0,0,613.0,1
31.39,5,262,0,0,0,1328.0,1
16.48,5,1104,0,0,0,2202.0,1
389.45,4,601,1,1,1,901.0,1
56.56,4,557,0,0,0,4752.0,0
27.12,1,266,0,0,0,128.0,0
67.63,0,1019,0,0,2,7831.0,1
48.8,1,756,1,0,1,2579.0,1
43.77,1,393,1,0,1,1619.0,1
100.9,4,1312,0,0,0,409.0,1
116.46,1,2,0,0,0,1777.0,1
32.12,4,496,1,0,0,2916.0,0
30.7,3,738,0,0,2,527.0,1
41.47,1,1373,0,0,0,73.0,1
5.46,7,746,0,0,0,1053.0,1
12.0,2,633,0,0,0,653.0,1
214.19,7,980,0,0,1,607.0,1
282.86,3,535,0,0,0,2323.0,0
42.56,4,421,1,0,0,288.0,1
97.18,3,526,0,0,0,1894.0,0
74.53,3,471,0,0,0,114.0,1
1186.64,2,757,0,0,0,4544.0,1
167.26,3,291,0,0,1,1588.0,1
48.04,3,1316,0,0,0,4812.0,0
21.0,4,633,1,0,0,3643.0,1
10.95,2,1120,1,0,0,3670.0,1
66.92,1,1001,0,0,0,230.0,0
25.63,3,493,0,0,0,2143.0,0
13.17,5,1439,0,0,0,921.0,0
28.6,5,868,0,0,0,1106.0,1
18.51,1,857,0,0,1,589.0,1
295.05,1,462,0,0,1,271.0,0
131.85,5,496,0,0,1,658.0,1
54.16,2,26,0,0,1,1435.0,1
239.83,9,766,0,0,0,950.0,0
58.99,1,979,0,0,0,2191.0,0
23.07,5,30,0,0,0,3288.0,0
250.42,7,1402,0,0,1,426.0,1
93.59,4,1383,0,0,2,104.0,1
19.35,4,396,0,1,0,8448.0,0
45.14,2,1133,0,0,0,3857.0,0
22.75,5,850,0,0,0,554.0,1
13.7,4,1282,1,0,2,319.0,0
137.85,7,334,0,0,1,5430.0,1
368.49,3,1428,0,0,2,476.0,1
13.48,5,1466,1,0,1,452.0,1
95.87,5,1255,0,1,1,209.0,1
28.48,2,148,0,0,1,611.0,0
33.54,4,572,0,0,0,3310.0,1
30.19,2,802,0,0,0,1518.0,0
23.01,4,1189,0,0,0,174.0,0
57.31,0,195,0,0,1,6163.0,0
23.78,3,483,0,0,1,1396.0,0
71.55,5,127,0,0,0,970.0,1
51.92,3,225,1,0,0,2761.0,1
42.99,2,787,0,0,0,1479.0,0
22.03,2,1247,0,0,0,4070.0,0
30.67,5,564,0,0,1,2181.0,0
116.21,1,556,0,0,0,1986.0,1
90.1,1,155,0,0,0,742.0,1
20.54,3,38,0,1,0,8256.0,0
60.3,4,604,0,0,1,1900.0,1
115.74,1,980,0,0,1,1050.0,0
10.28,7,1446,1,0,0,287.0,1
94.01,1,13,0,0,1,1460.0,0
28.15,2,349,0,0,1,1975.0,0
96.6,2,405,0,0,0,836.0,1
25.45,5,810,0,0,1,120.0,1
8.98,3,225,0,0,0,2883.0,0
10.72,2,864,0,0,0,1910.0,1
57.29,4,304,1,1,2,2077.0,0
70.79,2,1070,1,0,1,506.0,1
22.1,2,220,0,0,1,252.0,1
103.4,5,78,0,0,1,1083.0,0
10.37,2,825,0,0,0,497.0,1
51.11,4,278,0,0,1,2733.0,0
16.26,0,529,1,0,0,1367.0,0
28.45,8,1121,0,1,0,255.0,1
57.25,1,481,0,0,3,393.0,1
23.09,5,1126,0,0,0,3922.0,0
37.17,2,794,0,0,0,1798.0,1
149.35,5,679,0,0,1,921.0,0
30.66,1,1095,0,0,1,2296.0,0
125.93,4,729,0,0,0,2979.0,0
17.64,3,752,1,0,0,219.0,0
92.74,3,1182,0,1,0,3321.0,0
230.8,2,553,0,0,1,5272.0,0
4.61,2,50,0,0,0,170.0,1
24.61,2,935,0,0,0,705.0,0
97.23,5,402,0,0,0,331.0,1
44.57,4,756,0,0,0,1012.0,0
79.13,2,896,0,0,0,448.0,1
29.84,4,66,0,0,0,810.0,0
59.54,6,1259,1,0,0,499.0,1
46.73,6,626,0,0,0,6.0,1
175.53,2,939,0,0,0,35.0,1
70.42,1,269,1,0,0,1302.0,1
76.52,2,1281,0,0,1,1297.0,1
36.17,2,416,1,0,1,66.0,1
33.53,4,1113,0,0,0,2164.0,0
35.43,2,522,1,0,0,49.0,1
81.0,3,499,0,0,0,1200.0,0
35.84,3,1407,0,0,1,905.0,1
72.95,4,401,0,0,2,3862.0,0
435.02,2,1258,1,0,0,1546.0,1
130.47,2,566,0,0,0,3111.0,0
39.41,2,839,0,0,0,11515.0,0
181.49,1,306,0,0,0,352.0,0
36.3,4,1083,1,0,0,117.0,1
7.11,1,932,0,0,1,2681.0,0
19.92,4,262,0,1,2,1797.0,1
8.41,7,450,0,0,0,1810.0,1
38.42,4,877,0,0,1,684.0,0
55.61,2,32,0,1,0,195.0,1
291.91,2,821,0,0,0,2299.0,1
75.71,6,69,0,0,0,1411.0,1
43.86,1,83,0,0,1,1253.0,1
125.14,2,770,0,0,0,2397.0,0
5.98,3,811,0,0,0,8056.0,1
69.1,2,471,0,0,1,2426.0,0
118.02,6,1028,0,0,0,4909.0,0
12.45,3,587,0,0,0,915.0,1
171.36,3,1198,0,0,0,4110.0,0
76.59,4,1129,0,0,1,2339.0,0
36.04,0,148,0,0,0,836.0,0
102.8,3,122,0,0,0,1280.0,0
528.84,4,1038,1,0,0,407.0,1
65.49,8,507,0,0,1,153.0,1
69.98,3,689,0,0,0,1134.0,0
34.49,1,1411,0,0,1,8987.0,0
23.34,4,533,1,0,0,3679.0,1
125.25,1,317,0,0,1,30.0,0
23.19,3,149,1,0,2,6302.0,1
58.65,1,505,0,0,1,1139.0,0
33.86,6,778,0,0,0,355.0,1
88.14,3,495,0,0,0,4435.0,0
76.22,3,915,0,0,0,4659.0,0
154.09,5,1461,0,0,1,3378.0,1
32.79,6,433,0,0,1,1748.0,1
41.68,1,592,0,0,1,486.0,0
20.52,3,264,0,0,1,496.0,1
35.01,2,697,0,0,0,6064.0,0
79.62,3,1125,0,0,0,588.0,0
116.39,3,601,0,0,0,988.0,0
21.71,3,1432,0,0,1,2516.0,1
130.27,1,1106,0,0,0,3122.0,0
211.8,1,405,0,0,1,954.0,1
82.55,1,1148,0,1,0,906.0,0
356.66,4,264,0,0,2,795.0,1
25.18,1,659,0,0,0,885.0,0
15.73,2,1265,0,0,3,2556.0,0
9.22,1,798,0,0,0,115.0,0
243.73,3,1115,0,0,0,2898.0,0
105.04,1,228,0,0,1,435.0,1
51.65,2,996,0,0,0,317.0,1
72.24,2,1178,0,0,0,232.0,0
17.72,4,916,0,0,0,484.0,0
630.02,3,372,0,0,0,3231.0,0
62.13,1,361,1,0,3,1390.0,1
60.91,4,763,0,0,0,564.0,1
112.82,2,334,0,0,0,370.0,0
88.32,3,215,0,0,0,2642.0,0
68.3,4,178,0,0,0,1268.0,1
24.77,2,1470,0,0,2,231.0,0
87.49,3,1194,0,0,0,847.0,0
358.53,4,1180,0,0,0,1060.0,0
209.65,2,1055,0,0,1,786.0,1
268.59,2,858,0,0,1,555.0,1
32.75,3,640,0,0,0,718.0,1
20.3,8,367,0,0,0,2418.0,0
48.14,5,228,0,0,0,5505.0,1
57.73,2,116,0,0,0,47.0,1
163.07,3,459,0,0,1,1774.0,0
10.05,2,1325,1,0,0,136.0,1
252.03,0,322,0,0,1,407.0,1
46.62,3,872,0,0,0,1415.0,0
35.63,2,1220,0,0,0,2843.0,0
19.84,4,1440,0,0,0,1030.0,0
10.43,1,425,0,0,1,3809.0,0
124.36,3,183,0,0,0,2264.0,0
58.75,3,517,0,0,1,388.0,0
15.03,2,1015,0,1,0,2086.0,0
14.95,2,1343,0,0,0,690.0,1
39.03,4,1284,0,0,0,2620.0,1
289.75,3,371,0,0,1,472.0,0
42.12,4,297,1,0,0,281.0,1
12.14,2,995,0,0,0,1828.0,0
42.7,2,1378,0,0,0,1726.0,1
41.57,2,1079,0,0,0,1534.0,1
3.68,6,301,0,0,0,502.0,0
51.71,0,668,0,0,1,415.0,0
43.34,2,1339,0,0,0,4384.0,0
109.53,4,256,0,0,1,1369.0,1
346.87,1,1205,0,0,0,939.0,1
168.44,3,680,0,0,2,3081.0,1
41.73,4,381,0,0,1,94.0,0
18.06,2,1332,0,0,1,2029.0,1
715.77,2,523,0,0,1,287.0,1
57.93,3,1004,0,0,0,461.0,0
55.36,5,1376,0,0,1,1836.0,0
53.3,4,690,0,0,0,591.0,1
66.56,2,123,0,0,0,2709.0,1
47.26,1,479,1,0,0,1316.0,1
30.76,4,560,0,0,1,702.0,1
31.6,7,468,0,0,0,3600.0,0
52.84,8,182,1,0,1,1784.0,1
31.71,4,390,0,0,2,984.0,1
26.77,4,1330,0,0,1,1087.0,0
60.73,2,753,0,0,0,563.0,0
42.31,3,256,0,0,1,207.0,1
245.67,3,1362,1,1,1,649.0,1
3.85,2,213,0,0,0,553.0,1
162.63,5,899,0,0,0,736.0,0
189.82,4,1321,0,0,0,1140.0,0
6.87,2,220,0,0,1,117.0,0
38.76,5,540,0,1,0,202.0,1
37.66,2,423,0,0,0,2353.0,0
13.36,3,728,0,0,0,365.0,1
25.08,4,199,0,1,2,745.0,1
17.98,1,1215,0,0,1,1824.0,1
314.9,6,129,0,0,0,6786.0,0
139.17,3,161,0,0,1,257.0,0
194.72,1,1057,1,0,2,2549.0,1
112.36,1,11,0,0,0,1217.0,1
17.65,2,507,0,0,0,177.0,0
32.31,2,1468,0,0,1,333.0,1
89.07,2,1239,0,0,0,2133.0,0
16.08,6,190,0,0,0,3808.0,0
111.39,0,1425,0,1,0,22.0,1
42.93,4,842,0,0,1,454.0,1
37.53,4,245,0,0,0,798.0,1
111.16,5,393,0,1,1,8085.0,0
85.14,4,1107,1,0,1,1901.0,1
38.06,3,1138,0,0,0,806.0,1
174.05,3,776,0,0,0,405.0,0
18.52,4,955,0,0,0,463.0,1
101.08,3,1093,0,0,0,91.0,0
98.8,5,1358,0,0,0,9419.0,0
40.06,2,813,0,0,0,7255.0,0
75.65,5,1185,0,0,1,20.0,1
15.63,1,107,0,0,0,568.0,1
137.56,1,1004,0,0,1,37.0,0
45.38,3,1471,0,0,1,646.0,1
32.37,3,1164,0,0,0,4167.0,0
155.87,3,835,0,0,0,3740.0,1
27.0,3,360,0,0,0,2079.0,0
13.35,1,925,0,0,0,7837.0,0
11.51,4,150,0,0,2,2467.0,0
100.08,7,930,1,0,1,497.0,1
15.17,2,99,0,0,2,3243.0,1
315.7,1,1191,0,1,0,1276.0,0
6.81,4,656,0,0,0,1262.0,0
297.81,5,812,0,0,1,3221.0,1
67.43,1,463,0,0,0,1376.0,1
49.57,3,890,0,0,1,714.0,1
31.66,4,599,0,0,0,4755.0,0
81.38,1,1108,0,0,2,138.0,1
52.58,7,302,0,0,1,1930.0,1
164.56,2,1264,0,0,0,2770.0,0
61.2,4,1241,0,0,0,95.0,1
63.45,1,751,0,0,0,481.0,0
37.95,2,181,0,0,1,455.0,1
51.58,4,1023,0,0,0,3961.0,0
74.28,4,1441,0,0,0,1891.0,1
9.87,3,685,1,0,0,440.0,1
14.18,5,192,0,0,2,4330.0,1
114.81,1,94,0,0,1,503.0,0
64.77,5,899,0,1,0,1953.0,1
45.42,3,972,1,1,0,1084.0,1
55.61,1,671,0,0,2,185.0,1
77.29,8,1351,0,0,0,2519.0,1
31.82,2,1489,0,0,1,715.0,0
25.07,1,434,0,0,0,803.0,1
66.41,4,330,0,0,0,435.0,1
20.52,2,527,0,0,2,2936.0,0
82.13,5,1143,0,0,0,314.0,0
9.95,2,21,0,0,0,443.0,1
152.8,2,21,0,0,0,940.0,0
87.58,0,316,0,0,2,290.0,0
70.53,4,1245,0,0,0,215.0,0
145.87,1,618,0,0,1,1327.0,1
288.72,3,745,0,0,0,5525.0,0
150.56,4,1089,0,0,0,2913.0,1
8.66,6,149,0,0,1,351.0,1
15.19,4,1207,0,1,0,1594.0,0
29.23,6,282,1,0,0,2840.0,0
56.04,4,1355,0,0,0,282.0,0
91.62,5,1079,0,0,0,154.0,1
26.42,2,113,0,0,1,3991.0,0
65.81,4,1237,0,0,0,506.0,1
25.65,4,1070,1,0,1,1240.0,1
29.62,1,446,0,0,0,421.0,0
13.37,2,1094,0,0,0,88.0,1
21.69,4,182,0,1,1,1296.0,1
14.13,2,1197,0,0,1,1028.0,1
20.58,5,981,0,0,1,2334.0,0
156.59,1,310,0,0,0,3506.0,0
21.13,6,1233,0,0,2,275.0,1
759.29,4,949,0,0,0,339.0,1
89.42,0,1247,0,0,0,5401.0,0
65.68,5,343,0,0,0,974.0,1
23.14,4,608,0,0,1,5492.0,0
109.98,5,1004,1,0,0,744.0,1
30.7,1,1144,0,0,0,769.0,0
61.68,1,548,0,0,0,2210.0,0
706.33,2,34,0,0,0,184.0,0
49.6,0,390,0,1,0,959.0,1
172.31,2,934,1,0,0,862.0,1
27.03,3,289,0,0,1,65.0,0
52.72,1,971,1,0,0,675.0,0
320.79,4,567,0,0,2,915.0,1
29.17,3,535,0,0,0,108.0,1
334.44,3,765,0,0,0,37.0,0
110.8,5,556,0,1,1,1649.0,1
31.11,3,1124,1,0,1,415.0,1
102.76,6,1052,0,0,1,811.0,1
144.4,1,576,0,0,0,150.0,0
101.68,0,816,0,0,0,191.0,0
11.36,3,315,0,0,1,302.0,0
26.39,4,979,0,0,3,54.0,0
42.63,0,811,1,0,1,2587.0,1
50.68,1,683,0,1,1,4259.0,0
101.56,1,653,0,0,1,1329.0,1
65.22,1,555,1,1,0,3051.0,1
14.36,4,1264,0,0,1,262.0,0
79.85,1,781,0,0,0,1074.0,0
100.54,5,504,0,0,0,278.0,1
95.56,3,1443,0,1,0,9644.0,0
160.9,3,731,0,0,0,108.0,0
125.7,4,405,0,0,1,1057.0,1
86.42,2,712,0,0,0,214.0,1
50.9,3,154,0,0,0,128.0,1
10.37,2,1374,0,0,0,2390.0,1
83.9,3,214,0,0,1,150.0,0
67.2,3,1073,1,0,1,44.0,1
71.63,1,1383,0,0,1,5380.0,0
15.23,6,498,0,0,4,368.0,1
18.52,1,1371,0,0,1,3349.0,0
156.52,3,342,0,0,0,5503.0,0
52.48,2,781,0,0,0,2510.0,0
107.93,1,423,0,0,1,197.0,0
56.17,3,1463,0,0,0,336.0,0
56.25,8,244,0,0,1,355.0,1
139.53,1,554,0,0,0,1910.0,1
32.59,3,908,0,0,0,356.0,0
60.11,3,525,1,0,1,55.0,1
34.39,4,716,0,1,0,1104.0,1
35.36,0,1318,0,0,0,1601.0,0
40.08,1,200,0,0,0,1110.0,0
68.18,4,1009,0,0,0,1209.0,0
33.83,5,1342,0,0,1,1099.0,1
191.67,4,1224,0,0,1,555.0,1
22.32,0,1317,0,0,0,5618.0,0
45.29,1,280,0,0,2,3277.0,0
35.17,0,1116,0,0,0,702.0,0
232.06,2,1088,0,0,0,73.0,1
66.46,3,1168,0,0,1,3513.0,0
153.22,2,786,0,0,1,2440.0,0
12.36,4,1259,0,0,0,153.0,0
71.31,2,1448,0,0,0,2155.0,1
132.9,1,1338,0,0,1,1085.0,0
59.28,2,993,0,0,2,251.0,0
158.46,1,1147,0,0,0,2322.0,1
32.55,2,53,0,0,1,791.0,1
223.49,4,1051,0,0,0,4343.0,0
543.97,4,374,0,0,1,79.0,1
37.98,5,36,0,0,0,4986.0,0
34.97,3,964,0,0,0,166.0,1
233.55,1,612,0,0,1,66.0,1
264.96,2,1165,0,0,1,1569.0,0
32.37,1,947,0,0,0,1697.0,0
35.87,2,688,0,0,2,396.0,1
41.19,4,1212,0,0,0,3757.0,0
14.23,2,718,0,0,1,2915.0,0
21.79,4,618,0,0,0,598.0,1
20.0,2,613,0,0,2,1054.0,1
25.34,4,623,0,0,0,2753.0,0
52.74,4,454,0,0,0,3225.0,0
69.01,3,179,0,0,0,2864.0,0
257.37,2,1038,0,0,1,561.0,1
20.12,6,683,0,0,0,2609.0,1
146.1,5,1283,0,1,1,1802.0,1
44.08,4,34,1,0,0,1345.0,1
51.96,5,710,1,0,1,5963.0,0
107.21,4,1256,0,0,1,1640.0,1
17.77,0,1217,0,0,0,3655.0,0
80.03,1,510,0,0,0,2512.0,0
64.49,3,188,0,0,2,83.0,0
89.34,2,750,0,0,1,559.0,1
72.91,3,328,0,0,0,1691.0,1
636.06,7,717,0,0,0,1038.0,1
28.85,5,1129,1,0,1,5602.0,1
32.1,4,291,0,0,1,1577.0,1
29.28,5,1266,0,0,0,4763.0,0
31.33,2,97,0,0,1,415.0,1
28.86,4,492,0,0,0,4105.0,1
179.29,8,801,0,0,0,1387.0,1
225.99,2,115,1,1,1,434.0,1
30.85,1,310,1,0,0,890.0,0
23.75,1,551,0,0,0,6243.0,0
87.48,1,1134,0,0,1,5771.0,0
31.43,1,1216,0,0,0,40.0,0
102.82,1,806,0,0,0,661.0,0
66.88,5,585,0,0,0,4133.0,0
11.99,1,112,0,0,0,60.0,1
256.6,2,1327,0,0,1,5661.0,1
328.94,3,577,0,0,0,884.0,0
29.58,6,356,0,1,2,220.0,1
37.05,5,1126,0,0,1,645.0,0
72.67,3,315,0,0,2,2972.0,0
76.28,1,194,0,1,0,11634.0,0
105.48,4,1098,0,0,1,259.0,1
407.57,2,1431,0,0,0,1827.0,1
45.74,6,1316,1,0,1,4670.0,1
24.57,3,1208,0,0,0,4139.0,0
13.75,4,1382,0,0,1,870.0,1
26.29,5,1123,0,0,1,3615.0,0
52.82,2,525,1,0,2,383.0,1
328.51,3,979,0,0,1,1800.0,0
32.54,4,611,0,0,0,1640.0,1
68.29,7,820,0,0,0,2749.0,1
53.71,3,926,0,0,0,468.0,1
179.18,2,1490,0,0,1,1784.0,0
683.3,5,652,1,0,0,1697.0,1
32.11,3,204,0,0,1,158.0,0
33.47,6,405,1,0,0,722.0,1
155.11,4,1164,0,0,0,418.0,0
107.97,1,1342,0,0,0,14048.0,0
346.09,5,1400,1,0,0,8401.0,1
97.9,0,220,0,0,1,524.0,1
38.12,5,1373,0,0,0,2975.0,0
98.56,7,1447,1,0,0,3052.0,1
165.46,5,1257,0,0,0,4945.0,0
124.02,3,300,0,0,0,249.0,0
90.67,5,1011,0,0,1,1983.0,1
158.65,2,1156,0,0,2,415.0,1
175.79,3,920,0,0,2,1930.0,0
217.49,2,426,0,0,0,3703.0,0
104.45,4,635,0,0,0,153.0,0
46.2,5,945,1,0,0,1824.0,0
63.23,2,978,0,0,0,1388.0,0
182.46,3,234,0,0,0,348.0,1
24.12,2,90,0,0,0,488.0,1
78.94,1,1004,0,0,0,1323.0,0
36.84,3,759,1,0,0,3545.0,1
56.19,5,660,0,0,0,2024.0,1
196.07,5,755,0,0,0,50.0,1
66.1,5,1441,0,0,0,243.0,1
57.19,3,452,0,1,0,3857.0,1
14.02,4,1494,0,0,0,1903.0,0
115.15,2,932,0,1,0,33.0,1
104.11,0,48,0,0,0,1632.0,1
474.97,3,223,0,0,0,332.0,1
40.13,2,713,0,0,0,4545.0,0
67.98,5,466,0,0,0,235.0,0
70.06,3,1084,0,0,0,144.0,1
264.4,2,1304,0,0,0,1863.0,0
49.64,2,17,1,0,1,2833.0,1
72.17,1,1345,1,0,0,576.0,0
100.27,3,679,0,0,0,645.0,0
65.8,7,1101,0,0,2,794.0,1
34.94,0,471,0,0,0,2613.0,0
66.29,6,989,0,0,1,547.0,0
159.75,4,829,0,0,0,166.0,0
19.56,0,1125,0,0,0,666.0,1
62.36,5,540,0,0,0,6088.0,1
27.11,0,1287,0,0,1,1026.0,1
180.38,2,206,0,0,1,1478.0,0
11.9,1,480,0,0,1,2586.0,1
31.22,3,73,1,0,1,1472.0,1
79.62,4,1462,0,0,1,1925.0,1
261.26,2,582,0,0,1,3822.0,0
51.12,3,719,0,0,0,840.0,1
31.34,1,542,0,0,1,213.0,0
358.22,3,1438,0,0,0,179.0,1
12.83,1,656,0,0,0,2747.0,0
6.06,3,758,0,0,0,1915.0,0
84.78,4,780,0,0,1,1504.0,1
33.05,0,1237,0,0,1,4787.0,0
19.66,2,771,0,0,0,1774.0,0
110.87,2,67,1,0,0,88.0,1
69.67,2,1446,0,0,0,1138.0,0
31.06,2,854,1,0,0,435.0,1
15.18,7,1493,0,0,1,1748.0,1
130.64,3,371,0,0,0,374.0,1
104.61,6,364,0,0,1,1864.0,0
49.44,3,400,0,0,1,3867.0,0
346.07,4,850,1,0,1,145.0,1
18.73,3,260,0,0,0,539.0,0
11.88,3,1069,0,0,2,2015.0,1
27.33,5,898,0,0,1,2236.0,0
52.17,1,1311,0,0,1,1591.0,0
69.64,4,1353,0,0,0,270.0,1
42.9,3,315,1,0,0,500.0,1
77.64,0,907,0,0,0,4282.0,1
15.62,3,1443,1,0,1,3079.0,1
231.31,3,1329,0,1,0,5393.0,0
50.29,3,940,0,0,0,947.0,1
166.88,1,229,0,0,0,1042.0,1
76.92,2,750,0,0,1,539.0,0
86.21,3,1210,0,0,1,1338.0,1
96.52,2,118,0,0,0,3188.0,1
85.43,3,126,0,1,1,512.0,1
103.83,1,986,1,1,0,273.0,1
206.26,6,132,0,0,0,2499.0,0
66.45,0,1185,0,0,0,2128.0,0
110.94,2,346,0,0,0,3181.0,0
49.91,1,84,0,0,0,2506.0,0
230.47,1,42,0,0,0,978.0,1
27.76,4,435,0,0,0,307.0,0
330.61,2,1190,0,0,0,2256.0,0
52.45,2,1451,0,0,0,3793.0,1
13.06,2,48,0,0,0,298.0,0
62.06,6,1066,0,0,1,1316.0,0
27.63,1,185,0,0,2,718.0,0
126.55,6,1256,0,0,0,1319.0,0
28.43,3,401,0,1,1,57.0,1
34.95,2,1161,1,0,0,785.0,1
8.25,5,1257,0,0,1,1192.0,0
34.73,6,1392,0,0,0,294.0,0
4.84,1,1417,0,0,1,942.0,1
11.2,2,971,0,0,0,349.0,1
116.79,7,502,0,0,2,437.0,0
119.8,8,367,0,0,0,6843.0,0
83.55,3,1135,0,0,0,1657.0,1
20.76,4,261,0,0,1,888.0,0
52.05,5,1088,0,0,3,1326.0,0
54.4,2,692,0,0,1,869.0,0
17.14,0,500,0,1,0,1658.0,0
245.52,4,1084,0,0,0,1.0,1
131.28,1,1113,0,0,1,485.0,1
43.77,4,356,0,0,2,8105.0,0
56.09,5,1393,0,0,0,215.0,1
67.25,3,646,1,0,1,148.0,0
7.09,2,856,0,0,0,1223.0,1
42.64,2,405,0,0,1,619.0,1
27.61,1,18,1,0,1,1374.0,1
20.05,6,368,0,0,0,5827.0,0
41.22,4,1281,0,0,1,243.0,1
329.54,2,221,0,0,1,1044.0,1
103.63,3,273,0,0,1,2560.0,1
30.84,4,965,0,0,0,315.0,1
96.79,5,1401,0,1,1,2241.0,1
221.26,1,1271,0,0,0,920.0,0
137.64,0,1414,1,0,1,1745.0,0
57.95,5,1271,0,1,0,1342.0,1
28.59,1,173,0,0,0,1078.0,1
109.75,4,1352,1,0,0,1174.0,1
80.92,4,123,0,1,0,287.0,1
133.65,5,467,0,0,1,1025.0,1
103.05,2,636,0,0,0,2518.0,1
155.95,3,816,0,1,1,4085.0,0
31.97,3,690,0,0,1,1774.0,1
203.85,4,1255,0,0,1,3161.0,1
66.53,4,1336,0,0,2,1275.0,1
434.96,2,649,0,0,0,438.0,1
27.41,1,1214,0,0,1,2317.0,0
309.81,3,501,0,0,0,2178.0,0
66.55,6,1311,0,0,0,13.0,0
28.46,4,321,0,0,0,1175.0,0
33.65,2,61,0,0,0,4969.0,0
39.63,5,1162,0,0,0,7484.0,0
83.44,0,126,0,0,0,1099.0,0
92.1,3,192,0,0,2,2303.0,1
30.76,5,1238,0,0,0,32.0,1
53.28,6,193,0,0,4,562.0,1
465.11,2,589,1,0,0,2303.0,0
307.21,4,1047,0,0,2,1905.0,1
84.46,5,743,1,0,1,1945.0,0
56.71,1,383,1,0,0,2146.0,0
61.56,4,1180,0,0,0,1010.0,1
100.84,4,1117,0,0,0,5002.0,0
19.63,7,826,0,1,0,821.0,1
42.21,3,704,1,0,0,4183.0,0
10.29,4,609,0,0,1,112.0,0
81.39,3,1154,0,0,1,3405.0,0
104.29,3,1451,0,0,1,650.0,1
33.68,1,225,0,1,0,1941.0,1
263.48,0,12,0,0,0,102.0,1
16.03,10,348,0,0,0,150.0,1
12.62,5,803,0,0,0,106.0,0
68.34,1,74,0,0,1,1194.0,0
155.57,3,1135,0,1,2,969.0,1
294.1,1,889,0,0,1,692.0,1
34.51,1,197,0,0,0,1063.0,1
160.56,1,191,0,0,1,677.0,1
52.54,2,937,0,0,1,3693.0,0
45.94,0,1088,0,0,0,1489.0,0
132.11,3,651,0,0,1,668.0,1
104.83,2,494,0,0,0,1092.0,0
11.29,9,1089,0,0,0,3633.0,0
239.02,2,663,0,0,1,947.0,1
217.04,5,260,0,0,1,1003.0,1
29.21,3,169,1,0,1,742.0,1
81.11,2,177,0,0,0,543.0,1
89.48,3,1169,0,0,1,1149.0,0
70.86,3,587,0,0,0,2401.0,0
31.49,3,55,0,0,0,826.0,0
27.89,2,634,0,1,0,463.0,1
53.22,5,539,0,0,0,1942.0,0
176.4,3,687,0,0,1,2976.0,0
94.03,2,136,0,0,1,40.0,1
37.69,3,1396,0,0,2,1801.0,1
118.12,4,1047,0,0,1,4161.0,0
3.16,4,538,0,0,2,167.0,1
172.22,2,162,0,0,0,4131.0,0
9.59,4,160,0,0,0,226.0,1
38.0,5,518,0,1,0,10359.0,0
17.82,3,1401,0,0,0,1290.0,0
14.96,2,315,0,0,0,2357.0,1
174.31,2,690,1,0,1,117.0,1
34.2,2,708,0,0,0,195.0,1
77.21,2,1241,0,0,0,5949.0,0
52.1,4,264,0,0,0,8044.0,0
87.97,2,942,0,0,1,584.0,1
58.96,3,340,0,0,0,753.0,0
15.13,2,462,1,0,1,18.0,1
147.86,4,1185,0,0,0,5623.0,1
33.32,6,314,0,0,0,4494.0,0
11.51,5,884,0,0,0,222.0,1
35.58,4,131,0,0,1,818.0,1
244.88,3,79,0,0,0,6121.0,1
127.77,5,667,1,1,0,242.0,1
38.53,0,1491,0,1,1,3725.0,1
38.5,4,65,0,0,0,405.0,0
39.58,2,569,0,0,1,127.0,0
435.61,3,1443,0,0,0,276.0,1
79.99,4,948,0,0,1,2227.0,1
83.93,6,947,0,0,1,266.0,0
152.98,4,785,0,0,1,7.0,1
69.32,2,52,0,0,1,2691.0,0
42.14,3,944,1,1,1,1918.0,1
44.86,1,826,0,0,0,3789.0,1
50.83,5,1050,0,0,0,1552.0,0
52.6,4,1051,1,0,2,84.0,1
113.03,2,1304,0,0,0,39.0,1
57.51,4,337,1,0,1,2769.0,0
113.6,2,139,0,0,0,3972.0,0
50.36,3,392,0,0,0,2900.0,0
59.06,2,234,0,0,1,843.0,1
7.4,0,432,0,0,0,1953.0,0
136.5,1,288,0,1,1,146.0,1
77.21,3,29,0,0,1,2280.0,1
148.12,3,1130,1,0,0,517.0,1
3.02,7,608,0,1,0,4901.0,0
440.7,3,504,1,1,0,742.0,1
47.48,2,633,0,0,3,746.0,0
165.37,3,616,0,0,0,607.0,1
19.3,5,1201,0,0,0,1807.0,1
100.76,4,653,1,1,1,183.0,0
19.04,4,1408,0,0,1,99.0,1
29.26,0,298,0,0,0,2144.0,0
370.2,4,1290,0,0,2,5241.0,1
45.12,9,1178,1,0,4,2451.0,1
67.86,1,794,0,0,0,517.0,1
130.33,2,725,0,0,1,809.0,1
89.63,2,919,0,0,1,409.0,1
63.46,3,940,0,0,0,2074.0,0
78.65,4,1100,0,0,0,488.0,0
603.9,6,1195,0,1,0,1525.0,1
51.54,8,760,0,1,0,3293.0,1
66.76,2,826,0,1,0,1308.0,1
156.12,6,844,0,1,2,1620.0,1
164.93,4,100,0,0,0,6203.0,1
178.94,8,274,1,0,2,692.0,1
103.41,0,298,0,0,1,2874.0,1
17.41,1,212,0,0,1,2090.0,1
279.62,6,1026,0,0,1,216.0,0
17.35,2,956,0,0,0,8245.0,1
73.89,3,289,0,0,0,2106.0,1
25.68,1,209,0,0,1,25.0,1
51.21,3,612,0,0,0,2307.0,0
75.85,1,697,0,0,0,259.0,1
75.29,2,446,1,0,0,625.0,1
83.26,4,191,0,0,2,771.0,0
274.16,6,841,0,0,0,667.0,1
85.93,2,671,0,0,0,2456.0,0
42.77,2,597,1,0,0,2519.0,1
143.18,2,1046,0,0,1,1353.0,1
179.37,4,273,0,0,0,1507.0,1
16.0,3,1155,0,0,3,677.0,1
99.23,6,289,1,0,0,42.0,1
110.08,3,192,0,0,1,780.0,1
40.55,2,266,0,0,1,17.0,0
216.09,2,836,0,0,1,3602.0,1
46.99,5,243,0,0,0,1843.0,0
61.9,3,678,0,0,0,6977.0,0
45.92,7,992,0,0,1,364.0,1
55.46,2,681,0,0,0,1930.0,1
18.24,4,212,0,0,0,375.0,0
12.94,2,701,0,0,0,1834.0,0
268.94,2,911,0,0,1,1218.0,1
23.41,2,820,0,0,1,1967.0,1
20.26,4,8,1,0,0,2326.0,1
6.34,3,1464,0,0,2,1332.0,1
28.82,6,586,0,0,0,1225.0,1
14.54,4,78,0,1,0,130.0,1
282.03,2,892,0,0,2,814.0,1
149.88,2,699,0,0,0,647.0,1
27.44,4,1238,0,0,1,1768.0,1
519.28,5,1203,0,0,0,581.0,1
145.73,1,571,0,0,0,476.0,1
39.46,1,1053,0,0,1,3399.0,0
4.48,4,605,0,0,0,3173.0,1
539.66,3,62,0,0,0,717.0,1
13.6,3,1159,0,0,0,161.0,1
10.53,2,428,0,0,0,1239.0,1
151.8,4,1158,0,0,0,1080.0,0
626.25,4,483,0,0,0,3670.0,0
217.95,4,830,0,0,0,1425.0,0
95.96,2,1092,0,0,1,5149.0,0
98.96,5,1486,1,1,1,1189.0,1
128.18,6,765,0,0,2,1981.0,1
116.62,1,454,0,0,1,1176.0,1
72.33,4,17,0,0,1,697.0,1
60.59,4,945,0,0,0,50.0,1
51.29,4,152,0,0,1,2838.0,1
25.69,6,461,0,0,2,4202.0,1
41.24,3,248,1,0,0,2381.0,1
10.04,3,1420,0,0,0,572.0,1
49.48,5,157,1,0,0,3056.0,0
20.32,2,600,0,0,0,1708.0,1
18.11,1,1342,0,0,1,2068.0,1
65.36,2,98,0,1,0,123.0,1
219.64,4,1102,0,0,0,1569.0,1
136.77,3,539,0,0,1,1482.0,1
11.35,1,296,0,0,1,1951.0,1
20.29,5,1455,0,0,2,2658.0,1
139.88,1,400,0,0,0,933.0,1
20.44,5,13,1,0,0,303.0,1
43.61,2,438,1,0,0,4636.0,1
94.64,1,1423,0,0,0,2698.0,1
20.73,4,665,0,0,0,1399.0,1
60.67,2,400,0,0,0,788.0,1
14.38,3,1068,0,0,0,7440.0,0
29.92,2,1396,0,0,0,177.0,0
75.17,1,374,0,0,0,4909.0,0
11.1,3,1004,0,0,2,932.0,1
84.82,4,559,0,0,1,183.0,1
53.54,2,485,1,0,0,858.0,1
94.87,3,417,0,0,2,2493.0,1
68.3,4,1108,1,0,0,995.0,1
213.61,6,666,0,0,0,1223.0,0
61.88,2,483,1,1,1,3122.0,1
35.54,5,1320,0,0,0,1721.0,1
61.7,2,839,0,0,0,1985.0,1
94.0,4,106,1,1,0,301.0,1
57.33,2,1233,0,0,0,524.0,0
56.86,1,791,0,0,0,954.0,1
27.06,7,812,1,0,0,209.0,1
28.14,3,850,0,0,1,589.0,1
13.43,6,170,0,0,1,3227.0,1
314.06,6,780,1,0,1,40.0,1
15.74,7,510,0,0,0,94.0,0
27.31,3,350,1,1,0,2091.0,1
26.62,4,466,0,0,0,878.0,1
133.61,4,1105,0,0,0,2669.0,0
40.65,1,449,0,0,1,4835.0,0
190.14,9,632,0,0,0,558.0,1
27.84,2,1125,0,0,0,68.0,0
72.17,1,1393,0,0,0,1096.0,1
23.68,3,765,0,0,0,5995.0,0
466.45,3,1289,1,0,0,1419.0,1
16.65,3,202,0,0,1,853.0,1
74.43,2,1142,0,0,0,1445.0,1
102.9,3,1147,0,0,1,325.0,1
82.58,4,1049,0,0,0,2505.0,0
45.36,1,369,1,0,0,2054.0,1
47.95,1,385,0,0,1,2318.0,1
57.04,3,274,0,0,0,648.0,1
47.13,4,1071,0,0,1,3023.0,0
143.15,3,335,1,0,2,4023.0,0
497.96,0,1441,0,0,1,5603.0,0
31.27,6,534,0,1,0,1832.0,1
13.88,6,344,0,0,0,770.0,1
49.98,1,1345,0,0,0,882.0,1
720.33,3,1163,1,1,2,1501.0,1
24.44,2,107,0,0,0,1542.0,1
281.21,3,922,0,0,0,2830.0,1
292.28,3,346,0,0,0,160.0,1
31.39,4,710,0,0,1,1505.0,0
96.45,3,993,0,0,0,771.0,0
278.22,4,447,0,0,1,3232.0,1
37.37,4,462,0,0,0,781.0,1
44.54,3,1240,1,0,0,1135.0,0
30.52,2,806,1,0,1,465.0,1
19.79,4,1406,0,1,1,631.0,1
28.52,3,1073,0,0,0,1460.0,0
16.06,4,657,0,0,0,999.0,1
56.49,2,1081,0,0,1,405.0,1
25.28,3,339,0,0,0,1156.0,1
68.98,3,1032,0,1,1,325.0,1
11.52,4,696,0,0,0,3843.0,0
76.01,2,23,0,0,0,4643.0,0
125.65,4,1068,1,0,0,462.0,1
7.44,2,437,0,0,1,97.0,1
79.36,3,909,0,0,0,4712.0,1
186.36,4,1093,0,0,1,673.0,1
16.29,4,594,0,0,0,375.0,0
290.78,4,513,0,0,1,4531.0,1
83.01,2,997,0,0,2,3856.0,0
26.98,0,277,0,0,1,98.0,0
51.64,3,492,1,0,0,419.0,0
95.42,2,83,0,0,2,3014.0,0
58.91,3,1336,0,0,1,560.0,0
93.57,1,102,0,0,0,1987.0,0
21.74,3,1250,0,0,1,74.0,1
64.67,3,1410,0,0,0,3317.0,1
13.28,2,468,0,0,0,987.0,0
48.85,0,799,0,0,1,1143.0,1
22.11,5,1165,1,0,0,2973.0,1
26.17,4,998,0,0,0,1090.0,1
187.93,2,332,0,0,0,198.0,1
162.6,2,953,1,0,0,1263.0,1
100.4,2,1293,0,0,3,1098.0,1
18.31,2,1368,0,0,1,1076.0,1
39.79,5,1000,0,0,0,385.0,1
183.66,6,882,0,0,1,322.0,1
62.91,3,94,0,0,0,2708.0,1
555.2,3,923,0,0,1,1738.0,0
80.91,1,1094,0,0,0,11.0,0
66.16,2,1150,0,0,2,3246.0,0
40.08,4,1407,0,0,1,233.0,1
62.4,3,1212,0,0,0,2409.0,0
46.88,2,506,0,0,3,182.0,1
110.84,3,582,0,0,0,6396.0,0
142.12,0,911,0,0,2,4154.0,0
24.88,2,312,0,0,1,364.0,1
14.42,1,1159,0,0,0,15.0,0
8.7,3,1173,0,0,0,111.0,1
90.74,4,1126,1,0,0,2977.0,0
18.11,5,358,0,0,0,144.0,0
6.34,1,142,0,0,0,2710.0,1
80.53,6,831,0,0,1,3085.0,1
660.5,1,171,0,0,0,660.0,0
54.27,1,1389,1,0,2,2391.0,1
126.28,1,12,0,0,0,3090.0,0
59.25,2,1079,0,0,2,2731.0,0
49.46,5,502,0,0,1,383.0,1
136.88,3,981,0,0,0,1074.0,0
40.84,3,886,1,0,1,127.0,1
71.34,5,916,0,0,0,1341.0,1
75.32,4,892,0,0,0,1051.0,0
27.99,2,603,0,0,0,4192.0,1
147.24,1,325,0,1,2,33.0,1
45.83,2,497,0,0,0,1360.0,0
25.64,4,316,0,0,1,2372.0,1
93.36,2,172,0,0,1,1122.0,0
22.23,3,1414,0,0,2,489.0,1
56.16,4,581,0,0,2,1694.0,1
54.1,5,1302,0,0,0,7832.0,0
161.72,0,1345,0,0,2,75.0,1
87.77,5,84,0,0,0,393.0,0
53.25,7,88,0,1,0,1214.0,1
123.69,3,1172,0,1,2,1639.0,1
219.25,3,766,1,0,1,1761.0,1
95.37,2,944,0,0,1,112.0,1
55.17,5,733,0,0,1,236.0,1
14.7,2,746,1,0,1,5210.0,0
18.82,5,536,0,0,0,141.0,1
40.24,2,328,0,0,0,978.0,1
29.68,1,98,0,0,0,1550.0,1
45.29,3,214,0,0,1,679.0,0
57.78,3,807,0,0,1,532.0,1
92.73,2,311,1,1,2,617.0,1
50.88,5,1396,0,0,1,598.0,1
88.81,2,183,0,0,1,859.0,1
58.23,8,198,0,0,0,222.0,1
7.57,4,1357,0,0,1,3458.0,0
21.34,6,410,0,0,1,2564.0,1
47.27,4,721,0,0,1,62.0,1
16.29,1,357,0,0,2,2578.0,0
99.48,6,1115,0,0,0,3169.0,1
252.33,5,856,0,0,0,4592.0,0
184.71,8,1199,0,0,2,1709.0,1
44.1,2,654,0,0,0,3449.0,0
242.43,2,643,0,0,1,2562.0,0
63.35,5,965,0,0,1,46.0,1
38.97,4,639,0,0,1,2999.0,1
29.57,4,761,0,0,0,1566.0,0
40.35,5,1422,0,0,0,1893.0,0
37.03,3,264,0,0,1,3892.0,0
64.74,3,729,0,0,0,19.0,0
64.11,6,527,1,0,1,206.0,1
54.76,2,1197,0,0,1,1535.0,1
84.52,3,741,0,0,0,949.0,1
179.58,3,1197,1,0,0,974.0,1
141.11,2,1283,0,0,0,674.0,0
12.37,1,365,1,1,0,3072.0,1
4.25,1,1419,0,0,0,197.0,0
138.98,2,9,0,0,1,1370.0,0
13.92,2,1284,0,0,0,1103.0,1
43.61,1,113,1,0,1,1443.0,0
16.94,0,475,0,0,0,93.0,1
9.01,2,479,0,0,2,2016.0,1
93.83,8,1202,0,0,1,25.0,1
116.65,4,848,0,0,1,1351.0,1
30.68,3,482,0,0,0,555.0,1
4.09,4,428,0,0,0,676.0,1
31.62,4,185,0,0,0,2414.0,0
80.79,1,716,0,0,0,7669.0,0
12.44,6,581,1,0,0,1161.0,1
65.59,2,376,0,0,0,1993.0,0
53.77,1,679,0,0,1,514.0,1
97.45,7,930,0,0,1,1453.0,1
61.53,3,446,0,0,0,190.0,0
20.63,3,1036,0,0,0,3418.0,0
180.65,5,1221,0,0,1,1095.0,0
46.59,2,566,0,0,1,807.0,1
53.13,2,872,0,1,1,1297.0,1
21.47,1,485,0,0,1,4394.0,1
35.05,3,336,0,0,3,2697.0,1
22.54,2,1353,0,0,1,298.0,0
45.93,8,737,0,0,2,2630.0,1
302.39,0,677,0,0,2,898.0,0
13.85,5,1441,0,0,0,905.0,1
10.87,1,1161,0,0,0,2552.0,1
237.74,4,274,0,0,1,1108.0,1
44.29,2,1382,0,0,1,135.0,1
27.96,4,1486,0,0,1,510.0,1
154.46,4,231,0,0,0,4050.0,0
29.8,3,231,0,0,1,1613.0,1
339.0,2,1139,1,0,0,3568.0,0
107.55,1,710,0,0,1,655.0,0
33.52,2,515,1,1,0,2102.0,1
472.16,1,112,1,0,0,2769.0,1
29.79,2,1170,0,0,2,364.0,0
114.67,1,933,1,0,1,42.0,0
73.65,1,1373,0,0,0,1811.0,0
200.69,3,1060,0,1,1,1548.0,1
260.22,1,1232,0,0,0,73.0,1
56.37,3,4,0,1,0,952.0,0
25.7,2,1144,0,0,2,1492.0,0
86.49,3,109,1,0,0,429.0,1
27.72,2,1102,0,0,0,183.0,0
408.87,4,739,0,0,0,2909.0,0
62.59,1,49,1,0,3,4663.0,1
37.89,3,1133,0,0,1,1068.0,1
65.67,3,480,0,0,0,259.0,1
14.19,4,1396,0,0,1,985.0,1
20.66,4,522,0,0,0,589.0,0
181.35,4,925,0,0,0,1214.0,1
28.31,3,376,0,0,1,16.0,1
19.17,4,1147,0,0,0,3631.0,0
93.38,5,588,0,0,1,108.0,1
178.7,3,635,0,1,1,1011.0,1
112.05,3,649,0,0,0,1948.0,1
147.83,2,1114,0,0,1,1896.0,1
25.62,3,1173,0,0,0,637.0,0
13.17,4,1025,0,0,0,1246.0,1
245.02,2,1444,0,0,0,1237.0,1
39.54,7,723,0,0,0,253.0,1
42.49,4,367,0,0,1,839.0,1
206.07,2,146,0,0,0,229.0,1
95.22,2,613,0,0,0,106.0,0
86.13,1,837,0,0,1,103.0,0
475.8,2,232,1,0,0,1028.0,1
28.69,3,619,1,0,0,2354.0,1
138.08,6,469,0,0,0,7506.0,1
57.8,5,212,0,0,0,1524.0,1
71.42,3,1130,0,0,1,640.0,1
251.76,2,265,0,0,1,418.0,1
90.73,4,1282,0,0,1,2136.0,1
93.53,2,625,0,0,3,96.0,1
159.57,3,1370,0,0,3,548.0,0
37.9,4,1235,0,0,0,2100.0,0
23.59,1,1017,0,0,0,1060.0,0
19.21,9,1107,0,0,0,1248.0,1
7.64,4,1107,0,0,0,6675.0,0
426.75,3,762,0,0,0,933.0,0
18.12,3,349,0,0,0,1628.0,1
43.76,2,295,0,1,0,11843.0,0
41.4,2,188,0,0,0,2087.0,0
74.25,4,1442,0,0,0,1300.0,0
123.44,2,827,0,0,4,705.0,0
129.09,2,896,1,0,0,6748.0,0
30.48,2,902,0,0,0,626.0,0
46.2,3,1308,0,1,0,222.0,1
72.43,2,331,0,0,1,4683.0,0
42.58,3,41,0,0,0,692.0,1
272.42,3,1096,0,0,0,1600.0,1
89.21,3,756,0,0,0,1869.0,1
113.85,3,923,0,0,0,544.0,1
105.94,4,1333,1,0,1,991.0,1
176.53,6,1403,0,0,0,304.0,1
65.43,2,1018,1,0,0,3886.0,0
14.93,3,1291,0,0,0,1581.0,0
81.43,5,239,0,1,0,3978.0,1
28.46,1,599,0,0,0,535.0,0
32.18,4,662,0,0,1,1809.0,0
98.14,3,5,0,0,0,443.0,1
188.35,6,1136,1,0,1,614.0,0
55.77,3,318,0,0,2,807.0,1
74.35,1,671,1,0,0,1435.0,0
299.53,4,47,0,0,0,1461.0,1
69.46,3,1317,0,1,1,402.0,1
736.33,2,1391,1,0,0,85.0,1
96.11,4,1050,1,0,0,2662.0,1
9.39,6,1239,1,0,0,1344.0,0
115.97,3,299,0,0,2,676.0,0
79.93,6,61,1,0,0,98.0,1
198.29,5,1446,0,0,0,199.0,1
107.04,2,998,0,0,0,992.0,0
47.54,4,384,0,0,0,1190.0,0
16.05,1,1440,0,0,1,853.0,1
44.3,4,756,0,0,0,1505.0,1
23.32,1,576,0,0,2,3028.0,1
30.55,2,967,0,0,0,2035.0,0
98.35,5,1424,0,0,0,3632.0,0
290.01,1,177,0,0,0,1722.0,1
81.02,4,93,0,0,2,200.0,1
16.51,1,276,0,0,0,292.0,0
85.17,3,534,1,0,0,891.0,0
180.66,2,183,0,0,0,601.0,0
29.67,4,864,0,0,0,1901.0,1
47.75,3,412,0,0,1,1769.0,1
55.41,5,1055,1,0,2,1118.0,1
24.91,6,215,0,0,1,1857.0,1
104.41,4,979,1,0,1,4358.0,1
48.38,5,352,0,0,4,1218.0,1
83.06,7,1236,0,0,1,768.0,0
22.48,2,1209,1,1,1,1164.0,1
35.25,4,927,0,0,0,282.0,1
112.44,6,1195,0,1,0,184.0,1
37.61,3,232,0,0,1,951.0,1
307.04,7,1098,1,0,0,4624.0,0
36.61,6,253,0,0,0,3577.0,0
68.35,3,905,1,0,2,2041.0,1
138.74,1,1322,0,0,0,2284.0,0
13.22,2,1098,0,1,1,3546.0,1
9.39,4,434,0,0,0,4446.0,0
11.87,4,741,0,0,0,1939.0,0
192.98,5,1223,0,0,1,878.0,1
31.44,4,724,0,0,1,287.0,1
705.0,4,84,0,0,1,13.0,1
31.05,2,712,0,0,0,1879.0,1
65.66,6,998,0,0,2,913.0,0
255.22,1,217,0,0,0,149.0,0
405.89,1,1485,1,1,0,588.0,1
429.02,7,1261,1,0,0,1138.0,1
182.8,3,1485,0,1,0,2755.0,1
152.03,3,511,0,1,1,680.0,0
98.74,1,258,0,0,0,1922.0,0
118.91,2,229,0,0,3,79.0,1
31.46,1,298,0,0,0,5904.0,0
24.09,1,618,1,0,0,6416.0,1
54.41,2,505,1,0,1,1353.0,0
46.05,3,651,0,0,0,1929.0,0
34.7,2,440,1,0,1,2603.0,1
109.55,7,173,0,0,1,6335.0,1
141.93,4,941,0,0,0,1416.0,1
59.64,4,669,0,0,0,2534.0,1
239.26,3,162,0,0,0,385.0,1
17.43,4,1477,0,0,1,301.0,1
44.99,4,607,1,0,1,2244.0,1
26.66,7,858,0,0,2,4637.0,1
8.44,4,20,0,0,1,1509.0,1
50.27,4,1096,0,0,1,1376.0,0
48.34,1,582,1,0,0,1524.0,1
248.01,1,402,1,0,1,3810.0,1
102.6,1,712,0,0,0,2897.0,0
19.61,5,1468,1,0,0,2912.0,1
348.66,6,1397,0,0,0,203.0,1
185.13,3,308,0,1,0,2567.0,1
97.72,6,1308,0,0,0,2632.0,1
43.53,7,1369,0,0,0,255.0,1
20.92,2,1300,0,0,0,1148.0,1
37.63,3,1350,0,0,0,185.0,0
162.19,3,549,0,0,0,911.0,1
359.45,2,1040,0,0,1,1844.0,0
255.51,2,183,1,0,0,443.0,1
33.49,1,868,0,1,0,255.0,1
17.82,2,1217,0,1,1,1830.0,0
62.86,4,1038,1,0,0,3155.0,0
9.31,1,24,1,0,0,302.0,1
75.43,5,806,0,0,0,4223.0,0
47.11,3,236,0,0,3,2404.0,0
34.26,3,850,0,0,0,2040.0,0
11.08,3,503,0,0,1,232.0,1
91.25,4,255,0,0,0,4780.0,1
32.05,0,377,0,1,0,1155.0,0
16.95,4,1339,0,0,0,1381.0,1
3.09,6,1331,0,0,0,1294.0,1
53.12,4,1133,0,0,1,1363.0,0
321.26,1,1299,0,0,1,3116.0,1
287.51,3,1342,0,0,0,187.0,0
34.57,0,767,1,0,1,1190.0,1
29.9,5,1269,1,0,0,1713.0,1
87.25,3,422,0,0,0,226.0,0
20.12,2,131,0,0,0,1566.0,1
73.83,4,944,0,0,1,1281.0,0
117.46,4,1449,0,1,0,454.0,1
186.22,6,1169,0,0,0,536.0,1
49.39,3,1367,0,0,0,162.0,1
44.54,2,219,0,0,3,2200.0,0
22.69,0,197,0,0,1,289.0,0
23.88,3,595,0,0,1,2800.0,1
43.53,3,783,0,0,1,3968.0,0
78.84,4,618,0,0,0,497.0,0
136.13,3,696,0,0,0,543.0,0
24.45,4,844,0,0,1,236.0,0
242.91,1,1102,0,1,0,1401.0,1
41.63,0,1395,0,0,0,5994.0,1
53.44,3,1119,0,0,0,503.0,0
25.86,2,389,0,0,0,313.0,0
4.83,3,515,0,0,0,1677.0,0
132.16,2,47,0,0,1,3495.0,0
114.07,3,1182,0,0,0,3676.0,0
41.21,3,751,0,0,0,763.0,0
58.38,0,271,0,0,0,2782.0,0
91.46,1,422,0,0,1,1615.0,1
11.44,2,1052,0,0,0,2376.0,1
32.17,4,1201,0,1,0,2033.0,0
120.82,3,87,0,0,1,246.0,1
15.58,0,687,0,1,0,796.0,1
73.23,5,719,0,0,2,2592.0,0
14.06,3,862,0,0,0,2568.0,1
87.05,2,758,0,0,0,234.0,1
52.69,2,1292,0,0,1,1116.0,1
10.86,2,54,0,0,0,3658.0,1
174.99,1,83,0,0,1,2823.0,1
26.19,0,544,1,0,0,1565.0,1
24.28,5,385,1,0,2,416.0,1
66.72,5,523,1,0,1,706.0,1
172.2,0,223,1,0,0,1909.0,1
19.77,1,286,1,1,0,2737.0,1
58.07,2,824,1,0,1,1712.0,1
83.83,2,444,0,0,0,906.0,1
109.19,4,89,0,0,2,1547.0,1
65.13,2,1185,0,0,1,7.0,1
37.83,5,767,0,0,0,2395.0,0
23.86,3,1182,0,0,0,3344.0,0
59.51,2,269,1,0,0,85.0,1
18.69,4,908,1,0,1,918.0,1
2.94,4,1404,0,0,0,3400.0,0
84.48,2,1056,0,0,2,1636.0,1
134.82,0,87,0,0,1,1189.0,1
5.14,5,93,0,0,0,164.0,0
19.89,2,802,0,0,0,2405.0,1
101.41,3,595,1,0,0,2104.0,1
427.3,0,1113,1,0,2,1604.0,1
55.75,5,154,0,1,0,112.0,1
26.36,3,896,0,0,0,1853.0,1
45.47,3,1182,0,0,1,96.0,1
215.91,1,890,0,0,0,3108.0,0
28.62,6,418,0,0,0,3662.0,0
24.55,2,253,1,0,0,1362.0,1
33.69,4,1313,0,0,0,3396.0,1
21.05,3,768,0,1,0,922.0,1
61.72,1,159,1,0,0,617.0,0
277.18,3,312,0,0,0,1191.0,1
75.42,3,799,0,1,0,1473.0,1
42.42,1,581,0,0,0,2618.0,0
40.78,5,435,0,0,0,1659.0,1
11.44,2,1378,0,0,0,3486.0,1
132.04,8,1006,0,1,1,4943.0,1
50.51,5,265,0,0,3,1329.0,1
45.58,3,1032,1,0,1,2276.0,1
1330.23,2,1018,0,0,1,1182.0,1
73.61,0,107,0,0,1,4257.0,0
25.74,2,932,0,0,0,56.0,1
35.65,6,739,0,0,2,2282.0,0
172.16,4,1093,1,0,0,1235.0,1
61.15,3,440,1,0,0,114.0,1
12.96,4,1162,0,0,1,2465.0,1
136.9,2,1382,0,0,1,898.0,0
27.99,2,842,0,0,0,1348.0,1
355.42,2,895,1,0,1,2246.0,1
160.78,3,651,0,0,2,523.0,1
34.91,3,520,0,0,1,612.0,1
196.57,5,1092,0,0,0,794.0,0
58.43,5,146,0,0,0,2478.0,1
128.1,2,1274,0,0,1,7213.0,0
88.65,0,384,1,0,0,812.0,1
23.42,1,468,0,1,0,1699.0,0
28.69,3,762,0,0,1,705.0,1
152.93,2,890,0,0,0,3769.0,1
39.06,5,515,1,0,1,4934.0,1
36.46,2,1388,0,0,0,378.0,1
21.01,2,1423,0,0,1,1911.0,0
83.4,5,120,0,0,1,4255.0,0
429.46,7,750,1,0,0,1160.0,1
18.77,4,55,0,0,0,735.0,1
55.94,5,1094,0,1,0,4249.0,1
224.13,3,356,0,0,1,537.0,1
50.42,5,1492,0,0,2,418.0,1
85.83,2,1312,0,0,0,3825.0,0
18.87,6,774,0,1,0,1807.0,1
83.79,2,912,0,0,1,368.0,1
45.28,1,1009,0,0,0,1853.0,0
146.31,1,962,0,0,0,3761.0,0
179.0,8,1261,0,0,2,168.0,1
727.46,5,218,0,0,0,534.0,1
97.48,4,724,0,0,0,1668.0,1
75.63,1,1294,0,0,0,220.0,0
66.31,6,1342,0,0,0,4246.0,1
38.35,1,264,1,0,0,1618.0,0
76.59,5,344,0,0,0,1583.0,0
40.63,2,827,0,0,0,104.0,0
64.62,6,521,0,0,2,985.0,1
203.89,3,1066,1,0,0,390.0,1
19.95,6,1042,0,0,1,2975.0,0
170.7,3,1234,0,0,0,737.0,0
203.8,6,432,0,0,0,929.0,1
48.52,5,330,0,0,0,1842.0,0
6.54,1,276,0,0,1,2275.0,1
29.73,3,1446,1,0,2,2809.0,1
199.74,3,937,0,0,3,346.0,0
53.36,2,727,0,0,0,548.0,0
20.1,4,747,0,0,0,174.0,0
32.96,2,1172,0,0,0,3494.0,1
126.55,4,1074,0,0,2,682.0,0
94.32,4,133,0,0,1,243.0,1
42.99,0,700,0,0,1,671.0,0
37.83,4,987,0,0,0,106.0,1
36.9,2,585,0,0,1,3261.0,1
21.71,3,811,1,0,0,609.0,1
274.62,3,105,0,0,0,776.0,0
39.55,2,292,0,0,0,5074.0,1
184.41,0,232,0,0,1,378.0,1
249.96,1,1125,0,0,0,411.0,1
148.16,5,259,0,0,3,1480.0,0
35.46,4,957,0,0,0,6454.0,0
81.76,2,1316,0,0,2,4166.0,1
53.29,1,112,0,0,0,1618.0,0
22.12,1,1069,0,0,1,3011.0,0
75.52,3,1181,1,0,1,1204.0,0
16.79,3,225,0,1,1,1026.0,1
179.05,3,904,0,0,2,921.0,1
34.31,5,1097,0,0,0,1091.0,0
66.76,4,918,0,0,0,2209.0,0
72.48,3,581,0,0,0,3101.0,0
42.14,0,1196,1,0,0,1544.0,1
98.17,7,1444,0,0,0,3658.0,0
33.96,3,736,0,0,1,1833.0,0
130.49,4,1438,0,1,1,2922.0,1
14.21,4,561,0,0,0,2106.0,0
61.95,4,1260,0,0,2,2675.0,1
379.53,1,1003,0,0,0,35.0,1
20.08,4,887,0,0,0,3634.0,0
27.72,3,1263,0,0,1,3908.0,0
91.28,4,380,0,0,0,3313.0,1
65.34,2,457,0,0,0,2358.0,0
77.53,5,1228,0,0,0,2788.0,0
89.05,3,1443,0,0,0,360.0,1
103.0,1,84,0,0,0,88.0,1
165.62,4,1238,0,0,0,616.0,0
82.25,6,1415,0,0,0,1052.0,1
42.89,1,359,0,0,1,568.0,0
106.97,3,1397,0,0,0,3682.0,1
364.99,2,58,0,0,1,6004.0,0
47.82,6,684,0,0,0,2652.0,0
20.6,1,437,1,0,1,1165.0,1
165.19,4,1014,0,0,2,284.0,1
48.41,2,874,0,1,0,3701.0,0
6.22,5,764,0,0,0,3321.0,1
127.41,2,840,0,0,1,319.0,1
31.97,1,649,0,0,2,90.0,1
49.87,2,518,0,0,0,4126.0,0
76.09,5,787,1,0,0,3106.0,1
66.06,2,86,0,0,0,4899.0,0
110.99,2,879,0,0,0,797.0,1
35.32,3,1172,0,1,0,1931.0,1
91.2,4,980,0,0,1,3594.0,0
42.12,2,1499,0,0,1,752.0,0
114.3,4,667,0,0,0,1158.0,0
101.02,4,1159,0,0,0,1366.0,1
21.43,3,1142,0,1,1,53.0,1
161.74,7,1403,0,0,1,3172.0,0
31.95,0,264,0,0,1,5182.0,0
122.49,4,323,1,0,0,972.0,1
78.83,5,11,0,0,1,1700.0,1
343.16,3,263,1,0,0,1404.0,1
43.66,0,1048,0,0,0,770.0,0
38.5,5,908,0,0,0,155.0,0
53.55,4,840,0,0,0,1322.0,1
40.32,1,1165,0,0,1,504.0,1
121.5,0,454,0,0,1,1902.0,1
10.84,3,1255,0,0,0,1387.0,0
19.04,4,1140,0,0,1,1607.0,0
18.77,4,280,0,0,0,1657.0,1
141.22,1,550,0,0,1,3904.0,1
302.06,2,199,0,0,0,287.0,0
49.18,1,670,0,0,0,2949.0,0
46.12,1,1307,0,0,2,5571.0,0
58.56,0,286,0,0,0,2300.0,1
174.49,4,1152,0,0,0,269.0,1
21.6,3,1231,0,0,1,3418.0,0
69.29,1,885,1,0,0,2825.0,1
144.78,5,258,1,0,0,3575.0,1
90.12,5,776,0,0,1,1199.0,1
66.0,3,657,1,0,1,3089.0,1
148.57,7,511,1,0,1,301.0,0
3.66,1,560,0,0,0,1547.0,1
107.54,3,64,0,0,0,1444.0,1
28.39,5,701,1,0,1,4087.0,1
8.75,2,141,0,0,0,3577.0,0
91.03,2,978,0,0,0,2266.0,0
215.65,2,740,0,0,0,346.0,0
47.59,5,107,0,0,0,2959.0,0
141.58,2,213,0,0,0,1715.0,1
273.77,1,1040,0,0,1,3053.0,0
203.35,3,388,0,0,0,5016.0,0
281.45,3,258,0,0,0,1076.0,1
114.68,1,1138,0,0,0,2456.0,0
58.88,5,833,0,0,0,6498.0,0
11.0,2,798,0,0,0,433.0,1
42.69,4,886,0,0,0,3379.0,0
23.49,5,38,1,0,1,276.0,1
478.64,4,916,0,0,1,31.0,1
45.79,5,1049,0,0,1,3379.0,0
61.76,4,893,0,0,0,5788.0,0
94.77,4,1076,0,0,1,59.0,1
57.03,2,851,0,0,0,3349.0,0
297.39,6,1115,0,0,1,2164.0,1
29.29,0,1162,0,0,2,2166.0,1
66.33,1,1233,0,0,1,1108.0,1
25.99,0,61,0,0,0,972.0,1
14.58,2,111,0,0,1,840.0,1
29.61,1,258,0,0,1,866.0,0
52.61,2,135,0,0,0,4981.0,0
35.54,8,60,0,0,1,3045.0,1
27.32,5,189,0,0,0,678.0,1
13.38,2,336,0,0,1,2429.0,0
50.24,1,625,0,0,2,1923.0,0
12.13,2,1051,0,0,0,3367.0,1
116.75,5,1025,0,0,1,174.0,1
59.29,5,726,1,0,1,2168.0,1
12.71,2,86,0,0,1,506.0,1
40.08,4,667,0,0,0,498.0,0
25.73,1,80,0,0,0,2202.0,0
75.13,1,572,0,0,1,4056.0,0
208.61,1,1488,0,0,0,1306.0,0
8.37,5,1432,0,0,0,1128.0,1
61.25,2,803,0,0,0,3038.0,0
46.52,4,801,0,0,0,46.0,0
106.84,4,1425,0,0,0,2210.0,0
67.57,5,1491,0,0,1,104.0,1
25.74,4,875,0,0,0,504.0,1
39.68,3,175,0,0,0,1980.0,1
24.63,3,866,0,0,0,861.0,0
160.13,3,864,0,0,1,630.0,1
55.77,5,1083,1,0,0,1263.0,1
365.47,4,406,0,1,1,3413.0,1
51.38,3,487,0,0,0,999.0,0
26.89,2,754,0,0,1,1370.0,0
12.02,4,283,0,1,0,309.0,1
9.0,5,737,0,0,1,1059.0,0
11.2,1,456,0,0,0,30.0,0
71.32,5,222,0,0,2,3278.0,1
90.81,5,880,0,0,0,417.0,1
11.23,2,1209,1,0,0,4544.0,1
133.63,2,716,0,0,1,797.0,1
33.68,2,1065,0,0,0,3253.0,0
63.23,2,1453,1,1,1,889.0,1
273.75,4,683,0,0,0,298.0,0
133.87,3,780,0,0,0,1261.0,0
41.74,1,708,0,0,0,543.0,0
22.39,5,250,0,0,0,702.0,0
6.35,2,707,1,1,0,684.0,1
26.6,3,1254,0,0,2,764.0,1
44.21,0,4,0,0,0,1241.0,0
20.34,1,449,0,0,0,246.0,0
47.88,3,887,0,0,0,536.0,1
58.96,2,511,0,0,0,1801.0,0
43.6,2,898,0,0,1,2537.0,0
28.5,3,46,0,0,0,503.0,1
64.63,2,331,0,0,1,547.0,1
84.94,3,126,0,0,0,1170.0,1
18.35,5,1161,0,0,0,7143.0,0
223.84,3,1213,0,0,2,1438.0,0
49.47,5,1167,1,0,2,3023.0,1
55.64,4,585,0,0,1,4517.0,0
110.85,4,1450,0,0,0,1823.0,0
68.94,4,1202,0,0,0,1318.0,0
141.62,2,350,0,0,0,2603.0,0
72.76,2,1459,0,0,1,691.0,0
29.59,5,1250,0,0,0,6476.0,0
78.37,5,278,0,1,0,1161.0,0
17.4,1,1118,0,0,0,4743.0,0
60.86,3,330,0,0,0,2567.0,0
52.81,8,1474,0,0,0,428.0,0
44.34,3,478,0,0,0,449.0,1
48.01,6,1174,0,0,0,775.0,1
8.32,1,510,0,0,0,838.0,0
31.54,3,757,0,0,0,27.0,1
59.91,2,923,0,0,1,3486.0,0
64.06,1,1371,0,0,0,495.0,1
19.54,2,1301,0,1,1,3135.0,1
193.58,3,31,1,0,2,1187.0,1
22.96,4,1401,0,0,1,1614.0,1
143.95,2,1062,0,0,1,1384.0,0
83.7,2,551,0,1,0,5210.0,0
28.61,3,676,1,0,1,974.0,1
322.24,5,356,0,0,0,886.0,1
16.55,3,961,0,0,0,1718.0,0
136.89,3,267,0,0,1,866.0,1
148.5,2,290,0,0,1,1683.0,0
27.92,1,1253,0,1,1,1529.0,1
219.74,3,1044,0,0,1,2685.0,0
42.52,4,63,0,0,0,8280.0,1
72.87,2,170,0,0,1,6815.0,0
70.83,1,13,0,1,0,238.0,1
47.74,5,649,0,1,1,1083.0,1
122.83,2,389,0,0,0,988.0,0
120.72,2,736,0,0,0,381.0,1
9.5,5,1372,0,0,1,2451.0,1
201.21,1,357,0,0,1,6227.0,0
10.36,3,633,0,0,0,298.0,1
153.32,6,1195,0,0,0,572.0,1
168.46,4,198,0,0,0,3476.0,0
18.34,6,1193,1,0,0,656.0,1
36.2,0,157,0,0,0,1048.0,1
18.07,3,1348,0,0,0,2427.0,0
44.04,5,1234,1,0,0,242.0,0
40.12,3,1220,0,0,1,1348.0,1
119.06,4,270,0,0,0,209.0,1
202.41,1,62,0,0,0,656.0,1
220.45,7,498,0,0,0,487.0,1
31.12,2,738,0,0,0,2358.0,1
44.29,4,117,0,0,1,294.0,1
10.14,4,915,0,1,0,1952.0,1
24.39,1,1437,0,0,1,1543.0,1
143.29,3,982,0,1,1,2028.0,1
274.67,3,718,0,0,0,3766.0,0
15.89,6,868,0,0,1,1375.0,1
30.19,4,301,0,0,0,2295.0,1
53.18,3,327,0,0,1,2938.0,0
72.25,3,1339,0,0,1,2141.0,1
24.3,3,950,0,0,0,692.0,1
83.43,3,733,1,1,1,5861.0,1
33.99,4,522,0,0,0,113.0,1
53.81,3,1301,0,0,0,838.0,0
94.28,1,1028,0,0,1,3100.0,0
54.95,4,181,0,0,0,775.0,1
35.29,5,1109,1,0,0,1421.0,0
48.93,5,486,1,0,0,260.0,0
49.98,3,532,0,0,0,3499.0,0
37.71,3,1223,0,0,0,4817.0,0
42.15,5,711,0,0,1,7446.0,0
270.06,3,96,1,0,0,144.0,1
95.67,2,1120,0,0,0,400.0,1
40.63,3,790,0,0,1,1230.0,0
109.61,1,89,0,0,0,573.0,0
39.1,4,947,0,0,0,1852.0,1
176.47,5,923,0,0,0,3361.0,1
79.02,3,524,0,0,1,245.0,1
49.04,3,28,0,0,0,6.0,0
85.43,1,275,0,0,1,9130.0,0
11.35,2,555,0,1,1,1078.0,0
17.69,2,465,0,0,0,128.0,1
16.54,6,99,0,0,1,1598.0,1
62.99,5,655,0,0,2,2519.0,1
308.74,4,453,0,0,0,2908.0,0
508.42,6,292,0,0,0,1516.0,1
103.34,4,1018,0,0,0,2048.0,0
90.09,1,301,1,0,0,1164.0,0
9.02,6,174,0,0,1,1740.0,0
31.73,2,1210,0,0,0,5450.0,0
24.83,2,30,1,0,0,7891.0,0
29.35,3,251,0,0,1,1778.0,1
46.15,5,621,0,1,0,1578.0,0
34.05,3,1464,0,0,1,763.0,0
7.54,3,1237,1,0,0,705.0,1
115.34,1,344,0,0,1,4650.0,1
18.68,2,1061,1,0,1,1969.0,0
69.36,3,1003,0,0,0,1104.0,0
434.45,1,346,0,0,0,1974.0,0
21.77,1,1121,0,0,0,232.0,0
4.35,4,536,0,1,0,5170.0,1
41.02,2,1349,0,0,2,1330.0,1
164.18,4,344,0,0,0,732.0,0
386.97,4,867,0,0,1,24.0,1
15.97,1,86,0,0,2,2035.0,1
89.72,3,1185,0,0,0,6286.0,1
34.28,3,1041,0,0,0,1472.0,0
49.11,1,244,0,1,0,728.0,1
768.43,3,780,0,0,0,975.0,1
12.15,2,1242,0,0,1,1514.0,1
70.37,5,6,0,0,0,2101.0,0
87.16,5,963,0,0,0,365.0,1
161.71,6,381,0,0,1,4923.0,1
60.22,3,779,0,0,0,963.0,0
74.3,2,1259,0,0,0,1763.0,1
36.91,1,1408,1,0,0,4363.0,1
71.46,2,124,0,1,1,1554.0,1
38.74,1,1084,0,0,2,2071.0,1
101.65,3,501,0,0,1,1805.0,1
37.73,4,10,0,0,2,513.0,1
79.61,4,971,1,0,1,5932.0,0
53.02,1,596,1,0,0,1151.0,1
168.35,1,1450,0,0,1,186.0,1
51.86,5,1171,0,0,0,11174.0,0
9.27,3,457,0,0,2,1890.0,1
192.85,0,612,0,0,1,1688.0,0
22.07,8,727,0,0,1,4471.0,1
28.4,2,597,0,0,0,1405.0,0
30.09,5,1029,0,0,0,804.0,1
215.82,3,287,0,0,1,346.0,1
6.45,2,207,0,0,1,2995.0,1
1258.59,7,550,1,0,0,724.0,1
156.97,0,1280,0,0,3,1308.0,1
68.25,3,692,0,0,0,1280.0,0
51.68,4,911,0,0,0,2427.0,0
72.64,4,1043,0,0,0,2075.0,0
91.94,4,1187,0,0,0,992.0,0
104.09,8,714,0,0,0,999.0,1
95.16,4,882,1,0,0,567.0,1
59.71,2,600,0,0,2,750.0,0
44.82,1,1199,0,1,1,2237.0,1
46.93,2,952,1,0,0,1487.0,0
44.93,0,243,0,1,1,94.0,1
169.66,4,660,0,0,1,1277.0,1
98.85,3,997,0,0,1,5584.0,0
2.89,1,971,0,0,1,208.0,0
105.2,3,651,0,0,0,199.0,1
66.34,6,886,0,0,0,1983.0,0
53.59,4,103,1,0,1,5695.0,1
37.02,1,770,0,0,0,49.0,1
168.02,1,1270,0,0,0,760.0,0
140.83,3,148,0,0,0,125.0,1
25.21,3,819,1,0,1,556.0,1
82.03,7,1010,0,0,0,1455.0,1
20.66,5,670,0,1,0,1051.0,1
13.74,7,1200,0,0,0,813.0,1
29.17,3,769,0,0,0,426.0,1
129.33,2,419,0,1,0,1739.0,0
141.62,4,777,0,0,0,1543.0,1
91.2,2,1137,0,0,0,1958.0,0
112.74,6,1192,1,0,0,2837.0,1
91.49,3,533,0,0,1,2353.0,0
28.75,1,1104,0,0,1,5675.0,0
84.09,2,908,0,0,1,334.0,1
121.56,6,228,0,0,0,5444.0,0
116.08,4,1061,1,0,0,340.0,1
179.27,3,1351,0,0,0,3331.0,0
110.86,4,990,0,0,1,2796.0,1
77.59,3,1176,0,0,0,1974.0,0
159.2,4,178,0,0,0,2205.0,0
53.17,2,1206,0,0,0,2117.0,1
22.6,7,468,0,0,0,1359.0,1
46.38,3,622,0,0,0,60.0,1
25.92,4,1133,0,0,2,1560.0,0
27.79,6,156,0,0,0,887.0,0
47.25,4,260,0,0,0,572.0,0
24.72,2,396,0,0,0,1212.0,1
40.13,6,933,0,1,0,3392.0,1
8.22,2,260,1,0,0,1554.0,1
67.58,3,271,0,0,0,6022.0,0
54.66,2,412,0,0,1,982.0,1
24.12,4,1061,0,0,0,332.0,1
105.56,6,393,1,0,2,680.0,1
139.43,2,1248,0,0,1,281.0,0
10.94,2,195,0,1,1,2079.0,1
25.46,6,367,0,0,1,313.0,1
25.3,2,894,0,0,0,1315.0,0
21.33,1,594,1,0,0,4625.0,1
125.15,6,562,1,0,0,1024.0,0
44.98,4,1102,0,0,0,928.0,1
41.91,4,537,0,1,2,409.0,1
7.36,2,572,0,0,1,2523.0,0
103.07,1,308,1,0,0,653.0,0
15.81,4,582,0,0,1,8363.0,0
57.97,5,666,0,0,0,328.0,1
72.05,5,560,0,0,1,4.0,1
212.87,2,566,0,0,1,1395.0,0
14.75,2,1396,0,0,1,128.0,0
2.67,3,1409,0,0,0,831.0,1
65.62,7,1138,1,0,0,1082.0,1
330.47,3,277,0,0,0,514.0,1
188.47,5,462,0,0,2,6880.0,1
67.33,4,622,0,0,1,761.0,1
33.39,2,1096,1,0,1,281.0,1
122.38,0,1433,0,0,0,68.0,1
20.62,4,15,0,0,0,666.0,0
87.91,0,42,1,0,1,3097.0,1
90.51,1,20,0,0,2,508.0,1
157.62,1,1040,0,0,1,1644.0,1
862.35,6,647,1,0,0,8137.0,0
80.84,2,607,1,1,1,758.0,1
32.82,7,93,1,0,1,1723.0,1
53.22,4,81,0,0,0,1647.0,1
9.31,6,1102,0,0,1,1624.0,1
27.26,5,658,0,0,1,5519.0,0
36.26,1,495,0,0,0,2775.0,0
32.33,4,26,1,0,0,16.0,1
63.58,3,656,1,0,0,51.0,0
23.99,5,456,1,0,1,74.0,1
167.51,1,1101,0,0,0,816.0,1
54.61,3,314,0,0,2,1042.0,1
54.09,5,352,1,0,0,2963.0,1
39.33,3,923,0,0,1,1821.0,1
63.76,0,1225,0,0,0,19145.0,0
124.6,2,303,0,0,1,2844.0,0
22.94,2,327,0,0,2,3721.0,0
28.27,3,123,1,0,0,362.0,1
40.3,4,178,0,1,0,1846.0,1
14.21,4,1326,0,1,0,290.0,1
24.06,3,1032,1,0,0,2023.0,0
33.91,0,2,1,0,0,2986.0,0
130.89,2,1170,0,0,2,643.0,1
70.99,2,548,0,0,0,329.0,0
66.26,9,631,1,0,0,488.0,1
127.86,3,482,1,0,0,2998.0,1
47.59,5,1066,0,1,0,1426.0,0
80.68,3,1382,0,0,0,1384.0,1
49.24,4,571,0,0,1,1548.0,1
71.19,2,692,0,0,0,1220.0,1
30.49,0,221,1,0,0,3583.0,1
4.76,1,49,0,0,1,1275.0,1
47.74,0,952,1,0,0,1631.0,1
226.5,2,360,0,0,0,7023.0,0
137.86,5,1478,0,0,0,1094.0,1
143.37,3,752,0,0,1,373.0,0
187.94,3,640,0,0,0,1490.0,0
59.66,2,1052,0,1,1,2195.0,0
66.51,1,93,0,0,0,241.0,0
29.44,3,691,0,0,0,318.0,1
39.8,2,1241,0,0,3,44.0,0
101.07,2,539,1,0,1,2455.0,1
181.98,3,639,1,0,1,406.0,1
47.49,1,98,0,0,0,4164.0,0
34.81,0,1332,0,0,1,1304.0,0
54.63,3,418,0,0,0,5591.0,0
99.6,3,300,0,0,0,869.0,0
12.89,5,560,0,1,1,5615.0,1
5.49,2,1378,0,0,1,6840.0,0
31.48,3,784,0,0,1,251.0,1
16.11,3,815,0,0,0,240.0,0
32.85,2,110,0,0,0,991.0,0
47.1,6,527,0,0,1,962.0,1
34.7,5,504,0,0,2,1889.0,1
233.33,3,1126,1,0,1,215.0,1
75.7,1,606,1,0,0,2541.0,1
73.73,3,1208,0,1,0,459.0,1
101.72,4,219,0,0,1,294.0,1
17.48,2,129,0,0,0,2848.0,0
154.33,2,1344,0,0,0,151.0,1
50.61,3,604,0,0,0,2238.0,1
106.75,2,555,0,0,0,212.0,0
18.69,1,782,0,1,0,2425.0,1
11.54,1,482,1,0,0,2814.0,1
123.7,3,248,0,0,1,1582.0,1
79.55,3,944,0,0,0,780.0,0
22.15,3,1092,1,0,0,485.0,1
22.88,0,1294,0,0,0,2979.0,0
168.25,4,92,0,0,1,203.0,0
16.62,3,529,0,0,0,6602.0,0
282.22,5,1416,0,0,1,2718.0,0
22.18,8,514,0,0,0,2110.0,1
103.38,3,440,0,0,0,8058.0,0
39.31,2,833,0,0,0,2101.0,0
99.8,5,439,0,0,1,198.0,1
31.69,3,631,0,0,0,701.0,1
46.4,0,1221,0,0,0,1585.0,0
56.88,4,1379,1,1,3,1542.0,1
20.04,1,1238,0,0,1,18.0,0
114.53,1,1131,0,1,0,542.0,1
32.68,2,1232,1,0,0,2399.0,1
43.44,1,629,0,0,1,1940.0,0
20.2,3,969,0,0,0,4101.0,1
4.21,5,932,0,0,1,5803.0,0
45.1,4,1033,0,1,0,3666.0,1
609.49,3,142,0,0,0,1450.0,0
119.65,3,1436,0,0,2,1409.0,1
53.56,4,1118,0,1,1,830.0,1
41.98,3,925,0,0,0,4123.0,0
55.84,3,705,0,0,0,3196.0,1
94.36,2,924,0,0,0,2717.0,1
16.76,3,1366,0,0,1,2713.0,1
166.39,4,288,0,0,1,3401.0,1
111.65,2,267,0,1,0,4522.0,1
111.96,8,927,0,0,0,3097.0,1
84.65,2,225,1,0,0,3038.0,1
55.68,1,965,1,0,2,1944.0,1
107.0,8,169,0,0,3,1103.0,1
98.67,2,323,0,0,0,1441.0,0
38.32,3,95,1,0,0,1380.0,1
30.77,1,362,1,0,0,3129.0,1
60.45,3,959,0,0,0,557.0,1
256.99,6,1488,0,0,1,812.0,1
15.81,3,670,0,1,0,1466.0,1
12.58,2,511,0,0,1,7554.0,0
64.38,2,267,0,0,1,1210.0,1
57.45,2,1350,0,1,1,243.0,0
64.93,4,800,0,0,1,2018.0,1
69.68,3,133,0,0,0,1724.0,1
43.68,1,1386,0,0,0,3374.0,0
242.22,5,349,0,0,1,3474.0,0
11.01,2,547,0,0,2,540.0,0
23.84,3,763,0,0,1,84.0,0
49.24,3,268,0,0,2,2767.0,0
10.56,5,1006,0,0,1,1902.0,1
45.79,4,1068,0,0,2,274.0,0
287.57,6,1302,0,0,0,7625.0,0
55.75,4,1163,0,0,0,4685.0,0
68.77,1,1335,0,0,0,2312.0,1
15.48,4,1261,0,0,0,99.0,0
29.48,2,266,0,1,0,432.0,1
37.52,2,170,0,1,2,706.0,1
39.74,5,1240,0,0,0,104.0,1
196.69,2,117,0,0,0,3162.0,0
95.36,2,1262,0,0,0,143.0,0
17.97,1,1280,0,0,0,414.0,1
69.86,4,434,0,0,0,691.0,0
89.86,2,1440,0,0,0,726.0,1
170.74,4,88,0,0,0,554.0,1
265.21,0,964,1,0,0,6920.0,0
19.78,3,234,1,0,0,5831.0,0
24.27,6,609,1,0,2,1743.0,0
15.52,3,530,0,0,0,241.0,1
43.21,1,1135,0,0,0,2208.0,0
87.04,4,238,0,0,0,6672.0,0
146.55,0,364,0,0,2,11517.0,0
50.6,2,409,0,0,1,1726.0,1
39.65,4,1311,0,0,1,376.0,1
63.55,1,1003,0,0,0,3207.0,0
23.69,3,218,1,0,0,1755.0,0
441.22,5,403,0,0,0,1083.0,0
10.94,2,1246,0,1,2,292.0,1
65.68,1,345,0,0,0,493.0,1
413.07,5,484,0,0,1,1556.0,1
54.97,1,113,1,1,1,544.0,1
45.15,2,1042,0,0,1,1170.0,0
38.19,2,1476,0,1,0,2263.0,1
45.59,2,219,0,0,1,7868.0,0
215.48,2,161,0,0,0,81.0,0
5.98,1,1094,0,0,1,2868.0,1
253.01,2,1031,0,0,1,246.0,1
13.15,3,1025,0,0,0,5173.0,1
41.82,3,99,0,0,0,2645.0,0
35.54,0,599,0,0,0,913.0,0
98.35,5,315,0,0,0,1294.0,0
11.04,7,1058,0,0,0,2033.0,1
86.68,3,226,0,0,0,1482.0,1
413.36,1,479,0,0,0,7046.0,0
13.97,3,491,0,0,0,11862.0,0
66.0,1,223,1,1,1,106.0,1
28.16,3,520,0,1,2,2343.0,1
83.59,3,243,0,0,0,2472.0,1
55.65,1,88,0,0,1,2810.0,1
28.75,5,983,0,0,1,4482.0,1
88.93,4,480,0,0,1,1620.0,0
331.74,0,309,0,0,2,529.0,1
45.11,3,655,0,0,1,2005.0,0
112.14,1,540,0,0,0,702.0,0
14.98,11,1492,0,0,0,755.0,1
20.98,0,1166,1,0,0,1709.0,1
87.57,4,90,0,0,2,614.0,1
240.84,3,1010,0,0,1,2134.0,0
77.91,3,313,0,1,1,3453.0,0
39.92,0,180,0,0,0,7618.0,0
54.56,1,549,0,1,0,332.0,0
15.64,4,2,0,0,0,1094.0,1
99.93,7,1058,0,0,0,2429.0,1
131.94,1,1338,0,0,0,1550.0,0
34.74,0,226,0,0,0,120.0,0
34.12,2,957,0,0,1,770.0,1
71.23,4,364,0,0,2,2841.0,1
35.28,2,885,0,0,1,1222.0,1
51.1,3,950,0,1,0,2134.0,1
445.73,3,116,0,0,1,1842.0,0
42.65,1,114,0,0,0,5167.0,0
38.16,3,595,0,0,0,3516.0,0
28.57,2,479,0,0,0,758.0,1
114.91,4,720,0,0,2,1239.0,0
45.55,4,107,0,0,0,1165.0,0
28.52,2,315,0,0,0,589.0,1
204.65,1,1176,0,0,1,1747.0,0
225.79,3,1184,0,0,0,543.0,1
29.95,2,75,0,0,1,313.0,1
8.44,5,1373,0,0,0,210.0,0
149.53,3,682,0,0,0,608.0,1
27.53,3,187,0,1,1,1154.0,1
120.38,7,339,0,0,0,221.0,1
7.61,4,1413,0,0,1,2027.0,0
133.3,2,1193,0,0,1,3676.0,0
16.26,4,825,0,1,0,1003.0,0
113.38,3,53,0,0,0,3718.0,0
55.38,3,257,0,0,5,295.0,1
21.03,6,1246,0,0,1,145.0,1
36.34,2,46,1,0,0,3026.0,1
108.45,0,1284,0,0,1,6623.0,0
60.7,3,15,0,0,0,750.0,1
97.95,3,849,0,0,2,1928.0,1
394.04,1,628,0,0,0,1913.0,1
11.42,3,12,0,0,0,2082.0,0
275.12,0,1,1,1,2,1529.0,1
60.6,2,77,0,0,0,533.0,0
22.22,4,542,0,0,2,152.0,1
14.44,6,996,0,0,0,25.0,0
45.19,3,902,0,0,1,358.0,1
137.23,3,841,0,0,1,230.0,1
48.06,0,50,0,0,0,70.0,1
247.44,7,1030,0,0,1,171.0,1
12.79,3,75,0,0,1,90.0,1
53.94,4,346,0,0,0,1430.0,0
15.61,5,333,0,0,0,106.0,1
78.54,2,678,0,0,2,10026.0,0
132.54,0,844,0,0,0,1254.0,0
35.85,1,851,0,0,0,4165.0,0
4.04,1,1298,0,0,2,1204.0,0
66.62,2,268,0,0,1,263.0,1
84.5,2,1332,0,0,0,3306.0,0
81.8,3,756,0,0,1,489.0,0
187.88,2,599,1,0,0,74.0,1
18.71,3,612,0,0,2,382.0,1
107.79,3,698,0,0,0,1647.0,1
179.92,6,1246,0,0,0,1027.0,1
9.22,4,278,0,0,0,317.0,0
75.16,4,1382,0,0,3,1371.0,0
32.98,1,685,0,0,0,5506.0,1
50.32,0,318,0,0,0,2334.0,1
77.3,4,1066,0,0,1,129.0,1
33.54,2,1091,0,0,0,694.0,1
27.78,7,905,1,0,0,2122.0,1
56.5,3,1216,0,0,0,272.0,1
18.41,1,143,0,0,0,1392.0,1
18.43,1,154,0,0,0,1422.0,0
107.7,4,1118,0,0,0,167.0,0
17.31,3,1221,0,0,0,1677.0,0
106.31,4,378,0,0,0,4146.0,1
86.71,3,1407,0,0,1,1899.0,0
9.72,2,761,0,0,0,4447.0,1
27.73,0,534,1,0,1,1711.0,1
180.21,1,637,0,0,0,2508.0,0
20.47,3,826,0,0,0,4016.0,1
34.32,3,693,0,0,0,1120.0,1
86.67,3,787,0,0,0,310.0,0
119.51,1,162,0,0,0,229.0,1
42.46,6,466,0,0,0,5523.0,1
30.04,2,1422,1,0,0,1425.0,1
226.42,2,278,0,0,1,2069.0,0
310.72,5,472,0,0,0,1703.0,1
145.31,4,141,0,0,0,1498.0,0
59.46,4,810,0,0,0,1475.0,1
24.33,2,1271,1,0,1,1153.0,1
23.8,8,834,0,0,0,3884.0,1
92.07,5,703,0,0,0,232.0,0
82.96,5,170,1,0,0,2265.0,1
221.76,7,219,0,0,0,2055.0,1
104.63,2,34,0,0,0,116.0,1
12.15,2,285,0,0,1,440.0,1
156.33,3,1434,0,0,0,2790.0,0
20.12,6,1431,0,0,1,479.0,0
37.19,2,1060,1,0,0,1552.0,1
70.12,6,1398,0,0,0,157.0,0
401.68,6,265,0,0,0,454.0,1
1224.05,4,853,0,0,0,3987.0,0
100.16,5,1322,1,0,1,808.0,1
45.46,4,7,1,0,0,2951.0,1
93.18,2,23,0,0,1,1172.0,1
132.64,2,1440,0,0,0,700.0,0
39.62,6,535,0,0,0,1505.0,1
328.72,5,1296,0,0,0,1374.0,1
68.72,2,69,0,0,0,7533.0,0
89.81,2,13,0,0,1,760.0,1
106.26,4,1290,0,0,1,1909.0,0
83.23,3,258,0,0,0,2105.0,1
126.34,3,720,1,0,0,1772.0,1
29.45,6,948,0,0,1,1174.0,0
31.24,3,1299,0,0,1,2754.0,0
18.17,4,1121,0,0,0,2631.0,1
84.73,4,1052,1,0,0,5751.0,0
118.98,4,645,0,0,0,6787.0,0
86.3,4,414,0,0,1,436.0,1
291.34,5,1128,0,0,0,1913.0,1
54.29,0,1066,1,0,0,3494.0,1
106.56,3,665,0,1,1,5901.0,1
18.33,1,1315,0,0,2,277.0,1
37.07,3,736,1,0,1,5360.0,1
109.46,10,1063,0,0,1,460.0,0
127.63,3,440,0,0,1,1529.0,0
40.69,3,1062,0,0,3,1912.0,0
50.83,2,109,0,0,0,3809.0,0
11.97,2,430,1,0,1,2930.0,1
38.21,1,1445,0,0,0,4907.0,0
133.0,4,346,1,0,1,2787.0,0
97.05,4,381,0,0,0,744.0,1
90.08,5,574,0,0,0,355.0,1
57.38,6,1054,1,0,0,305.0,1
54.99,2,775,1,0,0,165.0,1
28.21,2,158,0,0,0,4849.0,0
109.82,2,1185,0,0,0,1199.0,0
83.18,2,1392,0,0,2,6053.0,0
89.3,1,1383,0,0,1,2684.0,0
32.26,2,623,1,0,0,5534.0,0
6.34,4,550,0,0,1,3653.0,0
163.56,4,724,0,1,2,1576.0,1
33.82,3,1427,0,0,1,461.0,1
23.04,2,649,0,0,0,528.0,0
109.23,2,670,0,1,0,836.0,1
36.89,2,134,0,1,0,44.0,1
157.58,1,701,0,0,1,1978.0,0
101.19,2,591,0,0,0,1458.0,1
108.16,3,1276,0,0,0,192.0,0
13.93,2,206,0,0,1,3136.0,1
183.45,3,148,0,0,0,3114.0,0
70.9,5,508,0,0,0,227.0,0
37.74,5,530,1,0,3,410.0,1
63.02,1,191,0,0,0,519.0,1
9.24,3,1209,0,0,0,1342.0,1
82.16,6,406,0,0,1,5218.0,0
19.5,3,1241,1,0,1,1970.0,1
14.12,3,88,0,0,0,2057.0,1
11.91,1,607,0,0,1,620.0,0
166.12,2,1457,0,0,0,1761.0,0
29.1,0,274,1,0,0,427.0,1
253.09,2,994,1,1,1,2235.0,1
31.95,4,61,0,0,0,482.0,1
9.9,5,82,0,0,0,25.0,0
17.88,6,1102,0,0,2,1335.0,0
187.88,6,1345,0,0,0,637.0,0
46.72,6,884,0,0,0,1785.0,0
31.55,3,536,0,0,0,2467.0,1
64.07,3,672,0,0,0,3026.0,1
90.18,5,1290,1,0,0,7180.0,1
166.9,2,1063,0,0,1,1460.0,1
232.41,4,899,0,0,0,1186.0,1
38.1,4,108,0,0,1,507.0,1
14.5,4,1287,0,0,1,2473.0,1
36.11,5,1022,0,0,0,1186.0,1
70.83,4,396,0,0,1,713.0,0
20.83,6,1303,1,0,0,1018.0,0
20.96,3,959,1,0,0,833.0,1
77.0,0,529,0,0,0,6912.0,0
52.01,2,334,0,0,0,462.0,0
56.42,5,227,0,0,0,964.0,1
25.57,1,1216,0,0,0,661.0,1
43.36,2,321,0,0,0,339.0,1
21.67,7,342,1,0,0,641.0,1
132.98,2,1052,1,0,1,1210.0,0
153.74,5,1338,0,1,0,1798.0,1
8.62,4,1239,0,0,0,1727.0,0
21.55,2,18,0,1,0,2666.0,1
12.22,2,1134,0,0,0,133.0,0
28.5,1,633,1,0,1,679.0,1
50.23,0,493,0,0,1,783.0,1
12.81,2,812,0,0,0,2121.0,0
21.72,3,270,1,0,0,419.0,1
20.01,3,999,0,0,0,434.0,1
67.17,2,135,0,0,0,180.0,0
58.52,3,512,0,0,0,1372.0,1
26.53,2,401,0,0,1,2335.0,1
65.16,5,1107,0,0,1,2153.0,1
31.61,2,645,0,0,3,2444.0,1
41.61,3,79,1,1,0,334.0,1
291.04,1,1332,0,0,0,1590.0,0
208.61,4,621,0,0,0,176.0,0
14.89,0,1050,0,0,0,6123.0,0
125.18,1,167,0,0,1,200.0,1
122.9,6,685,0,0,1,3781.0,1
17.32,3,845,1,0,1,70.0,1
123.81,4,461,0,0,0,1363.0,0
254.15,5,1175,0,0,0,3448.0,1
17.77,8,1064,0,0,0,1812.0,1
21.81,7,800,1,0,0,1226.0,1
151.06,3,772,0,0,1,245.0,1
71.63,3,1364,0,0,0,1938.0,1
94.77,1,174,0,1,0,1660.0,0
76.75,7,587,0,0,1,1105.0,1
80.7,8,554,0,0,0,482.0,1
14.49,1,1121,0,0,0,447.0,1
155.6,5,167,0,0,1,6313.0,0
175.84,3,198,0,0,0,6037.0,0
43.41,5,440,0,1,1,4975.0,1
52.28,2,559,0,1,1,1306.0,0
11.81,3,514,0,0,0,8003.0,1
91.31,4,1126,0,0,0,635.0,0
96.74,6,1206,0,0,0,1002.0,1
51.31,1,856,1,0,1,345.0,1
168.07,7,414,0,0,0,1123.0,1
39.09,3,491,1,0,0,368.0,1
96.02,4,1240,0,0,1,123.0,1
19.69,6,542,0,1,0,18.0,1
53.33,2,251,0,1,0,856.0,1
45.86,0,753,1,0,0,4102.0,0
68.4,1,684,0,0,1,1035.0,0
37.73,4,245,0,0,0,1867.0,0
47.87,3,1229,1,0,2,3066.0,1
124.72,3,488,0,0,1,1449.0,0
35.28,4,36,1,0,0,1491.0,1
10.95,5,1123,0,0,0,1337.0,1
314.06,1,369,0,0,0,241.0,0
217.34,7,959,1,0,0,1817.0,1
15.0,6,258,0,0,0,2312.0,1
108.82,2,501,0,0,1,1.0,0
33.02,3,654,0,0,1,157.0,1
71.06,4,720,0,0,1,1404.0,0
73.28,1,1128,0,0,0,3287.0,0
43.19,4,479,0,0,0,1371.0,1
24.93,7,240,0,0,0,1026.0,1
27.37,1,368,0,0,1,4970.0,0
21.84,3,1315,0,0,1,143.0,1
23.76,1,982,0,0,0,268.0,0
51.05,4,149,0,0,1,2080.0,0
26.69,4,732,0,1,2,207.0,1
107.99,2,401,1,0,0,261.0,1
241.59,6,594,0,0,0,3699.0,1
30.57,3,288,0,0,0,425.0,1
69.37,4,134,0,0,0,1753.0,1
89.99,2,1478,0,0,0,910.0,0
87.53,5,225,0,0,0,265.0,1
58.91,3,637,0,0,1,878.0,1
114.74,4,608,0,0,0,969.0,1
88.43,3,849,0,0,1,1783.0,0
15.84,3,900,0,0,0,300.0,1
130.21,6,826,0,0,0,69.0,0
132.59,1,918,0,0,0,1676.0,0
25.45,4,411,0,0,1,122.0,1
56.71,1,374,0,0,0,301.0,1
108.13,1,85,0,0,1,7179.0,0
44.29,4,84,0,0,1,41.0,1
159.65,3,482,0,0,0,1850.0,0
580.49,1,1367,1,0,0,269.0,1
24.88,2,272,0,0,0,3098.0,1
13.72,2,6,0,0,0,1569.0,0
73.98,2,1488,1,1,0,1151.0,1
112.34,3,519,0,0,1,1110.0,1
43.34,4,14,0,0,0,2001.0,0
233.52,7,1027,0,1,0,3284.0,1
14.32,2,817,0,0,0,13.0,0
109.17,7,487,0,0,0,37.0,1
29.79,0,797,0,0,0,573.0,0
304.72,3,1412,1,0,0,2413.0,1
400.42,6,487,0,0,0,388.0,1
25.36,2,1192,0,0,0,940.0,0
31.51,1,937,0,0,0,1275.0,0
128.97,2,406,0,0,0,840.0,1
37.07,6,463,1,0,0,1125.0,1
52.17,3,132,0,0,0,2886.0,0
56.0,2,506,0,0,1,469.0,0
8.01,6,633,0,0,0,712.0,1
53.85,3,236,0,0,0,1346.0,1
27.39,1,23,0,0,0,3606.0,0
33.34,3,614,0,0,0,413.0,0
231.28,4,1156,0,0,2,1339.0,1
15.54,5,452,1,0,2,3754.0,1
123.13,5,274,0,0,0,215.0,0
41.31,1,1025,0,0,1,2301.0,0
41.27,2,661,0,0,0,456.0,1
120.35,7,166,0,0,2,343.0,1
76.71,3,410,1,0,0,485.0,1
96.6,3,297,0,0,0,1258.0,1
143.77,2,1117,0,0,0,1665.0,1
39.2,2,937,0,0,0,389.0,1
29.6,2,1003,0,1,0,214.0,1
18.45,4,96,0,0,1,1085.0,1
23.92,6,571,0,0,0,106.0,1
1042.21,10,900,0,0,0,1394.0,1
189.56,3,141,0,0,0,2067.0,1
14.14,3,1341,0,0,1,5247.0,1
14.55,2,563,0,0,1,278.0,0
88.4,2,1014,0,1,0,1022.0,0
94.37,6,767,0,0,0,534.0,1
94.53,1,833,0,0,1,442.0,1
42.31,4,1329,0,0,1,1319.0,1
48.16,6,177,0,1,0,279.0,1
75.78,2,615,0,0,1,28.0,0
59.5,3,654,1,0,1,318.0,1
5.93,1,421,0,0,1,736.0,1
43.39,5,30,0,1,1,20.0,1
23.3,1,142,0,0,0,3503.0,0
65.05,3,223,0,0,0,1577.0,1
1080.59,3,860,0,0,0,50.0,0
78.84,4,830,1,0,0,467.0,1
39.9,2,511,0,1,0,1965.0,0
137.25,2,1027,1,0,0,55.0,1
88.47,4,1478,0,0,0,852.0,0
83.1,0,1299,1,0,1,183.0,1
100.17,3,1385,1,0,0,894.0,1
426.9,3,98,0,0,0,6197.0,0
17.62,7,988,0,0,0,1093.0,0
87.67,3,460,0,0,0,1712.0,0
21.62,2,1152,1,0,2,945.0,1
95.16,2,1191,0,0,0,681.0,0
21.79,1,266,0,0,0,1698.0,1
35.97,1,1012,1,0,0,1745.0,1
40.65,3,943,0,0,2,1720.0,0
144.87,2,384,0,0,0,49.0,0
136.79,3,151,0,0,1,2146.0,1
15.71,6,1272,1,0,0,2028.0,1
57.68,2,571,1,0,1,131.0,1
26.85,3,218,0,0,2,380.0,1
15.51,2,595,0,0,2,1322.0,0
43.95,3,1126,0,0,1,806.0,1
40.11,1,941,0,1,0,1545.0,0
618.14,1,756,0,0,0,2572.0,0
84.18,1,300,0,0,0,1430.0,1
13.77,1,1072,0,0,1,1106.0,1
31.04,3,331,0,0,1,551.0,1
151.62,6,762,0,0,0,1720.0,1
440.73,5,1259,0,0,0,3160.0,1
11.18,3,513,0,0,1,548.0,1
8.33,3,928,0,0,0,2793.0,0
354.59,4,97,0,0,1,973.0,1
80.61,2,1375,0,0,1,214.0,0
22.91,3,90,0,0,0,4347.0,0
93.19,5,1223,0,0,1,2060.0,1
3.91,6,1124,0,1,2,3310.0,1
54.78,1,1454,0,0,0,1915.0,0
75.78,4,152,0,0,1,237.0,1
137.59,3,726,0,0,1,1404.0,1
19.81,4,108,0,1,1,1807.0,1
59.48,2,164,0,0,0,545.0,1
21.64,5,451,0,0,0,1794.0,1
70.48,1,818,0,0,1,1506.0,0
22.3,4,248,0,0,0,39.0,1
36.3,5,955,0,0,0,3855.0,1
20.17,1,485,0,0,1,1374.0,1
104.7,1,442,1,0,0,1580.0,0
128.82,4,500,0,0,0,295.0,1
43.18,1,985,0,0,0,2933.0,0
56.73,4,279,0,0,0,1365.0,1
12.83,3,524,1,1,0,167.0,1
40.46,4,1210,0,0,0,2173.0,1
51.92,5,829,0,0,0,1208.0,1
750.54,4,488,0,0,0,733.0,1
17.96,3,224,0,0,0,4582.0,0
236.08,5,985,1,0,2,3099.0,1
147.95,6,862,0,0,1,79.0,1
72.29,4,101,0,0,0,2159.0,0
316.91,2,766,0,0,1,340.0,0
79.21,1,1298,0,0,0,30.0,0
80.57,1,675,0,0,1,444.0,0
51.77,1,432,0,0,0,88.0,0
185.6,2,549,0,0,2,1830.0,1
163.44,2,390,0,0,0,2550.0,0
29.2,3,211,0,0,0,353.0,0
14.6,5,1110,1,0,1,423.0,1
44.57,4,763,0,0,0,259.0,1
24.53,2,208,0,0,0,1487.0,0
51.24,4,986,0,1,1,1210.0,1
188.19,3,1319,1,0,0,11.0,1
34.56,1,772,1,0,1,831.0,1
52.31,2,912,1,0,2,166.0,1
57.86,1,625,0,0,1,1557.0,1
127.54,3,1299,0,1,0,1156.0,0
5.77,4,1401,0,0,1,1105.0,0
29.76,7,785,0,0,0,2391.0,0
67.44,4,1197,0,0,0,1107.0,1
181.29,2,1154,0,0,1,1199.0,0
33.38,2,600,0,0,0,1803.0,0
8.36,3,567,0,0,0,646.0,1
101.46,3,859,0,0,0,4988.0,1
28.92,1,4,1,0,0,595.0,1
16.62,3,496,0,0,0,4411.0,0
29.24,3,379,0,0,0,3025.0,0
45.4,3,356,1,0,0,4261.0,0
29.82,3,468,0,0,0,364.0,1
6.02,3,1420,0,0,0,473.0,0
133.9,5,438,0,0,0,3389.0,0
195.37,3,828,0,0,2,5671.0,0
104.74,2,701,0,0,0,2519.0,0
17.5,4,1012,1,0,0,1829.0,1
44.63,3,46,0,0,1,2984.0,1
54.24,1,609,0,0,0,76.0,1
99.36,1,49,0,0,0,3468.0,0
106.52,4,120,0,0,0,594.0,0
26.2,3,1098,0,0,0,105.0,0
59.26,2,1432,0,0,0,2060.0,0
86.25,5,273,0,0,0,2515.0,0
234.12,7,1024,0,0,3,1776.0,1
110.44,1,1018,1,0,1,776.0,0
120.19,4,1131,0,0,0,224.0,1
59.37,2,184,0,0,1,2638.0,1
223.73,3,345,0,0,1,87.0,0
82.25,2,820,1,0,0,2567.0,1
23.08,0,1363,0,0,0,5683.0,0
222.15,3,459,0,0,0,10348.0,0
109.72,4,225,0,0,1,908.0,1
35.06,0,690,0,0,3,207.0,1
33.8,0,375,0,0,1,179.0,1
73.45,1,911,0,0,1,1217.0,0
86.76,3,1080,0,0,0,2824.0,0
66.51,1,240,0,0,0,88.0,0
74.54,2,1299,0,0,1,332.0,1
298.85,5,838,0,0,0,1599.0,0
159.42,3,924,0,0,1,161.0,1
66.06,5,1430,0,0,0,3793.0,0
139.95,3,668,0,0,0,1259.0,0
19.44,5,1138,0,0,0,880.0,0
81.28,4,114,0,0,0,24.0,1
333.39,7,1001,0,0,0,216.0,1
43.9,2,1456,0,0,2,3164.0,0
23.39,4,1395,0,0,0,2161.0,0
28.44,2,1111,0,0,1,37.0,1
18.36,3,1470,0,0,1,6568.0,0
24.91,2,605,0,0,1,784.0,0
37.69,1,200,0,0,2,1678.0,1
13.39,8,1386,0,1,0,2308.0,1
55.46,2,487,0,0,0,5644.0,0
134.6,1,717,0,0,2,3980.0,1
22.03,5,84,0,0,1,1638.0,0
249.46,3,1271,0,0,0,270.0,0
90.99,1,941,1,0,1,3356.0,0
153.02,1,268,0,0,0,3054.0,1
28.28,3,465,0,0,1,1835.0,0
128.32,5,1038,0,0,0,8156.0,0
18.32,1,821,0,0,1,1353.0,1
132.99,1,218,0,0,0,433.0,0
64.83,4,990,0,0,0,527.0,0
94.94,5,1258,0,0,0,939.0,1
16.85,5,45,0,0,0,989.0,0
22.31,6,160,0,0,1,3202.0,0
99.21,4,1182,1,0,1,3924.0,1
21.15,0,780,0,0,0,868.0,0
86.77,2,1124,0,0,0,5231.0,0
13.91,3,1107,0,1,0,4738.0,0
127.51,5,556,0,0,1,951.0,1
15.92,1,1177,0,0,0,3646.0,1
94.85,4,682,0,0,2,215.0,1
102.07,3,1045,0,0,0,1289.0,1
27.2,3,1274,0,0,0,2245.0,0
97.71,7,1213,0,1,0,763.0,1
70.84,5,1346,0,0,0,42.0,0
31.85,1,794,0,0,1,103.0,0
19.91,3,672,0,0,0,4049.0,0
7.67,5,219,0,0,1,1315.0,1
77.45,5,1041,0,1,2,297.0,1
11.42,6,516,1,0,0,4183.0,1
60.06,2,1063,0,0,2,5131.0,1
41.95,4,1020,0,1,0,710.0,1
107.68,6,701,0,0,0,1587.0,1
40.36,1,142,0,0,0,710.0,1
39.27,1,346,0,0,0,2325.0,0
113.51,1,303,0,0,1,5319.0,0
76.33,3,1154,1,0,0,51.0,1
74.9,4,468,0,0,0,1146.0,0
87.29,2,346,1,1,0,2889.0,1
11.76,2,834,1,0,1,2103.0,1
116.37,3,176,0,0,0,362.0,1
100.73,5,1472,0,0,0,896.0,1
19.75,5,194,0,0,2,1137.0,1
42.77,2,944,0,0,0,2459.0,0
52.49,5,337,0,0,1,1106.0,1
47.73,1,1203,0,0,0,678.0,1
76.24,1,644,1,0,0,965.0,1
228.46,4,81,0,0,0,6134.0,1
161.06,3,161,0,0,2,86.0,0
14.7,4,407,0,0,1,731.0,0
101.7,4,1205,1,0,0,397.0,0
206.22,5,1293,0,0,0,921.0,1
80.38,0,494,1,0,1,1586.0,1
162.55,6,191,0,0,1,389.0,1
408.41,3,1345,0,0,1,1001.0,0
151.97,4,1384,1,0,1,3167.0,1
70.06,1,554,0,0,1,1850.0,1
155.26,1,1119,0,0,1,2047.0,0
63.11,3,356,1,0,0,5075.0,0
55.92,6,370,1,0,0,947.0,1
38.42,6,745,0,0,0,11195.0,1
260.71,2,296,0,0,0,866.0,0
24.08,7,1126,0,0,1,363.0,1
252.74,1,21,0,0,1,2966.0,0
90.0,2,1107,0,0,1,1284.0,0
13.47,4,976,1,0,0,761.0,1
78.86,3,673,0,0,1,509.0,0
6.69,7,367,0,0,3,3102.0,1
102.05,2,710,0,0,0,1494.0,1
132.32,1,554,0,0,1,1763.0,0
30.19,1,549,0,0,1,1117.0,0
61.78,6,1409,0,0,1,435.0,0
385.35,1,1357,0,1,1,741.0,1
32.93,1,39,0,0,1,248.0,0
18.94,1,47,0,0,1,751.0,1
240.25,3,1336,1,0,1,4389.0,0
388.61,4,1134,0,0,0,1540.0,0
54.8,2,186,0,0,1,85.0,0
150.12,3,924,1,0,0,2600.0,1
208.82,4,1209,0,1,0,2627.0,1
25.98,3,327,0,0,1,2565.0,1
33.61,3,110,0,1,3,1725.0,1
186.96,2,1224,1,0,0,58.0,1
294.42,3,173,0,0,0,868.0,1
95.86,4,1345,0,0,0,708.0,1
22.65,3,516,0,0,0,38.0,1
398.24,3,61,0,0,0,161.0,0
32.11,2,1195,0,0,1,982.0,1
39.05,4,1171,0,0,0,3828.0,1
76.89,4,1366,0,0,0,5874.0,0
258.31,2,1153,1,0,1,2449.0,1
128.25,6,659,0,0,0,460.0,0
82.67,1,1075,0,0,1,4585.0,0
86.77,3,1309,0,0,0,6868.0,0
57.03,3,1280,0,0,1,1013.0,1
95.41,4,1047,0,0,1,1328.0,1
4.35,4,769,0,0,0,764.0,1
40.58,6,1085,0,0,0,3440.0,0
69.5,1,207,0,0,0,636.0,0
17.27,4,793,1,0,0,207.0,1
80.34,2,1156,0,0,0,1096.0,1
44.5,4,877,0,0,0,334.0,0
315.92,5,1025,0,1,0,1015.0,1
263.23,4,552,0,0,0,1585.0,0
34.27,2,277,0,0,1,2921.0,1
46.95,5,759,0,0,0,2120.0,0
50.71,2,1162,0,0,0,2415.0,1
34.76,5,322,0,0,0,1607.0,0
66.36,1,909,0,0,0,153.0,1
25.58,2,246,0,0,0,3817.0,0
17.63,4,1001,0,0,2,2156.0,1
101.77,2,476,0,0,0,2808.0,0
102.47,3,1137,0,0,0,5092.0,0
24.43,1,126,0,0,0,6203.0,0
133.67,4,266,0,0,1,5958.0,0
29.03,1,1265,0,0,0,565.0,0
70.33,2,138,0,0,0,3434.0,1
124.01,0,1270,0,0,0,5735.0,0
52.79,1,1262,0,0,1,2205.0,0
86.03,3,1327,0,0,0,2265.0,0
32.58,4,521,0,0,2,3881.0,1
44.86,0,1070,1,0,1,610.0,1
44.44,8,1397,0,0,0,383.0,1
25.88,3,1148,0,0,0,1034.0,0
45.75,3,1092,0,0,1,5388.0,1
11.6,3,877,0,0,0,112.0,1
33.41,1,1462,0,0,1,1052.0,0
41.06,4,502,0,0,1,2113.0,0
42.26,3,1348,0,0,1,1896.0,0
42.88,3,644,1,0,0,2988.0,0
51.33,3,1385,0,0,2,566.0,1
88.19,3,1409,0,0,0,480.0,0
130.91,2,749,0,0,0,3163.0,0
28.51,2,905,0,0,1,3145.0,1
16.39,3,455,0,0,0,515.0,1
19.26,3,1434,0,1,0,1045.0,1
33.54,5,824,0,0,0,1082.0,1
38.4,1,1073,0,0,1,1296.0,0
25.28,1,701,0,0,0,3259.0,0
14.94,3,521,1,1,0,1665.0,1
34.6,2,394,1,0,1,1314.0,1
65.46,4,880,0,0,0,615.0,1
98.99,3,395,0,0,1,74.0,1
31.27,3,96,1,0,4,4504.0,1
36.13,1,85,1,0,1,2267.0,1
21.61,2,1060,0,0,2,139.0,0
52.91,5,952,1,0,0,636.0,1
23.37,2,416,0,0,1,1875.0,0
96.85,3,595,0,0,0,422.0,0
9.15,2,675,0,0,0,200.0,1
38.11,3,726,1,0,1,1439.0,1
73.78,1,221,0,0,0,718.0,0
65.62,4,1343,0,0,1,3166.0,1
806.77,2,479,0,1,2,5418.0,0
77.46,3,392,0,0,1,1595.0,0
20.0,1,1143,0,0,0,2246.0,0
49.63,1,1093,0,0,1,7380.0,0
9.24,1,445,0,0,0,461.0,1
50.37,3,1118,0,0,0,4234.0,1
23.73,0,319,0,0,0,1475.0,1
136.37,2,1341,0,0,1,374.0,0
31.51,2,293,1,1,1,614.0,1
48.58,3,766,0,0,1,2097.0,0
28.92,5,516,0,0,0,4591.0,0
310.71,3,1080,0,0,0,228.0,0
39.6,5,1301,0,0,0,1835.0,1
341.23,5,570,0,0,0,851.0,1
123.24,1,762,0,0,2,699.0,1
88.42,5,144,0,0,1,357.0,1
78.94,3,309,0,0,3,3943.0,1
80.95,0,18,1,0,1,815.0,1
7.94,4,825,0,0,0,1054.0,1
41.31,2,1375,0,0,1,418.0,1
127.12,6,1190,0,1,2,1685.0,0
51.99,1,891,0,0,0,1044.0,1
13.39,2,1136,0,0,0,386.0,0
51.81,1,225,1,0,2,669.0,1
300.1,2,852,0,0,0,893.0,0
189.97,4,1098,0,0,3,144.0,1
51.32,5,154,0,1,0,96.0,1
141.38,1,110,0,0,0,8804.0,0
37.84,6,338,0,1,0,4729.0,0
9.94,7,507,0,0,1,1619.0,1
21.66,2,173,0,0,0,505.0,1
260.57,2,1018,0,0,1,476.0,0
41.51,6,1170,0,0,0,1045.0,1
42.8,4,799,0,0,0,878.0,1
40.45,5,399,0,0,0,2377.0,1
366.55,2,102,1,0,0,941.0,1
277.54,1,989,1,1,0,5597.0,1
502.09,5,1273,0,0,0,525.0,1
46.57,6,485,0,0,0,49.0,1
73.38,3,1385,0,0,1,1664.0,1
11.98,2,174,0,0,0,7951.0,0
239.11,2,1382,0,0,0,3432.0,1
16.98,4,912,0,0,0,9.0,1
67.81,5,1463,0,0,0,1541.0,0
18.22,4,1054,0,0,0,1089.0,1
30.3,7,553,0,0,1,2633.0,0
23.64,2,67,0,0,0,524.0,1
29.73,3,488,0,0,0,503.0,1
31.84,4,785,0,0,1,685.0,1
31.55,2,1142,0,0,0,509.0,1
125.63,2,841,0,0,0,40.0,0
18.09,3,721,0,0,1,1781.0,0
68.07,1,1381,0,0,0,1708.0,1
184.56,2,248,0,0,0,3436.0,0
32.68,3,1119,1,0,0,2154.0,1
26.63,3,1338,0,0,0,1843.0,0
43.36,4,459,1,0,1,475.0,1
177.63,6,1126,0,0,0,2426.0,1
66.29,2,726,0,0,0,3481.0,0
32.1,5,1006,1,0,1,1056.0,1
88.58,2,1155,1,0,0,1400.0,1
18.13,2,376,1,1,1,2761.0,1
107.92,3,894,1,0,0,1128.0,1
82.15,4,881,0,0,0,1977.0,0
40.13,3,1436,0,0,1,435.0,1
23.6,4,480,0,0,0,1580.0,1
22.5,4,644,1,0,1,68.0,1
93.21,5,936,0,1,0,422.0,1
186.6,3,102,0,0,1,4566.0,0
28.87,2,57,0,0,0,1628.0,1
86.35,5,1217,0,0,0,1094.0,0
6.77,4,431,1,0,0,1329.0,1
30.43,1,767,0,0,0,0.0,1
52.93,0,464,0,0,2,1108.0,1
21.98,3,162,1,0,0,280.0,1
21.4,5,32,0,0,1,3515.0,1
28.0,4,1196,0,0,1,961.0,1
73.13,9,1006,1,0,0,475.0,1
45.27,1,97,0,0,0,1291.0,1
5.82,2,139,0,1,0,819.0,0
6.55,3,292,0,1,1,1109.0,1
29.76,7,141,0,0,1,2329.0,1
86.29,4,1337,0,0,0,1281.0,0
3.5,6,980,0,0,0,4436.0,1
33.12,3,198,0,0,0,534.0,0
32.26,4,1445,0,0,2,710.0,1
218.84,2,132,0,0,0,2705.0,1
37.15,1,365,1,0,0,2753.0,0
80.08,1,538,0,0,0,6758.0,0
62.88,2,1490,0,0,0,1782.0,0
6.48,1,1293,0,0,1,1535.0,0
117.71,3,72,0,0,1,1600.0,1
67.72,1,303,1,0,2,807.0,1
90.76,2,381,0,0,0,875.0,0
2768.99,2,1441,0,0,0,591.0,1
6.79,2,1232,0,0,2,1635.0,1
306.34,5,1194,0,0,0,3301.0,0
40.96,2,896,0,0,1,1807.0,1
72.77,5,287,0,0,0,1152.0,1
52.17,5,168,0,0,0,118.0,0
35.72,3,215,1,0,0,512.0,1
30.88,4,1140,0,0,0,3356.0,1
75.91,2,144,0,0,0,908.0,0
11.98,0,1336,0,0,1,3902.0,0
115.65,1,330,0,0,0,500.0,1
36.01,5,1247,0,0,0,1543.0,1
17.64,5,236,0,0,0,5971.0,0
34.81,5,469,0,0,2,1465.0,1
191.93,2,848,0,0,0,422.0,0
31.97,10,696,0,0,1,469.0,1
78.14,0,1266,1,1,0,309.0,1
26.29,4,1328,0,0,0,39.0,1
116.5,1,570,0,0,1,2122.0,0
108.37,3,783,0,0,0,2751.0,1
346.75,3,968,0,0,0,3089.0,0
45.81,4,149,1,0,0,138.0,1
106.55,1,576,1,0,1,5133.0,1
60.22,0,469,0,0,2,1734.0,1
199.51,4,135,1,0,1,166.0,1
26.61,3,820,0,0,0,160.0,1
115.01,5,19,0,0,0,1283.0,0
44.94,4,893,0,0,0,504.0,0
51.2,2,598,0,1,2,492.0,0
59.84,4,686,1,0,0,21.0,1
70.26,0,550,0,0,1,1185.0,0
48.61,1,141,0,0,0,163.0,1
67.67,4,1324,0,0,0,144.0,1
264.57,0,406,0,0,0,311.0,0
146.27,6,500,0,1,1,19.0,1
130.21,4,35,0,0,0,197.0,1
34.62,6,1391,0,0,0,1624.0,0
22.44,4,656,0,0,0,534.0,0
141.93,4,1453,0,0,1,128.0,0
131.11,0,656,0,0,1,262.0,1
238.1,2,358,0,0,0,79.0,1
29.85,3,24,1,0,0,2701.0,1
43.4,1,982,0,0,2,1484.0,0
10.6,2,434,0,0,1,1157.0,0
36.87,3,215,0,0,0,3718.0,0
147.91,2,364,0,0,0,149.0,0
34.24,3,467,0,0,1,68.0,0
103.59,1,825,0,0,2,993.0,1
45.13,4,236,1,0,0,552.0,1
75.49,2,1147,1,0,1,1163.0,1
17.33,1,568,1,0,0,4207.0,0
59.45,4,598,0,0,0,1064.0,1
2.74,1,465,0,0,0,338.0,0
45.29,6,1102,0,0,0,2878.0,0
10.69,3,604,1,0,0,886.0,1
182.36,3,1357,0,0,1,2532.0,0
118.8,5,1272,0,1,0,274.0,1
87.07,3,1361,0,0,0,740.0,1
249.89,5,73,0,0,1,41.0,1
21.14,2,830,1,0,1,483.0,1
313.36,3,744,0,0,0,1874.0,1
138.68,6,234,0,0,2,624.0,1
43.1,6,1212,0,0,0,270.0,1
169.97,3,1301,1,0,0,104.0,1
18.06,3,419,1,0,0,1662.0,1
23.94,3,423,0,0,2,144.0,1
29.71,1,25,1,0,0,2886.0,1
32.17,5,1452,0,0,1,795.0,0
18.98,3,1211,0,0,0,655.0,1
185.51,4,355,0,0,1,1765.0,1
42.15,1,1158,0,1,0,1464.0,0
77.67,3,1155,0,0,1,7900.0,0
30.87,5,112,0,0,0,95.0,1
8.84,3,641,0,0,0,3431.0,0
71.53,1,1442,0,0,1,1647.0,0
8.07,3,577,0,0,1,3856.0,0
50.98,3,26,0,0,2,2131.0,1
13.9,4,530,0,0,0,2587.0,0
398.33,2,932,0,0,0,2781.0,1
135.82,6,940,0,0,1,27.0,1
60.69,2,1054,1,0,0,3280.0,1
193.2,4,590,0,0,1,2047.0,0
23.42,2,761,1,0,0,5301.0,1
94.02,7,1311,0,0,1,257.0,1
66.67,7,1466,0,0,1,4582.0,0
71.1,2,1463,0,0,0,3469.0,0
194.87,5,164,0,0,0,462.0,0
113.58,3,335,1,0,1,238.0,1
72.87,3,414,0,1,2,1783.0,1
10.43,1,590,0,0,0,2028.0,1
20.9,2,623,0,1,1,2234.0,1
48.29,4,1367,0,0,0,3362.0,0
59.94,5,283,0,0,2,1464.0,1
17.63,2,364,1,0,2,601.0,1
608.91,2,254,0,0,0,3502.0,0
248.74,0,1471,0,0,3,1023.0,1
99.7,5,1422,1,0,1,1026.0,1
58.68,2,922,0,0,0,1221.0,1
44.16,2,171,0,0,2,3249.0,0
21.07,4,203,1,0,0,6359.0,0
59.0,6,486,0,0,0,338.0,1
70.65,1,280,1,0,0,234.0,1
15.77,2,404,0,0,2,611.0,1
76.26,1,1480,0,0,1,4223.0,0
46.75,2,1032,0,0,0,1352.0,1
8.1,2,798,1,0,0,10.0,1
23.09,1,1406,1,0,0,1570.0,1
36.1,4,18,0,0,0,1433.0,0
360.57,2,1146,0,0,0,150.0,1
95.25,2,1150,0,1,1,290.0,1
14.36,0,595,0,1,1,176.0,1
88.77,2,1421,0,0,1,1325.0,0
11.62,4,489,0,0,0,1363.0,1
161.21,3,432,0,0,0,1110.0,1
34.09,1,188,1,0,0,1079.0,0
49.72,7,1178,0,0,0,1563.0,1
205.57,2,124,0,0,0,1953.0,1
15.07,3,1333,0,1,0,5973.0,0
13.5,3,607,0,0,1,1418.0,0
30.46,5,122,0,0,0,556.0,0
154.22,1,874,0,0,0,6611.0,0
11.95,3,1095,1,0,0,201.0,1
3.22,1,905,0,0,0,675.0,1
34.77,3,104,0,0,1,4189.0,1
94.8,3,666,0,0,0,5184.0,0
181.32,5,1395,0,0,0,1864.0,0
34.36,5,673,0,0,0,27.0,1
36.18,2,1185,0,0,0,1052.0,0
173.11,1,889,0,0,1,4859.0,0
8.42,2,1412,1,0,0,3968.0,1
37.02,1,1436,0,0,1,4036.0,0
66.05,4,1078,0,0,0,626.0,1
85.56,5,452,1,0,1,3135.0,1
32.79,5,751,0,0,0,2008.0,1
56.51,0,561,0,0,2,4035.0,0
4.53,5,880,0,0,1,1829.0,0
28.27,1,646,1,0,0,846.0,1
85.93,2,801,0,0,2,1811.0,1
20.44,2,1157,1,1,0,797.0,1
57.92,0,979,0,0,1,4.0,0
85.36,3,146,1,0,1,3055.0,1
38.76,1,1155,0,0,0,3407.0,0
64.75,4,1378,0,0,0,2482.0,1
20.85,3,514,0,1,0,465.0,1
44.41,3,1089,0,0,1,263.0,0
100.51,5,1459,0,0,2,335.0,0
63.88,3,836,0,0,1,1251.0,1
30.37,4,1059,0,0,1,552.0,0
68.32,1,328,0,0,1,3791.0,0
111.57,1,428,0,0,0,1415.0,0
7.03,4,797,1,0,0,1077.0,1
174.0,2,334,1,0,1,3695.0,1
39.01,3,1322,0,0,0,152.0,0
83.55,1,1137,0,0,0,3686.0,0
180.77,3,1118,0,0,0,2916.0,0
13.85,4,626,1,0,3,2091.0,1
26.86,2,397,0,0,0,212.0,0
40.91,4,534,1,0,0,97.0,1
24.93,9,57,0,1,1,327.0,1
309.49,4,1197,0,0,2,567.0,1
23.18,2,694,1,0,1,1724.0,1
31.33,5,1026,0,0,0,151.0,1
66.98,0,456,0,0,0,364.0,1
16.41,2,825,0,0,2,403.0,0
36.76,2,1493,0,0,0,1999.0,0
75.0,4,118,1,0,0,765.0,1
39.14,1,556,0,0,0,579.0,0
49.73,3,565,0,0,0,53.0,1
32.16,7,496,0,0,1,178.0,1
12.01,1,801,0,0,2,1436.0,0
75.31,3,1356,0,0,1,1806.0,0
315.74,3,641,0,0,3,2440.0,0
55.61,3,163,0,0,0,1239.0,1
68.39,1,251,0,0,0,564.0,1
109.15,1,644,0,0,0,623.0,1
15.34,2,329,0,0,0,1894.0,1
299.62,7,118,0,0,0,1000.0,1
66.84,5,369,0,0,0,310.0,0
279.18,5,748,0,1,0,7.0,1
26.23,2,1139,0,0,0,542.0,0
336.32,8,195,0,0,0,2536.0,1
118.53,5,606,0,0,0,1967.0,1
94.92,4,724,0,0,1,185.0,1
68.99,3,138,0,0,0,1057.0,1
42.58,5,1320,0,0,1,281.0,0
181.37,2,963,0,0,1,1153.0,1
62.83,4,1099,0,0,0,211.0,0
7.64,0,1039,0,1,1,2048.0,0
17.86,2,1396,1,0,0,1579.0,1
45.34,3,156,0,0,1,540.0,1
74.44,7,876,0,0,1,8789.0,1
51.59,5,1059,0,0,2,1599.0,0
184.74,5,519,0,0,1,563.0,1
7.76,3,182,0,0,2,797.0,1
63.03,1,170,0,0,0,4462.0,0
8.86,2,497,0,0,0,409.0,0
116.71,2,1318,1,0,1,410.0,1
49.68,5,1081,0,0,1,1522.0,1
83.06,1,1388,0,0,0,727.0,1
23.01,3,1004,1,0,0,653.0,1
196.26,2,1021,0,0,0,951.0,0
154.74,2,713,0,0,0,3201.0,1
97.86,3,902,0,0,1,3310.0,0
47.97,5,1361,0,0,0,1973.0,0
97.5,3,2,0,0,0,1550.0,0
26.93,1,423,0,0,2,28.0,1
128.45,3,782,0,0,1,1499.0,0
284.14,1,753,0,0,0,5546.0,1
159.27,3,474,1,1,1,3269.0,1
26.32,2,146,0,0,0,281.0,1
78.37,5,326,0,0,0,6568.0,1
14.98,4,588,0,0,3,439.0,1
96.78,5,230,0,0,2,238.0,0
85.68,1,1293,0,0,0,614.0,0
8.42,1,585,0,0,1,274.0,1
17.09,1,618,0,0,1,458.0,1
41.14,2,736,0,0,0,665.0,1
40.41,2,782,0,0,1,1608.0,0
16.29,1,1289,1,0,0,1712.0,1
80.56,1,1242,0,0,1,1376.0,1
70.21,4,953,0,0,0,637.0,1
44.96,6,1248,0,0,0,5519.0,1
25.64,3,1385,0,0,0,634.0,1
155.82,1,1315,0,0,1,923.0,1
285.83,6,1178,0,1,1,988.0,1
33.66,2,681,0,0,1,41.0,1
29.6,3,1389,1,0,0,1008.0,1
89.23,7,106,0,0,1,743.0,1
38.17,3,285,0,0,0,132.0,1
47.49,5,596,0,0,0,3000.0,0
114.39,4,836,0,0,0,2239.0,0
8.09,4,526,1,0,0,600.0,1
204.04,4,877,0,0,1,543.0,1
58.71,6,180,0,0,0,4232.0,0
36.18,3,1063,0,0,0,377.0,0
49.94,3,1301,1,0,0,3724.0,1
52.58,4,839,0,0,0,146.0,1
9.67,7,512,0,1,1,3294.0,0
243.46,2,1030,0,0,0,1404.0,0
56.9,1,1207,0,0,0,2692.0,1
85.03,2,552,0,0,3,176.0,0
141.39,3,1412,0,0,0,981.0,1
19.66,2,764,0,0,0,1077.0,0
87.66,3,741,0,0,0,1304.0,0
41.78,4,1017,0,0,2,1779.0,1
127.33,0,473,0,0,0,888.0,1
6.51,5,466,0,0,2,1068.0,1
49.45,0,1113,0,1,1,832.0,0
29.88,5,1336,0,0,1,2159.0,1
84.12,4,302,0,0,1,4303.0,0
87.36,4,1144,0,0,2,219.0,1
26.91,4,696,1,0,0,610.0,1
26.78,2,718,0,0,0,447.0,1
48.88,1,997,1,0,1,5045.0,1
22.27,2,459,0,0,0,1625.0,1
126.72,5,90,1,1,0,278.0,1
37.74,2,116,0,0,1,913.0,1
2.98,1,675,0,0,0,1155.0,0
37.53,5,400,0,0,1,1756.0,0
19.33,3,110,0,0,0,436.0,0
10.68,1,200,0,0,0,1255.0,1
15.84,0,792,0,1,0,2911.0,0
60.91,5,1249,0,0,0,1942.0,1
206.16,3,592,1,0,1,198.0,1
74.68,3,987,0,1,1,4381.0,0
29.77,2,763,0,0,0,744.0,0
86.13,2,1244,0,1,1,995.0,0
34.5,3,73,0,0,2,2122.0,1
27.26,2,878,0,0,0,1113.0,0
17.21,5,717,1,0,0,1596.0,1
9.47,3,435,1,1,0,1169.0,1
36.97,4,592,1,0,0,662.0,1
63.95,3,115,0,0,0,1047.0,1
49.57,5,25,0,0,1,672.0,1
36.02,1,177,1,0,2,1072.0,1
21.21,3,1303,1,0,0,407.0,1
100.31,4,293,0,0,0,113.0,0
14.63,2,1244,0,0,0,2160.0,0
118.63,1,1027,0,0,0,242.0,0
20.04,1,315,0,0,0,3110.0,1
25.73,3,1431,0,0,0,814.0,0
12.59,3,694,0,1,0,515.0,0
33.07,1,551,0,0,1,949.0,0
144.79,6,1177,0,0,0,292.0,1
91.43,2,63,0,0,1,3403.0,0
145.25,1,1113,0,0,0,328.0,0
92.03,6,103,0,0,0,1226.0,1
18.11,3,159,0,1,2,318.0,1
39.22,1,561,1,0,1,84.0,1
25.02,2,734,0,0,0,2877.0,0
206.56,2,359,1,0,1,1467.0,1
16.5,4,700,0,0,0,146.0,0
133.45,3,765,0,0,0,4021.0,1
133.35,3,877,0,0,0,897.0,1
340.23,5,490,0,0,1,1000.0,1
36.25,1,192,0,0,0,1229.0,1
111.31,3,244,0,0,1,458.0,1
534.67,5,994,0,1,1,1440.0,1
29.44,3,934,0,0,0,518.0,1
11.76,3,583,0,0,0,3254.0,0
8.33,2,1101,0,0,0,3149.0,0
111.35,4,733,0,0,0,1167.0,0
8.3,4,781,1,0,0,1366.0,1
37.63,4,794,0,0,1,8899.0,0
84.55,0,1003,0,0,0,2856.0,1
65.71,4,906,0,0,0,117.0,1
83.55,2,733,0,0,0,341.0,1
68.19,2,91,0,0,0,1632.0,0
196.15,5,568,0,0,0,836.0,0
21.07,3,388,1,0,1,2933.0,1
27.74,2,1311,0,0,0,1844.0,0
25.21,5,1020,0,0,0,8417.0,0
125.23,2,436,1,0,0,23.0,1
134.34,1,916,0,0,0,1038.0,0
85.73,3,47,0,0,0,942.0,1
178.3,3,970,0,0,0,1025.0,1
16.81,1,307,1,0,1,3896.0,1
289.23,3,114,0,0,0,938.0,1
250.44,1,1082,0,0,0,2864.0,0
113.93,4,44,0,0,1,1803.0,1
324.34,3,354,0,0,2,1204.0,1
10.42,4,1255,0,0,0,2125.0,0
32.32,3,1007,0,0,0,468.0,1
26.17,6,1036,0,0,0,276.0,0
112.33,1,394,0,1,0,6150.0,0
19.1,3,717,0,0,0,894.0,0
116.45,5,760,0,0,0,652.0,1
214.98,2,1438,0,0,1,555.0,1
109.42,3,230,1,0,1,1753.0,1
72.51,2,356,0,0,0,10145.0,0
20.33,5,424,0,0,1,4055.0,0
23.41,0,500,0,0,2,921.0,1
190.49,1,1302,1,0,0,4062.0,1
119.03,3,20,0,0,0,1099.0,0
52.51,3,215,0,0,2,208.0,1
35.95,4,744,1,1,0,375.0,0
7.2,4,494,1,0,0,501.0,0
18.71,4,118,0,1,0,4496.0,0
369.23,5,561,0,0,0,6952.0,0
15.17,3,1460,1,0,0,464.0,0
65.99,4,1474,0,1,0,929.0,1
149.52,0,1422,0,0,1,7187.0,0
15.57,4,263,0,0,0,3381.0,1
65.67,4,336,0,0,0,1053.0,1
139.48,1,522,0,0,0,1085.0,0
55.28,5,875,0,0,0,3796.0,0
961.41,2,1157,0,0,0,54.0,0
10.29,2,1017,0,0,0,4804.0,1
157.39,3,204,1,0,1,169.0,1
45.93,4,984,0,0,0,4171.0,0
118.15,4,655,0,0,1,119.0,0
84.89,2,856,0,0,3,6259.0,0
26.23,1,216,0,0,0,15.0,1
68.65,5,234,0,0,1,6031.0,0
8.52,4,1378,0,0,0,115.0,0
99.81,5,402,0,0,0,241.0,1
73.56,3,485,0,0,0,5931.0,1
103.41,3,390,0,0,1,2824.0,0
157.29,2,173,0,0,1,3297.0,1
78.86,3,793,0,0,2,1017.0,1
63.31,1,507,0,0,1,150.0,1
22.62,2,144,0,0,0,290.0,0
26.78,4,247,0,0,0,4632.0,0
178.88,2,1464,0,1,0,873.0,0
229.6,5,541,0,0,0,2537.0,1
43.03,4,320,0,1,1,2109.0,1
57.17,2,1409,0,1,2,1156.0,1
22.1,4,685,0,0,1,3547.0,0
176.4,1,234,1,1,0,1913.0,1
106.21,4,1389,0,0,1,2423.0,0
380.4,2,562,0,0,0,3264.0,1
22.68,7,498,0,0,1,453.0,1
37.41,3,667,1,0,0,625.0,0
68.82,2,612,0,0,1,2535.0,1
104.22,6,1443,0,0,0,3181.0,0
44.01,1,592,0,0,1,1639.0,0
22.81,2,541,0,0,1,9008.0,0
131.82,4,1159,0,0,0,3787.0,1
112.3,7,62,0,0,2,2902.0,1
21.84,5,1095,0,1,0,507.0,1
211.76,2,944,0,0,1,729.0,1
175.95,4,645,1,0,1,805.0,1
62.45,5,117,1,1,0,175.0,1
59.12,2,510,0,0,1,2366.0,0
95.02,2,1224,0,0,0,956.0,0
23.06,1,555,0,0,3,1746.0,0
56.26,1,989,0,0,1,2225.0,0
6.34,3,842,1,0,0,15.0,1
131.16,4,550,0,0,0,88.0,1
11.46,2,775,0,0,0,735.0,0
245.53,1,337,0,0,1,1918.0,0
39.25,1,184,0,0,1,1171.0,1
44.18,5,1454,0,0,0,5031.0,1
29.14,1,1017,0,1,0,534.0,1
40.93,2,280,1,0,1,197.0,1
225.55,2,803,0,0,1,219.0,1
4.54,1,1066,0,1,1,459.0,1
195.77,4,1324,0,0,0,485.0,0
76.56,2,516,0,0,1,857.0,0
16.33,2,992,0,0,1,1495.0,1
18.63,2,1388,0,0,0,516.0,0
291.89,4,119,0,0,0,1304.0,0
21.21,8,1101,0,0,0,1170.0,0
17.23,2,792,0,0,0,666.0,0
170.26,3,839,0,1,0,1025.0,0
76.6,3,1147,0,0,0,870.0,0
21.37,0,434,0,0,1,5394.0,1
67.8,3,1426,1,0,0,128.0,1
19.57,3,1374,0,1,0,2622.0,0
164.16,7,668,0,0,1,666.0,1
157.81,3,1437,0,0,1,369.0,0
92.94,2,329,0,0,1,3682.0,1
78.39,0,103,0,0,0,1141.0,0
317.73,5,871,1,0,0,1285.0,1
54.58,2,1365,0,0,1,968.0,1
16.75,2,1069,0,1,1,933.0,1
85.58,3,345,0,0,0,2125.0,0
439.68,2,410,0,0,0,2564.0,1
19.79,1,49,0,0,1,2801.0,1
38.04,5,119,1,0,0,1341.0,1
82.8,2,852,0,0,0,2179.0,0
51.73,2,1426,0,0,1,2706.0,1
20.44,4,468,1,0,0,2070.0,1
167.65,1,47,0,1,0,387.0,1
555.6,1,1,0,0,0,2239.0,1
66.43,3,161,0,0,1,1880.0,1
22.11,1,1319,1,0,1,182.0,1
11.6,2,624,0,0,1,1870.0,1
70.67,5,23,0,0,0,3744.0,0
164.66,3,1294,0,0,0,960.0,0
87.81,2,476,0,0,0,258.0,1
54.47,1,765,1,1,0,1698.0,1
30.29,4,1317,0,0,0,492.0,1
18.32,5,499,0,0,0,1418.0,1
125.81,3,487,0,0,0,1992.0,0
136.15,6,1436,0,0,0,1285.0,1
11.64,5,379,0,0,0,664.0,1
267.69,4,775,0,0,0,3501.0,0
96.94,4,889,0,0,1,263.0,0
221.32,2,692,0,0,0,79.0,1
14.27,3,512,0,0,0,3176.0,0
13.93,6,1189,0,0,0,63.0,1
47.04,3,14,0,0,2,1202.0,1
90.27,1,244,1,0,2,1389.0,1
329.1,5,1459,0,0,2,743.0,1
110.62,3,1028,1,1,2,581.0,1
42.83,1,214,1,0,0,2427.0,0
19.56,2,49,0,0,0,821.0,1
186.79,2,1105,0,0,1,238.0,1
20.81,1,878,0,0,1,1120.0,1
278.24,4,181,1,0,0,2333.0,0
41.08,3,672,1,0,0,663.0,0
267.89,5,870,1,0,0,255.0,1
107.65,2,1401,1,1,0,751.0,1
47.61,2,217,0,0,1,1419.0,1
32.48,1,1290,0,0,0,193.0,0
38.83,5,763,0,0,3,481.0,1
83.79,4,625,0,0,2,6362.0,0
58.98,3,190,0,0,0,411.0,0
30.15,5,2,0,0,0,118.0,1
46.26,2,1499,0,0,0,1019.0,0
59.06,4,460,0,0,0,138.0,1
6.5,1,632,0,0,0,25.0,1
86.33,0,757,0,0,0,28.0,0
20.5,3,1424,0,0,0,633.0,1
17.23,3,784,0,0,1,138.0,1
10.1,6,131,0,0,1,386.0,1
9.08,2,1241,1,0,1,1881.0,1
14.08,4,530,0,0,0,612.0,1
26.87,2,1255,0,0,1,1542.0,0
385.01,1,232,0,0,2,954.0,0
32.27,5,416,0,0,0,3889.0,0
65.22,4,1148,0,0,0,2146.0,1
81.49,1,562,0,0,0,3445.0,0
62.24,2,177,0,0,1,1317.0,0
50.53,5,1096,0,0,1,2735.0,1
16.52,1,1396,1,0,1,1721.0,1
232.97,3,125,0,0,1,2452.0,1
332.69,5,383,0,0,0,2077.0,0
10.15,2,1029,0,0,0,643.0,1
19.61,2,185,0,0,1,241.0,1
41.27,3,84,0,0,1,2956.0,1
20.81,2,940,0,0,1,145.0,1
90.56,3,665,0,0,2,1673.0,1
26.36,2,710,0,0,0,8082.0,0
475.83,4,732,0,0,0,363.0,1
179.57,3,1047,0,0,0,2449.0,1
67.53,4,984,0,0,0,5510.0,1
152.47,5,906,1,0,1,1231.0,1
164.99,3,650,0,0,0,1532.0,0
31.06,1,1185,0,0,1,825.0,1
24.14,1,1097,0,0,0,1049.0,1
59.04,2,1121,0,0,0,1790.0,0
129.24,3,539,1,0,1,3693.0,0
62.74,5,163,0,0,0,5478.0,1
11.28,2,62,0,1,0,1410.0,1
24.46,1,402,0,1,0,2744.0,1
50.71,7,263,0,0,0,2400.0,1
50.62,5,199,0,0,0,511.0,0
392.5,2,1238,0,1,0,1115.0,1
13.65,2,778,0,0,0,2071.0,0
90.52,2,27,0,1,1,248.0,1
242.04,2,1005,0,0,0,3877.0,1
529.24,1,972,0,1,0,927.0,0
36.44,3,1219,0,0,0,1088.0,1
89.25,2,1463,0,1,1,3669.0,0
96.52,6,816,0,0,1,340.0,0
66.39,6,323,0,0,1,65.0,1
49.46,2,345,0,0,0,606.0,0
84.43,5,839,0,0,2,293.0,1
4.34,1,1226,0,0,1,7631.0,0
107.99,3,1475,0,0,1,1503.0,1
61.94,5,760,0,0,1,1496.0,1
43.71,2,1372,0,0,0,2845.0,0
422.78,2,11,0,0,2,538.0,1
27.8,0,435,0,1,1,1331.0,0
36.49,3,1056,0,0,1,276.0,0
400.04,5,840,0,0,0,177.0,1
23.76,2,148,0,0,2,1043.0,1
31.5,4,269,0,0,1,4393.0,1
47.13,1,715,0,0,1,1047.0,0
126.56,4,1122,0,0,1,1082.0,1
67.21,3,236,0,0,0,3606.0,0
14.99,5,643,0,0,1,606.0,1
32.07,5,911,0,0,0,1212.0,0
29.74,0,764,1,0,1,323.0,1
50.54,1,252,0,0,0,3370.0,0
83.58,3,568,0,0,1,68.0,1
82.95,3,892,0,0,0,959.0,0
9.24,6,761,0,0,0,583.0,1
158.21,0,1226,1,1,1,535.0,0
70.29,4,249,1,0,1,504.0,1
218.01,5,814,0,0,2,830.0,1
85.13,1,373,0,0,1,4172.0,1
164.24,5,176,0,1,0,2221.0,1
87.06,4,1129,0,0,0,3964.0,1
209.81,2,1269,0,0,1,394.0,0
92.04,7,1249,0,0,0,3404.0,0
49.51,2,865,0,0,0,1011.0,1
529.77,2,439,0,1,1,7140.0,0
132.83,2,1335,0,0,0,1621.0,0
96.91,2,54,0,0,2,1203.0,0
15.24,5,1405,1,0,1,4668.0,1
15.05,3,321,0,0,0,864.0,0
73.16,0,1243,0,0,0,2486.0,0
63.15,0,819,0,0,1,1154.0,1
29.54,1,928,0,0,0,2381.0,0
62.86,5,1493,0,0,1,581.0,1
267.37,5,748,0,1,0,940.0,0
109.44,1,896,1,1,0,763.0,1
17.44,5,404,0,0,0,3656.0,0
48.84,3,347,1,0,1,4750.0,0
24.41,5,676,0,0,1,2394.0,0
37.05,5,489,0,0,0,3103.0,1
36.1,2,800,0,0,0,786.0,1
33.86,4,359,0,0,2,294.0,0
15.56,1,1081,1,0,0,2088.0,1
48.05,2,942,0,0,0,1826.0,1
31.17,4,1111,0,0,0,551.0,0
2.92,5,378,0,0,0,4383.0,1
425.38,1,931,0,0,1,796.0,0
162.19,1,79,0,0,1,3039.0,1
37.48,1,1387,0,0,1,249.0,1
55.64,1,970,0,0,2,608.0,1
16.92,1,308,0,0,1,1715.0,0
297.59,2,1113,0,1,0,499.0,1
364.05,2,977,0,0,1,5643.0,1
63.86,5,691,0,0,0,1444.0,0
151.95,2,1311,1,0,0,2367.0,1
65.06,5,223,0,0,2,1484.0,1
14.34,4,656,0,0,1,940.0,1
36.17,6,164,1,1,0,3108.0,1
62.3,6,1319,1,0,0,41.0,1
34.66,6,651,0,0,0,1002.0,1
43.88,1,312,0,0,0,3833.0,0
49.83,2,1498,0,0,0,160.0,1
50.36,5,170,0,0,0,419.0,1
57.53,5,47,0,0,0,5822.0,1
18.9,2,6,0,1,0,5748.0,0
26.66,5,904,0,0,1,874.0,1
15.11,4,1095,0,0,0,2512.0,1
145.16,3,1317,0,0,0,1769.0,0
6.65,2,1202,0,0,0,1223.0,1
173.05,2,1147,0,0,0,3027.0,0
218.4,2,757,0,0,0,1894.0,1
40.36,2,912,0,1,1,172.0,1
4.04,3,521,0,1,0,3294.0,0
38.04,6,843,0,0,0,577.0,0
51.2,1,563,0,0,0,1804.0,0
19.87,4,327,0,1,1,2689.0,1
32.62,1,883,0,0,0,4103.0,0
252.19,2,744,0,0,0,4669.0,0
106.16,4,1029,0,0,1,4682.0,0
21.66,2,1030,0,0,0,1927.0,1
11.05,2,43,0,0,1,1762.0,1
39.37,6,1306,0,0,0,27.0,1
44.1,4,861,0,1,1,159.0,1
89.68,1,896,0,0,0,897.0,0
31.97,1,131,0,0,1,2834.0,0
91.06,3,1239,0,0,3,1614.0,1
378.1,3,1049,0,1,0,483.0,1
123.41,3,908,0,1,0,236.0,1
52.03,4,577,0,1,1,1137.0,0
45.46,0,260,0,1,0,4394.0,1
38.22,3,436,0,0,1,98.0,1
177.8,3,383,0,1,0,1118.0,0
29.16,2,710,1,0,0,110.0,0
57.12,5,1442,0,0,0,518.0,1
57.47,2,1499,1,0,1,5535.0,1
33.06,4,1133,1,0,0,199.0,1
13.84,3,528,0,0,1,94.0,0
75.41,1,715,0,0,1,164.0,0
51.37,1,870,0,0,0,2118.0,1
90.04,3,586,1,1,1,22.0,1
32.02,1,1142,0,0,0,901.0,1
185.09,3,1210,0,0,0,5517.0,0
22.72,7,575,0,0,0,128.0,1
302.49,2,141,0,0,0,4841.0,0
9.51,4,1325,0,0,0,225.0,0
84.33,2,1250,0,0,0,246.0,0
87.83,2,225,0,1,0,1671.0,1
24.64,2,1207,0,0,1,503.0,1
83.46,1,161,0,0,1,6.0,0
196.28,2,1086,0,0,1,2492.0,1
5.95,4,935,0,0,2,834.0,1
90.26,2,397,0,0,0,4297.0,0
4.51,2,1421,0,0,1,587.0,1
20.79,0,16,1,0,0,1992.0,0
278.43,1,229,0,0,0,711.0,1
30.51,3,438,0,0,0,289.0,1
16.88,4,414,0,0,1,6628.0,0
44.79,3,935,0,0,0,1597.0,0
431.78,4,609,0,1,0,3296.0,1
8.74,3,1384,0,0,1,518.0,0
19.08,7,838,0,0,0,899.0,1
244.06,1,652,0,1,0,1166.0,1
349.92,3,130,0,0,0,1788.0,1
49.23,0,929,0,0,0,904.0,0
15.81,3,655,0,0,1,512.0,0
444.01,4,849,1,0,0,379.0,1
268.93,2,692,0,0,0,1646.0,0
107.66,1,1187,0,0,0,512.0,0
24.23,3,1375,0,0,0,909.0,1
51.99,5,478,0,0,1,64.0,1
46.51,6,1062,0,0,0,533.0,1
76.01,4,976,0,1,0,1187.0,0
232.99,0,1322,1,0,0,2862.0,1
131.55,4,1256,0,0,2,840.0,1
18.59,2,849,0,1,1,630.0,1
216.26,2,519,0,0,0,1306.0,0
74.67,2,901,0,0,1,92.0,0
108.53,3,1192,0,0,0,786.0,0
236.64,3,65,0,0,0,262.0,0
17.96,4,1218,0,0,0,526.0,1
52.68,1,452,1,0,0,892.0,0
32.09,1,853,0,1,1,108.0,1
11.38,2,170,0,0,1,2872.0,1
77.22,3,738,0,0,0,578.0,0
672.87,3,231,0,0,2,477.0,1
8.67,5,962,0,0,0,758.0,1
52.86,3,1305,0,0,0,826.0,0
103.6,0,6,0,0,1,3015.0,0
61.75,5,264,0,1,0,603.0,1
48.76,1,931,0,0,2,1111.0,0
14.89,2,53,0,0,1,1241.0,1
68.91,5,19,0,0,2,657.0,1
25.62,4,265,1,0,0,2753.0,1
6.11,1,1185,0,1,1,1761.0,1
180.29,4,806,0,1,0,2298.0,1
142.36,10,160,0,0,0,101.0,1
57.49,3,1047,0,1,1,3082.0,1
68.65,3,1186,0,0,1,495.0,0
159.86,7,1367,0,0,1,173.0,1
68.33,4,942,0,1,0,1947.0,0
134.83,2,1440,0,0,0,443.0,1
40.55,5,385,0,0,3,939.0,1
202.75,3,1031,0,0,1,2215.0,1
75.25,2,875,0,0,0,195.0,1
66.29,5,880,0,0,0,246.0,1
15.33,3,536,0,1,2,1968.0,0
72.74,5,130,1,0,0,1075.0,1
23.76,4,1280,0,0,0,450.0,1
28.84,2,250,0,0,1,1305.0,1
24.16,3,914,1,0,1,1735.0,0
18.8,2,1363,0,0,2,935.0,1
457.04,4,618,0,0,0,342.0,1
206.71,3,356,0,0,1,1877.0,0
372.55,2,312,0,0,0,233.0,0
16.07,3,32,0,0,0,1908.0,0
58.63,2,838,1,0,0,569.0,1
14.98,3,93,0,0,1,3.0,1
27.23,2,891,1,1,1,1129.0,1
21.8,3,34,0,0,0,668.0,1
188.59,4,852,0,0,1,469.0,1
36.74,2,1313,0,0,0,1242.0,1
158.92,0,971,0,0,1,739.0,1
99.9,0,1368,0,0,0,629.0,0
546.56,1,609,1,0,4,2588.0,1
12.44,2,508,1,0,2,156.0,0
192.33,1,313,0,0,1,913.0,1
171.82,1,944,0,0,1,510.0,1
20.63,4,1228,0,0,0,605.0,0
149.48,0,1246,1,0,1,1050.0,1
76.41,3,32,0,0,0,4607.0,1
43.49,3,637,0,0,1,1938.0,1
23.95,1,620,0,0,1,386.0,1
26.6,2,723,0,0,1,1529.0,0
424.03,2,1453,0,0,1,301.0,0
54.64,0,1000,0,1,1,3898.0,0
119.36,3,2,1,0,2,993.0,1
24.76,3,1011,0,0,0,5381.0,0
25.03,3,1486,0,0,0,1954.0,0
161.09,3,1207,0,0,0,3227.0,0
14.16,1,1083,0,0,0,356.0,1
36.05,3,1313,0,1,1,3475.0,0
56.49,4,96,0,0,1,378.0,1
61.03,2,505,1,0,0,6725.0,0
45.65,2,211,0,0,0,591.0,1
81.11,7,1482,0,0,1,2074.0,0
109.16,1,783,0,0,1,1423.0,1
113.82,10,993,0,0,0,1172.0,1
20.37,1,1053,0,0,0,1007.0,1
41.09,0,1227,1,0,0,871.0,0
180.33,3,112,0,0,0,650.0,1
133.57,3,1389,1,0,1,1637.0,0
13.83,3,1147,0,0,0,7467.0,0
77.59,3,303,0,0,0,2007.0,1
7.55,4,697,0,1,1,2546.0,1
57.22,1,861,0,0,0,1912.0,0
364.22,3,255,0,0,0,1305.0,1
21.16,5,1253,0,0,1,3058.0,1
23.7,2,1365,0,1,1,703.0,1
117.22,3,927,0,1,0,574.0,1
11.67,2,342,1,0,1,872.0,1
29.0,1,756,0,0,0,1556.0,0
99.13,2,1362,0,0,0,0.0,1
28.95,5,258,0,0,0,3245.0,1
43.12,3,1084,0,0,0,650.0,1
114.91,1,982,0,0,1,1653.0,0
83.22,1,229,0,0,1,97.0,0
71.29,5,1364,0,0,0,1017.0,1
38.9,2,432,0,0,0,127.0,0
79.05,3,118,0,0,0,20.0,0
48.24,5,900,0,0,0,2794.0,0
86.3,0,26,0,0,0,934.0,0
33.22,5,340,1,0,1,3035.0,1
45.49,3,171,0,0,0,741.0,0
20.29,1,1277,0,0,1,1878.0,1
52.72,2,532,0,0,0,178.0,1
24.26,3,349,0,0,1,380.0,1
17.92,4,1328,0,0,0,1147.0,1
70.72,4,377,0,0,0,1045.0,0
67.54,3,1375,0,0,0,389.0,0
119.45,2,151,0,0,0,3683.0,1
35.48,1,829,0,0,0,602.0,0
82.11,6,230,0,1,0,1003.0,1
94.71,5,336,1,1,2,741.0,1
85.18,0,275,1,0,0,9712.0,0
23.91,1,715,1,0,1,766.0,1
63.39,3,1228,0,0,1,553.0,1
78.58,5,1252,0,0,0,4271.0,0
54.99,1,1293,0,0,0,308.0,1
6.78,3,898,0,0,1,4506.0,1
64.1,5,1203,0,0,0,1513.0,1
498.96,1,257,0,0,0,455.0,0
38.09,3,681,0,0,0,523.0,1
26.36,2,1032,0,0,0,2234.0,0
79.31,5,336,0,0,1,72.0,1
74.62,4,1064,1,0,0,2262.0,1
179.96,1,935,1,0,0,668.0,1
15.52,6,980,0,0,0,2973.0,0
113.45,2,1455,0,0,1,240.0,0
98.54,2,887,0,0,1,516.0,0
47.36,4,330,0,1,0,1041.0,1
76.61,1,243,0,0,0,3805.0,0
152.85,3,165,0,0,1,602.0,1
130.62,3,959,0,1,0,3342.0,0
17.41,3,480,0,0,0,194.0,1
123.98,3,283,1,0,1,343.0,1
51.18,4,1119,0,1,0,309.0,1
58.73,4,1155,0,0,0,1709.0,1
58.74,3,935,0,0,0,886.0,1
46.98,3,774,1,0,0,3584.0,1
179.78,4,209,0,0,0,1197.0,0
50.21,3,578,0,0,1,3276.0,0
17.82,2,481,0,0,2,495.0,1
36.84,3,1004,0,0,2,4821.0,1
65.28,3,364,0,0,0,1814.0,0
186.65,2,423,0,0,2,1268.0,1
99.79,3,213,0,0,0,1690.0,1
23.32,3,1193,1,0,1,4482.0,1
655.36,4,1232,0,0,2,755.0,0
71.15,7,1451,1,0,1,508.0,1
195.47,3,899,0,0,0,507.0,1
46.91,4,521,0,0,1,6484.0,1
93.07,3,940,0,0,0,741.0,1
126.4,4,19,0,0,1,3876.0,1
184.6,4,1111,1,0,2,266.0,1
157.18,2,530,0,0,0,1014.0,1
130.61,3,237,0,0,0,1738.0,0
39.84,3,1198,0,0,1,5959.0,1
30.82,1,104,0,0,0,2036.0,1
76.14,1,937,0,0,0,4.0,0
138.81,2,237,0,0,1,2570.0,1
43.7,2,561,0,1,0,1889.0,1
158.41,4,1126,0,0,0,369.0,1
233.37,2,1195,0,0,1,1744.0,0
21.84,2,1162,0,0,1,4678.0,0
23.64,3,597,0,0,0,8.0,1
47.45,2,38,0,0,0,6597.0,0
74.26,1,943,0,0,0,632.0,0
32.31,3,391,0,0,0,1683.0,0
211.07,2,761,0,0,0,585.0,0
83.43,2,617,1,0,0,2363.0,1
56.79,2,417,0,0,2,1306.0,1
12.99,5,985,0,0,0,549.0,1
14.65,2,1048,0,0,0,1260.0,1
72.31,2,1456,1,0,1,780.0,1
6.47,3,1311,0,0,0,517.0,1
150.3,3,1106,0,0,0,1617.0,0
46.61,4,1279,0,0,1,1830.0,0
1398.41,3,327,0,1,0,273.0,1
548.9,4,584,0,0,0,4765.0,0
45.54,3,630,0,0,1,12.0,0
49.09,1,399,0,0,0,584.0,0
147.76,3,156,1,1,0,757.0,1
299.82,3,1151,0,0,0,124.0,1
10.61,1,277,0,0,0,170.0,0
9.15,3,1004,0,0,0,3384.0,0
29.31,2,1051,0,0,0,808.0,0
97.78,0,943,0,0,0,818.0,0
89.74,0,637,0,0,0,2100.0,0
159.14,2,874,0,0,1,2319.0,0
16.45,4,910,0,1,0,2213.0,1
5.39,2,21,0,0,0,1139.0,0
128.77,4,1265,0,0,1,2208.0,1
23.85,1,107,0,0,1,4637.0,0
7.25,3,716,0,0,0,261.0,0
63.12,3,540,0,1,0,1539.0,0
120.68,0,1245,0,0,0,3798.0,0
48.32,1,933,0,1,0,6071.0,0
34.54,4,67,0,1,1,166.0,1
46.56,3,636,1,0,0,5386.0,1
37.69,1,242,0,0,0,2333.0,0
14.18,1,1006,0,0,0,2321.0,1
26.72,4,396,1,0,0,287.0,1
91.95,3,1227,0,0,0,1544.0,1
75.31,6,220,0,0,4,799.0,1
64.59,5,691,0,0,1,1586.0,0
20.18,3,419,0,0,0,2407.0,0
45.54,3,1250,0,0,1,365.0,0
6.19,2,1238,0,0,1,299.0,1
65.27,2,359,0,0,0,794.0,1
227.89,1,501,1,1,1,1851.0,0
12.5,0,1495,0,0,2,2016.0,0
30.39,6,1043,0,0,0,1689.0,0
75.88,1,1375,0,0,1,3409.0,1
191.11,4,1339,0,1,0,2389.0,1
34.88,4,781,0,0,0,1265.0,1
27.32,1,787,0,0,1,1186.0,0
7.62,5,676,0,0,2,2876.0,1
60.55,2,214,0,0,2,3877.0,1
420.77,4,492,0,0,1,3404.0,1
72.05,1,222,0,0,0,1235.0,1
53.4,3,269,1,0,1,1558.0,1
75.35,8,1108,1,1,0,2778.0,1
54.0,4,743,0,0,0,1559.0,0
24.22,0,44,0,0,2,458.0,0
124.37,4,976,0,0,0,3922.0,1
68.43,6,161,0,1,0,1224.0,1
55.57,2,748,0,0,1,7238.0,0
20.59,4,1401,0,0,0,1450.0,1
201.04,1,308,0,0,0,881.0,0
106.13,1,117,1,1,1,432.0,1
31.41,2,339,0,0,1,761.0,1
148.68,2,888,0,0,0,449.0,0
33.2,4,667,0,0,0,4583.0,0
24.98,3,954,0,0,0,1652.0,1
25.54,1,940,0,0,0,3089.0,0
9.29,5,1349,0,0,1,420.0,1
87.49,6,1029,0,0,1,115.0,0
8.75,3,1445,0,0,2,977.0,1
15.98,3,71,0,0,1,4955.0,0
6.85,3,104,0,0,0,216.0,1
50.1,5,56,0,0,1,2797.0,1
46.98,2,1019,0,0,1,110.0,1
39.38,3,1331,0,0,0,325.0,1
19.25,4,824,0,1,0,2356.0,0
16.91,3,496,1,0,0,427.0,1
86.87,3,1194,0,0,0,40.0,1
31.48,3,1165,0,0,1,446.0,1
74.92,0,34,0,0,0,2375.0,0
22.53,0,1380,0,0,0,1367.0,0
65.44,3,1442,0,0,0,1426.0,0
200.99,6,53,0,0,1,951.0,1
98.12,6,1027,0,0,0,284.0,1
36.15,2,330,1,0,1,437.0,1
70.61,5,805,0,0,0,369.0,1
42.92,2,149,0,0,0,2211.0,1
55.03,3,1325,0,1,1,3380.0,1
39.42,0,133,0,0,0,488.0,1
46.32,2,259,0,0,0,341.0,1
67.5,4,1300,0,0,0,522.0,0
20.22,3,990,0,0,0,5028.0,0
19.77,6,716,0,0,0,433.0,1
13.62,4,1085,0,0,1,2108.0,1
11.02,4,931,0,0,1,223.0,1
16.16,5,672,0,0,0,1943.0,1
64.04,5,147,0,0,0,505.0,0
22.36,0,842,0,0,0,3267.0,0
91.25,4,825,0,0,0,42.0,1
56.53,2,496,0,0,0,1249.0,1
7.63,3,623,0,0,0,1959.0,0
105.11,5,602,0,0,2,2449.0,1
122.83,2,944,0,0,0,4151.0,0
20.21,3,1440,0,0,0,1770.0,0
83.11,2,131,0,0,0,248.0,1
23.18,6,723,0,0,0,2314.0,0
60.2,1,1252,0,0,0,1352.0,0
15.42,2,765,0,0,0,189.0,1
9.09,3,1118,0,0,0,272.0,1
37.23,4,677,0,0,0,3172.0,1
48.24,1,572,0,0,1,1501.0,0
36.68,2,98,0,0,0,309.0,1
16.71,2,1211,0,0,0,2796.0,0
36.6,2,554,0,0,0,1589.0,1
71.47,3,425,0,0,0,330.0,0
52.2,3,585,0,0,1,1075.0,1
65.53,0,539,0,0,1,4759.0,0
27.94,5,174,0,0,0,2506.0,1
176.22,4,785,1,0,1,880.0,1
16.84,4,762,1,0,2,10.0,1
88.9,0,763,0,0,1,461.0,1
178.02,3,953,0,0,0,359.0,0
88.31,4,485,0,0,0,854.0,0
44.59,2,1193,0,0,0,3855.0,1
32.19,1,585,0,1,1,357.0,1
153.87,2,782,0,0,0,92.0,0
13.16,4,776,0,0,0,253.0,1
20.69,3,844,1,0,0,1064.0,0
36.69,2,579,1,0,2,126.0,1
188.23,2,771,0,0,0,1464.0,1
79.82,3,430,0,0,0,576.0,0
20.74,2,132,0,0,1,846.0,1
40.03,3,953,0,0,1,305.0,1
29.54,1,1148,1,0,0,2465.0,1
26.85,5,1198,0,0,0,864.0,0
145.31,1,387,0,0,2,220.0,1
13.85,3,1165,0,0,0,808.0,0
272.81,3,648,0,0,1,7391.0,0
124.99,2,1464,0,0,0,2253.0,0
162.53,2,614,0,0,1,3663.0,0
34.37,3,372,0,0,1,4005.0,0
47.0,4,814,0,0,0,1433.0,1
13.02,3,287,0,0,0,1465.0,1
32.31,0,1115,0,0,1,4269.0,0
89.45,2,1233,1,0,0,3718.0,1
199.55,1,547,0,0,0,2268.0,0
18.04,1,942,0,0,0,3106.0,0
37.88,3,152,0,0,0,2434.0,1
46.93,2,577,0,0,1,662.0,1
13.52,2,221,0,0,0,232.0,0
98.63,3,858,1,0,1,2273.0,1
26.47,2,1324,0,0,2,4249.0,1
44.91,3,1379,0,0,2,6914.0,1
34.75,3,620,0,1,0,90.0,1
24.8,2,856,0,0,1,1823.0,1
54.21,4,686,1,0,0,1729.0,1
44.01,2,1216,0,0,0,829.0,0
37.64,3,1434,0,0,1,1448.0,0
26.35,2,1381,0,0,0,1095.0,1
75.15,2,1268,0,0,0,4653.0,0
285.32,2,767,0,1,0,640.0,1
62.8,3,58,0,0,0,356.0,1
147.84,3,1050,0,1,0,2013.0,0
13.6,3,486,0,0,0,606.0,0
63.93,2,1141,0,0,0,103.0,1
18.22,3,242,0,0,0,2910.0,0
12.47,1,1254,0,0,2,706.0,0
26.07,4,843,0,0,1,8807.0,1
179.81,4,1117,0,0,3,673.0,0
141.18,2,221,0,0,0,1460.0,1
69.62,1,713,0,1,0,316.0,0
11.79,3,227,1,0,0,1370.0,1
44.87,3,569,0,0,1,554.0,0
73.83,2,585,0,0,0,2063.0,1
65.07,4,767,0,0,1,52.0,1
8.64,4,776,1,0,2,2162.0,1
22.41,2,603,0,0,1,1313.0,0
51.21,4,1150,1,0,0,861.0,1
93.34,3,290,0,0,0,120.0,0
6.07,1,499,0,1,1,116.0,1
46.43,4,1496,0,0,1,2828.0,0
62.99,0,752,1,0,1,2429.0,0
127.69,5,837,0,0,0,1128.0,0
109.16,1,522,0,0,1,12.0,0
97.77,4,1046,0,0,0,3019.0,1
24.53,2,908,0,0,1,1972.0,0
8.1,1,1181,0,0,0,144.0,1
36.85,5,262,1,0,0,583.0,0
148.66,3,110,1,0,0,126.0,1
219.96,2,501,0,0,0,3670.0,0
111.11,2,1390,0,0,0,1261.0,0
83.88,7,975,1,0,0,844.0,1
79.81,4,13,0,0,0,1798.0,1
31.31,2,63,0,0,0,2465.0,0
47.94,0,1048,0,0,1,1905.0,0
289.76,2,1377,0,0,0,3177.0,1
21.27,1,340,1,0,1,1624.0,1
274.45,2,1043,0,1,0,6.0,1
39.57,3,742,0,0,2,263.0,0
205.5,3,88,0,0,1,3634.0,1
13.37,3,581,1,0,0,246.0,1
98.09,4,1174,0,0,0,1740.0,0
26.13,1,92,1,0,1,415.0,0
13.26,4,145,0,0,0,5815.0,0
67.93,4,175,0,0,0,460.0,1
149.83,2,1415,0,1,1,809.0,0
23.45,4,1169,0,0,0,2675.0,1
12.19,6,460,0,0,2,1932.0,1
49.81,6,703,1,0,0,698.0,1
50.03,2,135,0,0,0,2155.0,1
94.47,2,541,0,0,1,7035.0,0
141.12,0,237,0,0,0,282.0,1
51.45,3,772,1,0,2,495.0,1
349.15,1,1366,0,0,1,1073.0,0
68.32,5,1065,0,1,0,677.0,1
38.61,5,246,0,0,0,686.0,0
10.9,3,828,1,0,3,1009.0,1
41.99,2,459,1,0,0,2806.0,0
39.0,3,965,0,0,2,795.0,0
142.64,4,624,0,1,0,534.0,1
86.7,2,204,1,0,1,1441.0,0
16.79,3,1497,0,0,0,3696.0,1
64.86,2,58,1,0,2,2164.0,1
106.86,2,1213,0,0,0,748.0,1
251.65,1,685,1,0,1,6447.0,1
132.62,1,589,0,0,1,2113.0,0
116.84,5,48,0,0,0,268.0,0
57.98,2,1114,0,1,1,2135.0,0
80.5,5,791,0,0,0,4252.0,0
190.47,2,545,0,0,1,1153.0,1
14.4,1,180,0,0,0,2353.0,1
38.5,5,1140,0,0,1,294.0,0
25.21,4,28,0,1,1,211.0,1
79.77,3,1139,1,0,0,1780.0,1
186.83,1,900,0,0,1,920.0,1
30.05,6,220,0,0,1,1107.0,1
5.0,2,1203,0,0,0,661.0,0
36.15,3,394,0,0,0,1095.0,0
136.11,0,820,0,0,0,188.0,1
93.47,3,712,0,0,0,206.0,0
83.78,4,706,0,0,1,1057.0,1
41.26,4,594,1,0,1,1086.0,1
15.2,4,66,1,0,0,3692.0,1
91.4,0,1046,0,0,1,722.0,0
23.71,4,1360,0,0,2,2033.0,0
484.97,5,1125,0,0,0,650.0,1
96.59,3,1376,1,0,0,662.0,1
30.55,2,1200,0,0,1,2221.0,0
29.62,3,272,0,0,1,1486.0,0
49.75,5,1073,0,0,1,840.0,1
42.97,0,1378,1,0,0,1189.0,1
166.81,4,575,0,0,2,3349.0,1
65.79,1,936,0,0,1,2466.0,0
26.27,6,312,0,0,0,4910.0,1
361.56,3,1378,0,0,0,3770.0,0
57.36,4,876,0,0,1,1993.0,0
117.78,1,845,0,1,1,379.0,1
29.72,4,1061,0,0,1,809.0,1
78.5,6,908,0,0,0,1456.0,1
74.52,2,719,0,0,0,62.0,0
8.25,6,1373,0,0,1,2058.0,1
409.64,4,354,0,0,2,7046.0,0
198.47,4,364,1,0,0,3164.0,1
36.7,3,586,0,0,0,2096.0,1
18.13,3,1301,0,0,0,2039.0,1
77.29,2,203,0,0,1,4092.0,0
59.54,3,945,0,0,0,669.0,1
77.92,3,509,0,0,0,1065.0,1
66.13,3,615,0,0,0,1944.0,0
90.58,2,175,0,0,0,1530.0,0
232.13,2,1235,0,0,0,3345.0,0
96.36,5,1277,0,1,0,821.0,0
19.11,1,1378,0,1,0,969.0,1
213.27,2,1342,0,0,1,516.0,1
281.64,6,1390,0,0,2,1832.0,1
1276.73,4,1178,0,0,0,891.0,1
17.75,1,1320,0,0,0,1432.0,0
69.61,3,946,0,0,0,112.0,1
6.81,3,952,0,0,1,2194.0,0
94.93,2,365,0,0,0,1369.0,1
31.56,1,934,0,0,0,2440.0,0
373.7,4,1365,0,1,0,518.0,1
25.16,5,266,0,0,0,3482.0,0
10.08,2,175,0,0,0,3683.0,0
34.08,1,983,0,0,0,1034.0,1
7.57,4,508,0,0,2,180.0,1
115.71,3,1388,1,0,0,1274.0,0
6.92,5,251,0,0,3,1874.0,1
56.17,2,519,0,0,0,1647.0,1
6.84,1,486,0,0,1,4103.0,1
39.63,2,197,0,0,0,4507.0,1
282.42,1,1299,0,0,1,1752.0,1
78.31,7,1390,0,0,0,1850.0,1
23.02,2,1003,0,0,0,250.0,1
52.92,6,1022,0,0,0,900.0,1
55.59,3,255,0,0,0,721.0,0
87.59,1,1110,0,0,0,764.0,0
13.92,4,868,0,0,1,2339.0,1
98.75,7,181,0,0,0,1205.0,0
3.65,0,149,0,0,1,1257.0,1
29.08,5,1362,0,0,1,512.0,0
33.51,3,614,0,1,1,329.0,1
102.86,5,1115,0,0,0,948.0,1
55.85,3,549,0,0,0,107.0,0
13.39,2,1073,0,0,0,313.0,0
20.39,3,1063,0,0,0,3072.0,1
66.6,2,555,0,0,0,1035.0,1
50.45,5,1230,0,0,0,6741.0,0
30.6,3,1022,0,0,0,8.0,0
33.76,4,226,0,1,0,4559.0,1
109.53,2,438,0,0,0,1902.0,0
32.53,1,32,0,0,1,1757.0,0
49.99,5,1119,0,0,0,3303.0,0
478.16,4,1457,0,0,0,1774.0,1
13.15,5,2,0,0,0,64.0,0
8.57,5,303,0,1,0,4243.0,1
119.53,3,487,0,0,0,3717.0,0
27.7,5,611,0,0,0,1321.0,1
39.72,2,390,0,0,1,242.0,0
25.0,1,730,0,0,0,3101.0,0
42.11,3,734,0,0,2,1358.0,1
270.03,6,1321,0,0,0,711.0,1
121.77,4,512,0,0,1,9013.0,0
129.31,1,810,0,0,1,324.0,0
13.25,6,990,0,0,0,324.0,0
17.27,3,584,0,0,0,1648.0,0
3.19,2,1249,0,0,0,559.0,1
24.3,0,650,1,0,1,956.0,0
142.12,4,1234,1,0,0,495.0,1
91.56,1,1136,0,0,0,2747.0,1
43.75,4,740,0,0,0,578.0,0
53.39,2,503,0,0,0,3324.0,0
27.42,6,331,0,0,0,2397.0,1
67.0,2,392,0,0,1,636.0,1
117.43,2,769,1,0,1,2888.0,0
10.85,6,709,0,0,0,691.0,1
73.67,5,451,0,0,0,939.0,1
138.72,1,283,0,0,1,147.0,0
36.05,4,365,0,0,0,1514.0,1
110.02,1,189,0,0,1,3050.0,0
911.1,4,125,1,0,0,1756.0,1
49.19,3,940,0,0,0,1444.0,1
80.91,3,487,0,0,0,4108.0,0
26.1,3,936,0,0,0,1048.0,1
65.45,1,907,0,0,1,9837.0,0
86.51,3,877,0,0,0,1112.0,0
66.34,2,651,1,0,1,1855.0,0
19.69,3,614,0,0,0,86.0,0
67.11,3,1335,0,0,0,2158.0,0
235.61,1,408,0,0,0,693.0,0
85.51,3,1342,0,0,0,246.0,0
142.88,4,1171,0,1,2,289.0,1
43.08,3,501,0,0,0,1278.0,0
115.57,4,1376,0,0,0,1603.0,0
72.19,4,808,0,0,0,2187.0,0
21.1,2,358,0,0,0,1063.0,0
75.08,2,273,0,0,0,3601.0,0
20.25,0,867,0,0,0,128.0,0
28.99,2,510,1,0,0,233.0,1
65.98,4,1036,0,0,0,465.0,1
73.5,3,1167,0,0,3,193.0,1
16.62,2,1191,0,0,0,2538.0,1
156.65,6,269,0,0,1,811.0,1
96.74,1,94,0,0,0,1669.0,1
26.98,2,106,0,1,0,2606.0,1
11.73,6,1337,1,0,1,1426.0,1
47.23,1,236,1,0,1,1372.0,1
34.95,2,60,0,0,0,1077.0,1
61.14,5,696,0,0,1,2140.0,1
37.97,3,1433,0,0,0,1358.0,0
7.33,7,1384,0,0,0,930.0,1
37.03,2,1257,0,0,0,1731.0,1
40.22,2,948,0,0,0,5864.0,0
102.89,1,1125,0,0,0,2972.0,1
27.16,0,745,0,0,1,1067.0,0
292.56,2,87,0,1,2,1684.0,1
8.07,2,748,0,0,1,894.0,1
202.59,4,1132,0,0,0,1322.0,0
43.63,1,1478,0,1,0,2381.0,1
128.97,6,649,0,0,0,3275.0,0
59.13,3,377,0,0,0,114.0,1
170.64,6,387,0,0,1,324.0,1
37.06,5,63,0,0,1,1563.0,0
18.2,1,230,1,0,0,2188.0,0
225.99,3,375,0,0,1,1946.0,0
48.74,5,238,0,0,1,517.0,0
68.14,1,861,0,0,1,1913.0,0
187.68,4,247,0,0,1,1116.0,1
19.45,3,386,1,0,2,506.0,1
99.04,1,1062,0,0,0,3888.0,0
30.27,2,1268,0,0,2,1359.0,1
47.84,3,519,1,0,0,3571.0,0
58.69,2,360,0,0,0,974.0,0
12.18,3,1418,0,0,0,1804.0,0
25.06,3,1101,0,0,1,3056.0,1
210.83,3,1467,0,0,0,718.0,1
132.45,3,37,0,0,0,3508.0,1
51.28,2,409,0,0,0,780.0,0
69.62,1,1374,0,0,0,406.0,1
40.68,1,844,1,0,0,2426.0,0
212.0,4,1285,0,0,0,734.0,1
44.69,2,824,0,0,1,5519.0,0
68.84,1,1487,0,0,2,2938.0,0
171.75,2,554,0,0,1,472.0,0
25.09,4,1472,0,0,1,7754.0,0
259.51,1,1018,0,0,0,814.0,0
11.82,4,49,0,0,0,1469.0,0
278.56,3,1095,0,0,2,137.0,0
37.61,3,246,0,0,0,77.0,1
42.83,2,2,0,0,4,631.0,1
8.25,1,1015,0,0,1,22.0,0
34.65,3,835,0,0,1,585.0,1
19.3,0,62,0,0,1,1330.0,0
29.74,2,880,0,0,1,2113.0,1
47.59,4,539,0,0,1,521.0,1
142.28,1,342,0,0,0,942.0,0
67.2,0,67,0,0,1,869.0,1
74.27,0,881,0,0,1,714.0,1
18.26,4,1402,1,0,0,886.0,1
22.63,1,726,0,0,2,1205.0,1
329.88,3,839,0,0,0,398.0,1
26.17,4,57,0,0,1,1125.0,0
286.06,1,1310,0,0,0,543.0,0
42.82,3,1480,0,0,1,118.0,1
54.72,2,1479,0,1,0,432.0,0
159.23,3,193,0,0,0,4894.0,0
194.78,2,626,0,0,0,1267.0,0
48.87,2,1146,0,0,0,7290.0,0
37.03,2,103,1,0,0,459.0,1
51.63,2,667,0,0,1,622.0,0
76.55,4,586,1,0,0,1841.0,1
133.13,3,354,0,0,0,790.0,0
54.83,2,175,0,0,1,807.0,1
101.38,3,14,0,0,0,3343.0,1
281.0,4,898,0,0,0,53.0,0
79.94,4,679,0,0,0,1975.0,0
74.56,3,567,0,0,1,3821.0,1
11.95,5,1494,0,0,0,345.0,0
3.93,0,1050,0,0,0,930.0,1
80.51,1,44,0,0,0,2981.0,0
49.66,2,38,0,0,1,1379.0,1
32.63,4,848,0,0,1,797.0,1
69.65,3,524,0,0,0,1770.0,1
51.4,4,1129,0,0,0,707.0,1
168.64,2,1388,1,0,0,1772.0,1
59.51,0,490,0,0,1,282.0,0
25.87,1,1297,0,0,0,460.0,0
146.96,4,793,0,0,0,27.0,1
43.94,2,1112,0,0,0,367.0,1
92.44,3,651,0,0,0,252.0,0
33.87,6,658,0,0,0,1641.0,1
28.51,3,339,0,0,1,5201.0,0
59.39,2,1350,0,1,2,437.0,1
55.3,2,599,1,0,0,249.0,1
88.22,2,1391,0,0,1,1379.0,1
41.74,5,876,0,0,1,360.0,1
8.7,3,777,0,1,1,1404.0,1
35.42,1,1146,0,1,0,1264.0,0
120.76,5,756,0,0,0,35.0,0
40.55,3,559,0,0,0,6001.0,0
42.68,3,946,1,0,1,405.0,1
146.4,2,320,0,0,0,4054.0,0
26.79,2,1389,0,0,0,869.0,0
11.67,4,303,0,1,0,310.0,1
46.5,3,1099,0,0,2,203.0,1
33.64,6,1475,0,0,1,1287.0,1
20.78,0,1405,0,0,1,809.0,0
45.82,3,1322,0,0,0,4491.0,1
89.26,4,305,0,0,1,405.0,1
54.09,2,30,0,0,0,2315.0,1
74.22,2,8,0,0,0,370.0,1
334.76,2,1445,1,0,0,3696.0,1
38.75,2,8,1,0,1,1286.0,1
72.12,1,1215,0,0,0,3202.0,1
32.81,5,1152,0,0,2,1036.0,1
23.42,2,523,0,0,1,347.0,1
30.42,2,256,0,1,0,1395.0,0
33.83,1,233,0,0,1,573.0,1
78.22,6,377,0,0,1,367.0,1
571.96,2,698,0,1,2,4214.0,1
26.68,2,633,1,0,0,1443.0,1
35.99,3,679,0,0,4,2900.0,1
51.26,5,656,0,0,2,2693.0,1
81.11,1,839,0,0,1,2.0,0
71.06,6,1376,0,0,0,3907.0,0
197.18,5,430,0,0,1,2672.0,0
4.82,6,1046,0,0,3,563.0,1
5.02,5,1293,0,0,1,469.0,0
33.25,3,1106,0,0,1,105.0,1
163.58,3,511,1,0,0,175.0,1
11.41,2,13,0,1,0,389.0,1
2.7,3,994,0,0,1,6.0,0
96.66,6,925,0,0,0,683.0,1
69.66,5,943,0,0,2,4597.0,0
18.35,2,1221,0,0,1,1458.0,0
20.38,1,1014,0,0,1,1564.0,1
20.7,7,267,0,0,0,486.0,1
60.98,4,1075,0,0,0,459.0,1
29.19,2,1212,0,0,0,824.0,0
89.48,3,303,0,0,1,547.0,1
3.14,5,4,0,0,0,3519.0,1
23.18,2,1367,1,0,0,352.0,1
17.71,2,31,1,0,0,2022.0,1
42.25,3,202,0,0,2,1211.0,0
31.88,5,542,0,0,0,2035.0,1
121.25,3,157,0,0,0,3240.0,0
8.51,3,1067,0,0,0,752.0,1
57.14,2,1109,0,0,0,1401.0,0
95.42,4,406,0,0,2,1244.0,1
349.55,7,688,0,0,0,841.0,1
33.72,1,743,0,0,0,3008.0,0
75.52,3,1384,0,0,1,19.0,0
8.99,3,432,0,0,1,668.0,1
4.99,3,953,0,0,2,3212.0,0
127.07,2,150,1,0,1,3702.0,0
54.3,1,923,0,0,2,2130.0,1
177.42,4,319,0,0,1,750.0,1
13.83,4,1284,0,0,0,3110.0,0
91.83,6,858,0,0,0,158.0,1
353.83,3,487,1,0,0,555.0,1
83.07,3,977,1,0,1,175.0,1
71.99,3,3,0,0,1,210.0,1
55.07,3,1361,0,0,0,1618.0,0
11.35,6,936,0,0,1,135.0,1
211.79,5,339,0,0,0,2050.0,1
29.64,5,999,0,0,1,772.0,0
90.42,3,764,0,1,0,103.0,1
11.44,4,911,0,0,1,605.0,0
16.79,2,307,0,1,0,917.0,1
229.31,1,1315,1,0,1,822.0,1
38.58,1,1406,0,0,0,1285.0,1
233.52,3,901,0,0,0,1258.0,1
50.49,0,1198,1,0,1,802.0,1
8.65,4,24,0,0,0,4131.0,1
133.23,2,1026,0,1,0,447.0,1
30.27,6,1188,0,1,1,749.0,1
109.8,4,1008,0,0,0,1452.0,0
55.99,2,1375,0,0,0,507.0,0
11.67,5,1118,0,0,1,293.0,1
64.35,1,204,0,0,0,11.0,1
490.89,7,1147,0,0,2,5231.0,0
89.39,2,37,0,0,1,2760.0,0
51.55,1,630,0,0,0,3954.0,0
160.03,5,953,0,0,0,74.0,1
67.4,3,853,1,0,0,137.0,1
67.33,1,1164,0,0,1,1445.0,1
18.33,6,634,0,0,0,42.0,1
68.98,5,744,0,0,0,570.0,0
153.77,4,1253,0,0,1,6477.0,0
23.66,4,419,0,0,0,796.0,0
226.9,3,885,0,0,2,6988.0,0
49.81,4,328,0,0,0,227.0,1
22.47,2,1179,0,0,0,875.0,0
148.06,3,1380,0,0,0,10.0,1
40.98,0,1031,0,0,0,1612.0,0
116.69,3,515,0,0,0,753.0,1
40.78,3,4,0,1,1,1262.0,1
51.43,2,728,0,0,1,2850.0,1
89.44,3,776,0,0,0,1442.0,1
73.03,3,45,0,0,0,1970.0,0
7.42,1,205,0,0,0,1150.0,0
17.79,1,1225,0,0,1,2480.0,0
138.3,1,916,1,0,0,1661.0,0
47.84,2,250,0,0,0,3616.0,0
32.34,2,1236,0,0,0,2538.0,0
14.03,1,1157,0,0,2,475.0,1
18.55,3,686,0,0,1,1338.0,0
7.23,3,1093,1,0,2,3742.0,0
49.34,0,291,0,0,0,3525.0,0
30.01,2,655,0,1,0,1167.0,1
20.77,2,332,1,0,0,678.0,1
51.0,6,430,0,0,0,426.0,1
78.57,4,760,0,0,1,389.0,1
442.84,2,740,0,0,0,280.0,1
12.04,5,1469,0,1,0,14220.0,0
174.06,2,1195,0,0,1,1956.0,1
144.47,5,378,0,0,1,680.0,1
25.05,3,847,1,1,1,625.0,1
66.9,2,206,0,0,0,656.0,0
34.55,2,1046,0,0,1,3707.0,0
65.74,4,1161,0,0,1,1296.0,0
246.94,3,1327,0,0,0,570.0,1
100.04,4,3,0,1,0,2883.0,0
90.8,7,1460,0,0,1,2497.0,0
35.51,4,799,0,0,0,1135.0,1
12.38,5,1037,0,0,0,2101.0,0
44.32,1,514,0,0,1,2412.0,1
182.47,2,1391,0,0,1,91.0,0
11.86,4,974,0,0,0,3751.0,0
19.01,0,775,0,0,0,609.0,1
61.95,3,797,0,0,1,7144.0,0
20.4,1,900,0,0,1,4299.0,0
24.72,2,1156,0,0,0,35.0,1
35.74,2,856,0,0,1,1746.0,0
13.93,3,917,0,0,0,6040.0,0
20.61,3,685,0,0,0,1498.0,0
110.32,3,1407,0,0,1,1721.0,0
14.77,3,924,1,0,0,4812.0,1
11.05,2,264,0,1,1,1531.0,1
29.08,3,554,0,0,0,504.0,0
113.52,1,1169,0,0,1,1110.0,0
44.84,3,1417,0,0,0,775.0,1
34.31,3,494,1,0,0,329.0,0
57.07,5,445,1,0,0,434.0,0
9.53,6,852,0,0,2,113.0,1
89.54,1,1349,0,1,1,333.0,1
80.11,2,867,0,0,1,540.0,0
36.26,5,809,0,1,0,2556.0,1
149.3,3,460,0,0,0,820.0,1
17.68,3,672,0,0,0,2114.0,1
168.66,3,1247,0,0,0,10011.0,0
63.72,0,735,0,0,2,1569.0,0
39.0,0,961,1,0,0,1714.0,1
53.52,1,581,0,0,2,1446.0,1
49.04,3,1124,0,0,0,906.0,1
184.99,4,716,0,0,0,370.0,1
18.6,3,208,1,0,1,6830.0,0
25.47,2,1296,0,0,0,1170.0,0
153.9,3,161,0,0,0,4945.0,0
30.1,1,666,1,0,0,542.0,1
134.36,1,899,0,0,2,207.0,1
298.7,1,89,0,0,1,1823.0,0
36.53,3,340,0,0,0,3431.0,0
107.92,3,1071,1,0,0,1954.0,1
17.22,3,1142,0,0,0,2444.0,0
116.13,5,171,1,0,0,1688.0,1
66.65,5,417,0,0,2,2469.0,1
87.62,5,517,0,0,0,760.0,1
28.63,3,772,0,0,0,888.0,0
10.37,1,570,1,0,1,2728.0,1
90.31,2,436,0,0,0,2910.0,1
6.94,2,200,0,0,2,155.0,1
39.75,0,1483,0,0,0,31.0,1
139.94,2,434,0,0,0,1977.0,0
66.15,2,1435,0,0,1,159.0,1
383.12,1,379,0,0,0,338.0,1
152.19,2,830,0,0,1,395.0,0
28.39,2,890,0,0,0,1282.0,0
56.11,4,1172,0,0,2,404.0,1
52.07,1,816,0,0,0,359.0,1
11.22,7,1243,0,0,1,19.0,1
21.32,5,177,0,0,0,2619.0,1
31.16,2,1490,0,0,0,263.0,0
7.13,1,794,0,0,2,1514.0,0
57.25,2,890,0,0,1,641.0,0
42.56,4,1187,1,0,0,364.0,1
10.25,1,1308,0,0,0,767.0,0
81.79,3,887,0,0,0,536.0,1
111.71,8,410,1,0,1,1022.0,1
68.51,2,698,0,0,0,2109.0,0
39.49,3,6,1,0,1,94.0,1
98.64,2,1074,0,0,0,364.0,1
107.79,2,817,0,0,0,151.0,1
74.25,4,442,0,0,2,6185.0,0
23.94,9,46,0,0,0,1536.0,1
72.0,3,217,0,1,0,3090.0,0
180.45,5,1233,0,0,0,558.0,0
30.07,3,346,0,0,0,4064.0,0
444.94,1,1429,0,0,1,1785.0,1
32.28,2,608,0,0,0,938.0,1
56.4,2,25,0,0,0,1652.0,1
27.87,5,1376,0,1,0,245.0,1
68.26,5,1149,0,0,0,676.0,1
9.56,2,1087,0,0,0,1395.0,1
31.63,2,339,0,0,1,1841.0,1
18.32,6,322,1,0,0,440.0,1
62.51,2,163,0,0,0,8661.0,0
147.59,6,336,0,0,1,3222.0,1
104.17,3,464,0,0,0,1561.0,1
5.1,2,1313,0,0,0,6523.0,0
420.76,3,1267,1,1,1,1294.0,1
73.35,2,1330,1,0,0,5293.0,0
25.12,5,1176,0,0,0,2508.0,0
63.89,1,1119,0,0,1,441.0,0
65.12,4,407,0,0,0,936.0,1
28.03,4,337,0,0,1,549.0,1
66.55,5,97,0,0,0,2303.0,1
29.74,4,805,0,0,1,2619.0,0
36.44,3,356,0,0,3,2075.0,0
27.49,3,1087,0,0,0,1420.0,1
13.03,2,440,0,0,0,926.0,1
63.17,1,319,0,0,0,7474.0,0
98.03,2,787,0,1,0,51.0,1
91.37,5,917,0,0,0,238.0,1
123.96,4,83,0,0,0,1644.0,1
75.52,2,1434,0,0,0,2538.0,1
32.05,3,105,0,0,2,5689.0,0
126.43,2,179,0,0,1,1214.0,1
14.05,6,768,0,0,0,556.0,1
22.18,4,338,0,0,0,3582.0,1
20.82,6,206,0,1,1,1046.0,1
160.78,3,210,0,0,0,249.0,1
140.16,0,741,0,0,0,1329.0,0
88.88,2,860,1,0,1,1342.0,0
159.48,5,634,0,0,0,469.0,1
22.66,4,353,0,0,0,276.0,1
77.37,2,1414,0,0,0,277.0,1
48.17,1,647,0,1,0,3120.0,1
127.34,4,1469,0,0,0,1251.0,1
48.66,6,603,0,0,3,2400.0,1
37.15,8,1126,0,0,0,5909.0,0
93.78,2,161,0,0,0,2826.0,1
131.13,1,908,0,0,0,307.0,1
27.98,3,1381,0,0,3,980.0,1
51.36,2,143,0,0,0,1234.0,0
18.95,4,1002,0,0,1,2175.0,1
4.49,2,1437,0,0,1,6029.0,1
66.72,6,1283,0,0,2,604.0,0
100.37,2,666,0,0,0,3555.0,0
70.96,0,1145,0,0,5,135.0,0
7.77,4,813,0,0,0,3700.0,0
38.44,3,646,1,0,0,2135.0,1
5.94,3,99,0,1,1,52.0,1
214.8,1,216,0,0,0,1698.0,0
18.43,5,738,0,0,0,4822.0,0
191.6,4,438,0,0,1,1020.0,1
140.59,2,472,0,0,0,225.0,0
22.18,4,403,0,0,1,8056.0,0
17.59,4,13,0,0,0,970.0,1
77.51,2,313,0,0,1,1351.0,1
23.47,4,235,0,0,0,6157.0,0
60.49,3,1107,0,0,1,1582.0,1
33.69,3,243,0,0,0,2030.0,1
9.2,1,341,0,0,1,2228.0,0
5.87,4,1248,1,0,1,2521.0,0
68.49,3,185,0,0,0,2898.0,0
31.14,2,686,0,0,1,140.0,0
31.4,3,780,0,0,0,4902.0,1
109.49,3,1437,0,0,2,1419.0,1
176.52,2,1121,0,0,0,1374.0,0
41.57,4,321,0,0,0,3249.0,0
38.84,0,127,0,1,1,659.0,1
90.03,1,900,0,0,0,1920.0,0
14.06,4,973,0,0,0,686.0,0
68.25,2,215,1,0,0,2575.0,1
94.81,5,540,0,0,0,1021.0,1
107.79,3,1074,0,0,0,372.0,0
7.87,6,268,0,0,0,4312.0,1
25.5,3,83,1,1,1,2519.0,1
22.69,3,244,0,0,1,26.0,1
60.33,3,225,1,0,1,120.0,1
88.3,2,990,1,0,1,858.0,1
243.89,3,1387,1,0,0,2726.0,0
33.28,1,111,0,0,1,581.0,0
33.2,5,1391,0,0,1,8432.0,0
172.37,2,390,0,0,0,4526.0,0
73.45,0,324,0,0,0,3600.0,1
193.96,9,588,0,0,0,17.0,1
72.87,3,23,0,0,0,5984.0,0
17.17,5,156,0,0,0,1611.0,0
14.39,1,1227,0,0,1,1611.0,0
11.57,4,732,0,0,1,187.0,0
105.85,4,98,0,0,0,1692.0,1
179.22,3,304,0,0,0,1354.0,0
347.01,4,162,0,0,0,1403.0,0
126.86,2,604,0,0,0,382.0,0
174.66,3,1466,0,0,1,1410.0,1
30.57,5,674,0,0,0,135.0,1
17.18,2,1081,0,0,1,39.0,1
127.75,3,745,1,0,0,432.0,1
82.9,2,541,0,1,1,2912.0,1
60.79,4,858,0,0,0,1665.0,1
80.43,1,636,0,0,0,4045.0,0
75.43,1,436,0,0,1,887.0,1
197.12,3,354,0,0,0,775.0,1
199.33,2,1491,0,0,1,2167.0,0
94.09,3,861,0,0,0,941.0,1
127.21,5,1131,0,0,0,864.0,1
91.29,2,670,0,0,0,1129.0,1
34.43,1,343,0,0,0,219.0,0
116.35,4,861,0,0,1,408.0,1
13.54,3,84,0,0,1,1664.0,1
156.63,6,849,1,0,0,1688.0,1
16.53,3,410,0,0,1,1606.0,0
72.66,4,1063,0,0,0,401.0,0
23.45,1,33,0,1,1,1030.0,1
94.95,6,789,0,0,2,4569.0,1
52.78,4,1202,0,0,1,3551.0,0
11.08,4,384,0,0,1,1468.0,1
83.15,4,215,0,0,0,4160.0,1
30.63,4,858,0,0,0,2023.0,1
131.78,1,1225,0,0,3,957.0,0
54.67,2,397,0,0,0,2696.0,0
81.08,5,826,0,0,0,647.0,0
20.96,2,684,0,0,1,3472.0,0
30.29,5,207,0,0,2,720.0,0
34.51,2,1312,0,0,0,2849.0,0
128.6,0,571,0,0,1,595.0,1
292.18,3,1260,1,1,0,4478.0,1
24.41,4,429,0,0,2,368.0,0
160.27,1,552,0,0,1,2285.0,1
6.24,1,82,0,1,1,946.0,1
16.54,4,1186,0,0,0,34.0,1
20.93,3,113,0,1,0,726.0,1
14.12,3,601,0,1,0,408.0,1
11.21,3,1423,1,0,0,1458.0,1
82.52,2,472,0,0,0,542.0,1
44.08,2,1289,0,0,0,136.0,0
79.79,3,1113,0,1,0,5507.0,0
108.9,2,1391,0,0,1,3357.0,0
71.21,4,216,0,0,1,84.0,1
105.4,2,270,0,0,1,570.0,0
50.93,3,901,0,0,0,1792.0,0
16.66,1,816,0,0,1,698.0,0
157.25,4,825,0,0,0,596.0,1
30.29,2,572,0,0,2,1631.0,1
21.42,4,1480,0,0,1,389.0,0
45.7,3,337,1,0,0,1882.0,0
21.92,4,758,1,1,0,168.0,1
35.97,5,299,0,0,0,707.0,1
77.02,5,1238,0,0,0,221.0,1
77.35,3,594,0,0,0,633.0,1
22.25,2,859,0,0,1,2067.0,0
33.53,2,64,0,0,0,2598.0,1
159.87,1,770,0,0,2,282.0,0
89.69,3,630,0,0,0,2468.0,0
434.88,3,832,0,0,1,158.0,1
177.71,1,328,0,0,1,439.0,0
171.45,0,853,0,0,1,1249.0,1
13.63,2,536,0,0,0,6389.0,0
117.2,1,1410,0,0,1,6539.0,0
51.77,5,1339,0,0,0,1171.0,1
31.47,4,614,0,0,1,2942.0,1
64.59,3,418,0,0,1,1451.0,1
140.5,6,312,0,0,0,2508.0,0
90.09,5,1484,0,0,1,1906.0,1
22.68,3,370,0,0,0,2150.0,1
114.72,6,5,1,0,3,1042.0,1
28.86,4,109,1,1,1,3223.0,1
67.81,1,183,0,0,1,1062.0,1
40.31,5,1316,1,1,1,2202.0,1
43.87,8,840,1,1,0,3676.0,1
117.48,2,1109,0,0,0,1919.0,0
19.29,2,1198,1,0,1,1283.0,1
381.91,4,564,1,0,0,1353.0,1
8.84,4,644,0,0,0,2221.0,0
30.03,1,184,0,0,0,174.0,0
79.06,0,1291,0,0,0,1822.0,1
97.94,3,470,0,0,2,846.0,1
49.38,2,1129,1,0,0,262.0,1
51.55,6,178,0,0,2,4386.0,1
82.31,2,1406,1,0,0,1239.0,1
43.33,2,1137,0,0,1,1099.0,1
219.9,3,286,0,0,0,1407.0,0
126.39,4,123,1,1,1,1754.0,1
130.69,4,88,1,1,2,390.0,1
20.78,1,537,0,0,4,1768.0,0
50.43,2,542,1,0,0,782.0,0
40.43,8,679,1,0,0,2258.0,1
19.97,3,892,1,0,0,2660.0,0
78.27,3,420,0,1,0,14.0,1
31.89,3,692,1,0,0,2268.0,1
105.15,2,517,0,0,0,782.0,1
18.72,2,714,1,0,0,652.0,0
304.61,2,1280,0,0,0,840.0,1
22.28,1,654,0,0,0,1543.0,1
67.99,5,916,1,0,0,219.0,0
120.53,6,100,0,0,2,2157.0,1
30.86,3,1012,0,0,1,1060.0,0
128.06,6,1305,1,0,0,313.0,1
15.97,2,169,0,0,2,1282.0,1
233.25,3,1390,0,1,0,1536.0,0
55.38,2,1407,0,0,1,765.0,0
30.07,3,325,0,1,0,4138.0,1
40.48,5,1257,0,0,2,2151.0,1
122.6,3,1115,0,0,2,1949.0,0
30.43,3,770,0,0,0,99.0,1
25.81,3,908,0,0,1,1254.0,1
43.75,5,28,1,0,0,3424.0,0
16.83,4,44,0,0,0,1986.0,1
337.16,3,653,0,0,1,477.0,1
30.99,1,811,0,0,0,3555.0,0
125.41,4,311,0,0,1,830.0,0
67.32,1,832,0,0,0,4438.0,0
20.4,7,1397,0,0,0,1292.0,1
54.27,5,297,0,0,0,2780.0,1
119.58,4,1068,0,0,0,1704.0,0
45.23,7,11,1,0,0,620.0,1
180.03,4,787,0,0,1,1909.0,0
151.64,7,381,1,0,2,17.0,1
136.85,4,923,0,0,0,3245.0,0
34.48,3,505,0,0,0,6078.0,1
18.54,1,199,0,0,1,418.0,0
29.56,3,1493,0,0,1,3872.0,1
66.44,1,1145,0,0,0,331.0,1
94.23,4,1038,0,0,1,1217.0,0
6.22,3,477,0,0,1,623.0,1
54.16,3,1432,0,1,1,383.0,0
63.95,3,576,0,0,1,2537.0,1
41.37,2,732,0,0,2,2957.0,0
198.6,4,664,1,0,0,3283.0,1
83.24,6,95,0,0,2,15.0,1
202.39,1,268,0,1,2,3389.0,1
43.99,6,193,0,0,1,95.0,0
139.42,7,444,0,0,0,1071.0,1
280.08,2,1082,0,0,0,347.0,1
202.69,3,989,0,0,1,4270.0,0
18.32,1,94,0,0,0,1547.0,0
42.37,2,298,0,0,1,1138.0,1
38.66,2,513,0,0,0,1057.0,0
89.06,3,1430,0,0,0,933.0,0
108.46,3,1386,0,0,0,1156.0,1
23.6,4,1352,0,0,1,1501.0,1
58.43,0,909,0,0,1,3058.0,0
7.24,2,206,0,0,0,489.0,0
230.89,3,1217,0,1,0,2937.0,0
32.71,4,224,0,0,0,3195.0,0
57.74,1,38,0,0,0,3430.0,0
40.06,1,448,0,0,1,5112.0,0
171.75,3,844,0,0,0,5647.0,0
3.2,3,820,0,0,0,206.0,1
53.7,3,1007,0,0,3,3782.0,1
49.12,4,111,0,0,1,3361.0,0
34.69,2,252,0,0,1,853.0,1
306.81,4,1496,1,0,0,2116.0,1
22.48,5,492,0,0,1,4704.0,0
118.13,5,596,0,0,0,172.0,0
77.96,5,364,0,0,1,788.0,0
192.77,1,1184,0,1,0,6570.0,0
28.02,1,512,0,0,0,1430.0,0
26.23,1,667,0,0,2,173.0,1
163.38,5,98,0,0,0,5841.0,0
83.54,5,1021,1,0,1,4195.0,0
11.65,5,598,0,0,1,2956.0,1
31.84,1,259,0,0,1,2840.0,1
80.35,2,81,0,0,1,1198.0,1
126.19,3,1486,0,0,1,3747.0,0
27.68,3,859,0,0,3,657.0,0
2.96,3,359,0,0,0,799.0,0
92.13,3,468,1,1,0,438.0,1
16.11,1,366,0,0,1,929.0,1
7.26,2,1119,0,0,1,479.0,1
3.21,1,1311,0,0,2,747.0,1
123.22,3,704,0,1,0,2110.0,1
62.09,6,43,0,0,0,1012.0,1
43.57,4,1182,1,0,1,2627.0,1
218.99,5,235,0,1,1,1174.0,0
103.27,3,475,0,0,0,270.0,1
274.87,1,895,0,0,0,2439.0,1
13.56,2,957,0,0,0,123.0,1
52.74,5,1436,0,0,0,5139.0,0
10.84,7,394,0,0,1,3310.0,1
43.41,5,1168,0,0,2,5939.0,1
42.58,3,927,1,0,0,515.0,0
102.17,4,10,0,0,0,1181.0,1
57.14,2,330,0,0,0,386.0,0
101.84,3,1292,1,0,0,988.0,1
110.33,4,481,0,0,0,503.0,1
471.03,1,1180,1,1,0,3448.0,1
39.83,4,530,0,0,0,233.0,1
21.31,4,948,0,1,1,459.0,1
69.83,1,924,0,1,0,552.0,0
24.48,0,1308,0,0,0,2412.0,1
240.32,2,743,0,0,0,1791.0,0
41.13,3,960,0,0,0,264.0,1
31.01,4,270,0,0,0,1675.0,0
34.08,3,264,0,0,1,3372.0,0
111.99,3,478,0,0,0,1083.0,0
46.63,2,356,0,0,1,1703.0,1
28.74,3,1283,0,0,0,1367.0,0
288.69,4,202,0,0,1,797.0,1
23.19,6,137,0,0,1,5.0,1
56.57,3,1071,1,0,0,371.0,1
104.83,5,63,0,0,0,5293.0,0
10.68,3,936,0,0,0,788.0,1
88.26,3,77,1,0,0,635.0,1
19.01,2,854,0,0,1,1713.0,1
124.31,3,633,1,0,1,4214.0,1
20.85,2,1479,0,0,1,648.0,0
109.16,2,13,0,0,1,454.0,1
164.98,5,390,0,1,1,4180.0,0
129.21,4,1482,1,0,0,2673.0,1
70.2,0,669,0,0,0,2183.0,0
43.32,2,468,0,0,2,1466.0,1
30.68,4,704,0,0,0,998.0,1
237.71,5,341,0,0,0,1828.0,0
27.13,2,1079,0,0,0,440.0,1
19.35,2,1437,1,0,0,3060.0,1
106.2,4,1358,1,0,0,969.0,0
24.63,3,311,0,0,0,2530.0,0
21.11,4,188,0,0,1,3005.0,1
12.89,2,681,1,0,0,141.0,0
33.69,4,1030,1,0,1,2026.0,1
50.26,2,614,1,0,1,649.0,1
69.62,0,1437,1,0,1,800.0,0
141.36,3,280,0,0,1,2380.0,1
92.47,3,51,0,1,0,5681.0,0
45.11,5,785,0,0,0,2930.0,1
44.78,6,1252,0,0,1,621.0,0
90.94,2,1301,0,0,0,2215.0,0
194.92,10,595,0,0,0,715.0,1
61.95,3,1342,0,0,2,1042.0,1
34.15,1,983,0,0,0,236.0,1
20.23,5,347,1,0,0,3236.0,1
12.87,3,117,0,1,1,1874.0,1
106.3,2,75,0,0,0,3578.0,1
97.32,2,474,0,0,0,455.0,0
97.26,6,1397,0,0,1,249.0,1
48.01,1,1334,0,1,0,3042.0,0
222.95,2,171,0,0,3,3801.0,0
33.65,5,726,0,0,0,340.0,0
141.92,2,723,0,0,0,1848.0,1
52.52,4,1019,0,0,0,325.0,1
29.71,3,240,0,0,0,26.0,1
98.74,3,821,1,0,0,1407.0,1
82.24,3,808,0,0,1,5404.0,0
78.02,1,1176,0,0,0,1607.0,0
59.22,1,76,0,0,0,1009.0,0
52.57,4,736,1,0,1,596.0,1
594.89,4,642,0,0,0,595.0,0
178.44,2,1275,0,0,0,549.0,1
112.49,4,838,0,0,0,422.0,1
61.06,2,260,0,0,1,124.0,0
149.48,2,317,0,0,0,2547.0,1
91.65,3,717,1,0,1,682.0,1
56.05,3,1150,0,0,0,305.0,0
40.3,2,704,0,1,1,1668.0,0
50.35,2,548,0,0,0,4902.0,0
2.29,2,1383,0,0,0,2099.0,0
67.4,1,166,0,0,0,383.0,1
33.5,2,338,0,0,0,962.0,0
268.45,3,816,0,0,0,3139.0,0
55.66,1,1377,0,0,0,94.0,1
16.63,3,414,0,0,1,739.0,1
51.94,1,703,0,0,0,883.0,1
19.18,1,1049,0,0,0,1085.0,0
87.65,3,772,0,0,1,1472.0,1
73.04,4,632,0,0,0,1225.0,1
142.29,7,1377,0,0,2,320.0,1
24.76,2,490,0,0,1,971.0,1
56.49,3,725,0,0,0,829.0,0
13.94,2,449,0,0,0,4769.0,0
110.11,4,329,1,0,0,2444.0,1
91.73,1,577,0,0,2,3619.0,0
89.64,3,367,0,1,0,2226.0,1
54.69,6,1112,0,0,1,105.0,0
82.66,1,956,0,0,0,1157.0,1
271.6,4,955,0,0,0,2709.0,0
41.05,3,409,0,0,0,1611.0,1
62.72,3,1260,0,0,1,2558.0,0
18.43,2,50,1,0,0,5883.0,0
22.91,3,183,0,0,0,512.0,0
60.21,4,394,0,0,0,7376.0,1
164.67,1,990,0,0,1,231.0,1
42.25,3,877,0,1,0,4547.0,1
43.12,4,186,0,0,0,386.0,1
36.35,4,89,0,1,0,2287.0,0
31.98,3,1015,1,1,0,2753.0,1
73.33,2,86,0,0,3,3000.0,1
12.22,4,120,0,0,2,1036.0,1
196.55,6,88,0,0,1,334.0,1
28.07,3,1080,0,0,1,2862.0,1
112.38,7,1179,0,0,0,1861.0,0
15.33,3,1114,0,0,2,537.0,0
106.57,2,912,1,0,0,897.0,1
106.91,2,1318,0,0,0,636.0,1
80.17,5,361,0,0,0,4433.0,0
20.2,4,708,0,0,1,2931.0,0
70.07,1,535,0,0,1,3855.0,1
16.73,3,595,0,0,0,95.0,1
42.4,1,696,0,0,0,1947.0,0
152.84,5,735,0,0,0,561.0,1
121.11,4,1112,0,0,0,2482.0,0
55.43,0,971,0,0,1,3991.0,0
20.6,2,53,0,0,0,2614.0,0
104.12,2,403,0,0,0,4352.0,0
55.67,3,873,0,0,0,916.0,0
5.36,6,822,0,1,1,1761.0,1
119.42,3,1268,0,0,0,1159.0,0
53.29,3,638,0,0,2,3190.0,1
181.72,3,877,0,0,2,1490.0,0
18.26,3,713,0,0,1,2227.0,0
2.28,2,52,0,0,3,1794.0,0
72.17,1,1267,0,0,1,3567.0,0
73.08,1,402,1,0,0,1353.0,1
10.07,2,619,1,1,0,207.0,1
20.52,1,664,0,0,0,5353.0,0
858.53,4,1137,0,0,2,1461.0,0
40.22,5,902,0,0,0,2748.0,0
113.4,5,223,0,0,0,2046.0,0
28.48,2,667,0,0,1,1017.0,0
6.75,4,1455,1,0,0,5440.0,0
46.05,2,174,0,0,0,2376.0,0
41.86,4,1371,0,0,0,474.0,1
36.6,4,347,0,1,0,9856.0,0
48.68,7,185,0,0,0,16010.0,0
71.11,2,396,1,0,0,615.0,1
46.99,2,1309,0,0,0,7582.0,0
15.43,9,313,0,0,0,1729.0,1
88.78,4,1222,0,1,3,369.0,1
7.77,5,1095,0,0,2,6891.0,0
7.03,1,710,0,0,0,193.0,0
114.34,0,565,0,1,1,1826.0,1
90.65,4,1491,0,0,1,3266.0,0
51.55,3,462,0,0,0,3182.0,0
13.53,1,872,0,0,0,11.0,0
26.9,6,821,0,0,0,997.0,0
41.98,1,115,0,0,0,167.0,1
11.07,0,864,0,0,0,541.0,0
26.07,1,383,0,1,0,5006.0,0
104.83,1,1219,1,0,0,3884.0,0
227.54,6,1231,0,0,1,1938.0,1
35.89,3,1456,0,0,1,4116.0,0
116.34,2,1486,0,0,0,684.0,1
8.05,7,111,0,0,0,3170.0,0
105.58,4,1464,0,0,1,2079.0,0
24.44,2,679,0,1,0,2384.0,0
74.24,2,613,0,0,1,161.0,1
42.62,3,1193,0,0,3,773.0,1
204.47,1,432,1,0,0,90.0,1
22.77,1,1282,0,0,0,294.0,0
102.27,2,790,0,0,0,570.0,0
41.28,3,1479,0,0,1,1586.0,1
46.6,3,352,0,0,2,2568.0,1
45.43,6,123,0,0,0,207.0,1
23.44,8,701,0,0,0,101.0,1
53.83,2,848,0,0,0,3872.0,1
51.28,2,1316,0,0,1,251.0,0
69.49,2,962,0,0,1,1071.0,1
59.41,1,337,0,0,2,215.0,1
121.27,3,771,0,0,1,1378.0,1
137.48,1,279,1,0,1,202.0,1
19.09,4,869,0,0,0,2586.0,0
130.16,4,1255,1,0,1,161.0,1
16.67,4,109,0,0,0,1012.0,0
98.28,2,840,0,0,0,982.0,0
101.47,1,1150,0,0,0,4564.0,0
8.07,2,580,0,0,1,1011.0,1
59.92,2,327,0,0,0,132.0,1
34.18,5,1291,0,0,1,1411.0,0
25.57,3,648,0,0,0,2323.0,1
210.79,2,1300,0,0,0,741.0,0
28.4,6,62,0,0,0,1688.0,0
24.38,4,171,0,0,0,233.0,1
58.89,4,1116,0,0,1,997.0,1
108.37,2,1099,0,0,0,327.0,1
47.39,1,121,0,0,1,576.0,1
175.28,2,484,0,0,0,1844.0,1
92.85,5,263,1,0,0,2521.0,1
6.18,3,138,0,0,0,672.0,1
32.15,4,1192,0,0,0,8256.0,0
31.13,1,516,0,0,1,603.0,1
88.18,4,201,0,0,2,293.0,1
3.96,5,102,0,0,1,3638.0,1
698.55,3,1009,0,0,1,1888.0,1
92.85,1,19,0,0,0,2049.0,0
63.36,3,366,0,1,0,2846.0,0
177.96,2,1446,0,0,2,13648.0,0
568.87,5,1383,0,0,0,602.0,1
130.42,3,641,1,1,0,1430.0,1
141.01,2,881,0,0,0,2193.0,1
62.22,3,949,0,0,0,285.0,0
47.39,1,149,0,0,0,660.0,0
33.93,1,497,1,0,1,659.0,1
23.9,4,1415,0,0,0,714.0,0
27.47,5,750,0,0,0,2280.0,1
14.15,1,7,1,1,1,1616.0,1
50.61,3,333,1,0,0,2265.0,0
10.13,3,1047,0,1,1,1293.0,1
66.08,2,982,0,0,0,5601.0,0
52.65,2,90,0,0,0,1324.0,0
63.24,4,583,0,0,2,1665.0,1
32.39,4,1090,0,0,1,638.0,0
1184.24,1,53,1,0,1,109.0,1
212.75,2,403,0,0,0,3042.0,0
15.73,3,704,0,0,0,3494.0,0
68.91,0,142,1,0,0,3425.0,1
29.73,1,1049,0,0,1,2912.0,0
19.8,7,762,0,1,0,563.0,1
14.3,3,33,0,0,2,1539.0,1
84.12,2,688,0,0,0,3037.0,1
27.62,7,1402,0,0,0,1768.0,1
143.71,4,1392,0,0,0,5730.0,1
147.49,1,1236,0,0,1,2038.0,0
215.71,3,876,0,0,0,1481.0,0
23.28,2,1157,0,0,0,9685.0,0
87.83,3,149,0,0,2,1377.0,1
102.77,11,827,1,0,0,6138.0,0
33.98,4,1400,0,0,1,22.0,1
25.23,1,1101,0,0,0,1438.0,0
273.01,2,526,0,0,0,614.0,1
68.55,3,959,0,0,0,906.0,1
103.13,2,566,0,0,0,166.0,1
24.0,2,685,0,0,0,552.0,0
16.13,2,946,0,0,1,1518.0,0
30.89,2,1116,0,0,0,2300.0,0
48.23,2,1407,0,0,1,4341.0,0
18.84,7,641,0,0,2,475.0,1
54.06,3,508,0,0,1,2856.0,1
10.09,0,130,0,0,0,45.0,1
17.81,5,1096,0,0,0,4037.0,0
106.8,2,767,0,0,1,1626.0,0
99.86,4,653,0,0,0,3364.0,1
36.9,2,998,0,0,0,530.0,1
19.73,3,403,0,0,1,840.0,1
19.54,3,1150,0,0,2,184.0,0
37.59,8,514,0,0,1,148.0,1
104.01,5,479,0,0,1,3152.0,1
138.14,7,1034,0,0,2,634.0,1
33.23,3,1477,0,0,0,783.0,1
17.23,2,471,0,0,1,1361.0,1
71.37,4,1398,0,0,3,1999.0,1
23.96,4,798,0,0,0,86.0,0
32.52,3,736,0,0,1,1537.0,1
205.47,3,1089,0,0,0,1695.0,1
124.85,0,109,0,0,0,3419.0,0
63.94,3,300,0,0,0,302.0,0
15.3,1,1066,0,0,0,1077.0,1
67.45,1,1283,0,0,1,1157.0,0
158.01,3,623,0,0,0,3386.0,0
37.5,2,414,0,0,2,810.0,1
210.84,3,933,1,0,0,152.0,1
198.89,3,28,0,1,0,1655.0,0
288.22,1,563,0,0,0,1952.0,0
74.09,3,1395,0,0,0,1572.0,0
98.24,3,213,0,0,0,1212.0,1
224.57,4,781,0,0,0,431.0,1
85.4,1,154,1,0,1,1392.0,1
33.07,1,872,0,0,0,66.0,1
34.86,2,158,1,0,1,1506.0,0
69.31,2,920,0,0,1,1209.0,0
15.02,2,294,1,0,0,5489.0,1
47.31,3,1385,0,0,0,694.0,0
163.46,0,1390,0,0,0,40.0,0
6.1,6,453,0,0,2,2570.0,1
253.28,2,784,0,0,1,330.0,0
167.73,5,622,0,0,1,1415.0,1
34.48,0,234,0,0,1,435.0,1
94.01,2,823,0,0,0,1396.0,1
54.77,5,177,0,0,0,1566.0,1
186.79,4,639,0,0,0,1951.0,1
145.87,2,592,1,0,0,840.0,1
13.46,2,52,0,0,0,113.0,1
98.23,3,817,0,0,0,1635.0,0
44.45,1,1472,1,0,1,3598.0,0
59.31,3,330,0,0,0,1342.0,0
26.36,6,785,0,1,2,518.0,1
313.61,2,822,0,0,1,960.0,0
154.48,3,296,1,0,2,1399.0,1
26.06,1,799,0,0,0,165.0,0
14.37,0,346,0,0,0,1511.0,1
37.13,2,154,0,1,1,208.0,1
84.31,3,232,0,0,1,353.0,0
69.42,6,332,0,0,1,899.0,1
191.16,1,1170,0,0,0,2891.0,0
120.29,2,379,0,0,0,3125.0,0
143.96,4,1400,1,0,0,598.0,1
75.71,3,568,0,0,0,1390.0,0
13.61,6,30,0,0,0,177.0,0
44.89,2,1453,0,0,1,10940.0,0
157.6,4,498,0,0,2,1910.0,1
51.86,6,494,1,0,1,457.0,1
90.3,2,564,1,0,0,4139.0,1
39.7,3,1220,0,0,0,775.0,1
19.5,1,740,0,1,0,579.0,0
48.26,6,1162,0,0,1,635.0,0
74.37,4,694,0,0,0,1198.0,0
28.34,2,1215,0,0,1,61.0,1
43.13,4,671,0,0,2,1897.0,1
21.34,4,704,0,0,0,5313.0,0
167.21,2,178,0,1,0,3043.0,0
40.67,5,412,0,0,0,3000.0,0
233.4,2,1387,0,0,0,2677.0,0
251.83,2,736,0,0,2,794.0,1
50.35,3,672,1,0,0,380.0,1
19.92,4,994,0,0,1,679.0,1
6.78,2,803,1,0,0,341.0,1
12.53,3,1273,0,0,2,3426.0,0
13.82,5,999,0,0,0,984.0,1
216.69,4,445,0,0,1,3008.0,0
61.3,2,341,0,0,1,617.0,1
80.61,4,800,0,0,0,279.0,1
5.93,2,1250,0,0,0,3680.0,1
16.48,3,1032,0,0,0,2887.0,0
132.57,2,535,0,1,0,1462.0,1
72.73,2,982,0,0,0,237.0,0
47.12,4,735,1,0,0,738.0,1
96.05,0,1373,0,0,0,107.0,0
280.28,1,1190,1,0,0,4113.0,0
43.77,6,1299,0,0,0,495.0,0
58.52,3,950,0,0,1,1333.0,1
66.19,4,548,0,0,1,5121.0,0
597.11,6,312,0,0,0,1757.0,0
6.69,4,969,0,0,0,1756.0,0
108.12,3,227,0,0,0,3220.0,1
48.68,2,1083,0,0,2,2128.0,0
96.23,6,769,1,0,0,1197.0,1
28.29,8,1121,0,0,0,235.0,1
51.99,5,721,1,0,1,1236.0,1
111.21,2,249,0,0,0,361.0,1
1227.72,1,261,0,0,0,1219.0,0
122.49,6,1427,0,0,0,40.0,1
23.38,3,58,0,0,0,782.0,0
35.74,1,1081,0,0,2,102.0,0
34.69,2,73,0,0,0,283.0,0
9.06,1,1414,0,0,0,2137.0,0
39.25,5,853,0,0,0,6737.0,0
113.62,3,534,0,0,0,1497.0,1
15.27,2,53,0,0,1,334.0,1
155.79,4,569,0,0,2,850.0,1
88.92,5,894,0,0,1,481.0,1
26.2,3,103,0,0,0,88.0,0
47.39,2,1136,1,0,1,4397.0,1
269.97,6,819,0,0,0,1406.0,0
113.7,0,918,0,0,0,290.0,0
55.08,2,370,0,0,2,2465.0,1
43.05,6,647,0,0,2,338.0,1
58.95,3,832,0,0,0,416.0,1
32.73,4,1209,1,0,1,1656.0,1
6.65,1,1050,1,0,0,1001.0,1
420.81,4,25,0,0,1,4052.0,1
63.77,2,837,0,0,1,1635.0,0
81.3,1,928,1,0,0,363.0,0
51.53,2,1288,0,0,0,1159.0,0
26.18,3,1244,0,0,1,2335.0,0
45.33,3,452,0,0,0,1650.0,1
11.03,3,707,0,0,1,697.0,1
532.24,4,1196,0,0,1,879.0,0
15.89,3,1194,0,1,1,1972.0,1
19.45,4,1419,0,0,0,1317.0,0
35.15,3,1136,0,0,1,138.0,0
197.96,1,895,0,0,0,1432.0,0
55.4,1,683,0,1,1,1092.0,0
15.86,1,686,0,0,1,3037.0,1
191.39,4,290,0,0,0,214.0,1
113.41,3,580,0,0,0,2.0,1
93.54,7,139,1,0,2,3094.0,1
111.69,7,1243,0,0,0,427.0,1
598.46,4,1427,1,0,0,58.0,1
485.46,4,498,0,0,1,450.0,1
27.48,3,841,0,0,2,3909.0,1
276.96,10,1049,0,1,0,338.0,1
80.09,3,406,0,1,1,694.0,1
89.94,4,1276,0,0,1,1698.0,1
10.05,2,446,0,0,0,356.0,1
46.04,5,677,0,0,0,1865.0,1
24.22,2,906,1,0,0,2208.0,0
124.97,3,820,1,0,0,473.0,1
159.35,2,1101,0,0,0,182.0,1
6.86,3,1348,0,1,0,925.0,0
53.41,4,480,0,0,0,2159.0,0
167.65,2,284,0,0,0,3023.0,1
45.3,5,1182,1,0,0,67.0,1
113.19,3,1192,0,0,0,1384.0,1
77.57,3,1173,0,0,2,536.0,1
76.83,4,1167,0,0,1,968.0,0
41.62,4,643,0,0,1,1354.0,1
16.17,4,1361,0,0,1,2392.0,0
17.79,0,1487,0,0,0,73.0,0
110.98,2,97,0,0,2,336.0,1
55.67,6,453,0,0,0,1724.0,0
47.54,2,1288,0,0,1,1046.0,0
35.73,4,393,0,0,2,424.0,1
40.24,3,1370,1,1,0,121.0,1
155.54,4,386,0,0,0,4433.0,0
39.05,3,165,0,0,0,812.0,0
14.28,2,1420,0,0,0,951.0,1
114.85,2,531,0,0,1,91.0,0
44.48,1,795,1,0,0,2415.0,0
56.34,3,450,0,0,0,8730.0,0
272.48,1,514,1,0,0,6895.0,0
53.49,6,405,0,0,0,671.0,0
72.91,1,522,0,0,1,5846.0,0
16.79,0,954,0,0,1,943.0,1
43.83,4,618,0,0,1,882.0,1
100.44,1,17,0,0,2,3207.0,1
11.53,4,204,0,1,0,2825.0,1
66.74,1,1031,0,0,0,1159.0,1
60.39,3,1034,0,0,0,1068.0,1
56.9,3,784,0,0,0,6221.0,0
154.03,2,13,0,0,2,945.0,1
76.28,4,189,0,0,0,3561.0,1
239.38,5,1456,0,0,0,2470.0,0
20.21,1,144,0,0,1,204.0,1
62.55,3,1449,0,0,0,312.0,1
59.41,6,286,0,0,0,69.0,1
18.74,1,328,0,0,0,64.0,1
142.07,3,695,0,0,2,1669.0,0
558.18,1,881,0,0,2,144.0,0
53.68,3,436,1,0,0,264.0,0
90.47,4,991,0,1,2,504.0,1
59.41,4,331,0,1,1,1451.0,1
26.75,3,1072,0,0,0,468.0,1
8.84,3,775,0,0,0,907.0,1
26.96,3,950,0,0,0,785.0,0
13.57,1,1281,0,0,0,908.0,1
300.1,2,1111,0,0,0,4762.0,0
48.66,4,1056,0,0,0,6294.0,0
38.63,2,318,0,0,0,135.0,0
132.84,5,1167,0,0,1,211.0,1
17.78,0,978,0,0,0,101.0,1
25.36,3,1116,0,0,1,883.0,0
58.44,2,189,0,0,0,3428.0,0
152.74,5,1102,0,0,0,2895.0,0
90.17,6,845,0,0,1,789.0,1
69.99,3,440,0,0,0,2500.0,0
59.03,1,34,1,0,1,6952.0,0
81.47,4,118,0,0,1,388.0,0
66.8,1,24,0,0,2,5978.0,1
19.49,4,779,0,1,0,2652.0,1
57.17,1,988,0,0,0,219.0,1
18.66,4,1438,0,0,0,2848.0,1
59.21,1,1238,0,0,2,194.0,1
33.76,5,129,0,0,1,54.0,1
691.86,2,212,0,0,0,2604.0,1
52.46,5,453,0,0,0,4056.0,0
13.41,2,161,0,1,3,921.0,1
47.74,3,1133,0,0,0,44.0,0
91.78,2,1452,0,0,0,1638.0,0
291.01,1,1088,0,1,1,478.0,0
30.28,7,1033,1,0,0,1413.0,1
11.22,4,32,1,0,0,689.0,1
123.57,3,1149,0,0,1,1753.0,1
13.73,6,1306,0,0,1,543.0,1
35.3,1,621,0,1,1,289.0,1
42.2,3,1194,0,0,0,2513.0,1
50.93,5,1200,0,1,0,1393.0,1
108.76,3,902,0,0,0,687.0,1
27.56,3,245,0,0,1,1779.0,0
41.52,1,256,0,0,0,609.0,0
53.82,4,744,0,0,1,818.0,0
63.41,4,1175,0,0,0,848.0,1
60.21,5,103,0,0,0,462.0,0
84.44,2,985,0,0,0,1046.0,0
126.96,2,537,0,0,0,3040.0,0
80.85,2,1165,0,1,0,6371.0,0
85.93,3,1297,0,0,1,446.0,1
11.22,3,620,1,0,0,5030.0,1
57.41,2,27,0,0,2,586.0,1
88.19,2,651,0,0,0,1142.0,0
113.18,2,134,0,0,0,191.0,1
27.32,5,293,0,0,0,1686.0,0
28.25,2,1248,0,0,0,1287.0,0
30.75,3,1392,1,0,0,2045.0,1
93.36,4,728,0,0,0,1651.0,0
153.53,2,715,1,0,0,7174.0,0
36.33,1,106,0,0,0,2647.0,1
135.36,5,477,0,0,2,6060.0,0
61.77,4,968,0,0,1,1342.0,1
48.22,4,888,1,0,0,595.0,1
44.2,3,1226,0,0,1,1367.0,0
115.19,3,1339,0,0,0,1132.0,0
75.61,6,1034,0,0,0,1003.0,1
531.56,1,1281,0,0,0,923.0,1
23.28,5,727,1,0,2,3002.0,1
91.66,5,146,0,0,0,2433.0,1
32.16,5,1382,0,0,0,1858.0,1
22.89,6,886,0,0,1,1864.0,0
54.01,2,735,0,0,0,843.0,1
62.64,3,1397,0,0,0,1038.0,0
1010.47,6,490,0,0,0,298.0,1
45.42,1,1127,0,0,1,1557.0,0
17.63,2,724,0,0,0,272.0,1
71.74,4,48,0,0,1,4444.0,0
6.86,1,1209,0,0,2,967.0,1
49.8,2,103,0,0,0,78.0,0
55.48,3,1248,0,0,1,3.0,0
120.86,0,1401,1,1,3,2030.0,1
144.55,3,983,0,1,0,1702.0,1
33.0,2,111,1,0,1,2648.0,1
46.96,0,322,1,0,0,2491.0,0
25.38,2,763,0,0,2,6.0,1
17.67,3,1010,0,0,1,329.0,1
74.43,0,1177,1,0,0,710.0,0
15.28,2,941,0,0,0,114.0,1
36.07,3,1380,0,0,1,353.0,0
20.18,1,937,1,0,1,1568.0,0
94.6,6,343,0,0,0,1099.0,0
330.77,3,632,0,0,0,3546.0,0
14.86,1,1441,0,0,1,456.0,1
8.56,2,284,0,0,0,1380.0,0
48.19,4,776,0,0,0,3561.0,0
55.46,1,737,1,0,0,112.0,1
67.94,5,766,0,0,0,3673.0,1
34.94,5,1181,0,0,0,759.0,1
44.67,1,880,0,0,0,3533.0,0
78.85,2,696,0,0,0,2061.0,0
154.54,2,1423,0,0,1,2011.0,0
7.73,4,805,0,0,1,88.0,1
37.75,2,915,0,0,0,5100.0,0
67.61,2,1387,0,0,1,1015.0,0
21.8,3,443,0,0,0,206.0,1
308.33,6,1459,0,0,2,2621.0,1
28.92,2,1365,1,1,0,3629.0,1
52.39,3,248,0,0,0,4774.0,0
95.2,3,931,0,0,0,1271.0,1
30.23,3,1498,0,0,1,931.0,1
8.61,3,118,0,0,0,1576.0,1
35.56,4,92,0,0,1,634.0,1
152.85,1,1461,0,0,1,898.0,1
38.98,2,848,0,0,1,1394.0,1
23.42,0,984,0,0,0,3131.0,0
137.78,2,1099,0,0,1,3457.0,0
39.22,6,79,0,0,0,253.0,1
32.78,4,695,0,0,0,259.0,1
63.4,3,1103,0,0,1,366.0,1
118.01,4,713,0,0,0,1633.0,1
590.94,2,205,0,0,0,408.0,0
124.87,0,818,0,0,0,1707.0,0
174.14,3,541,0,0,1,2326.0,0
32.92,0,826,0,0,0,3520.0,0
19.57,2,1306,0,0,1,3636.0,0
58.11,3,23,0,0,0,435.0,0
60.77,3,133,1,0,0,674.0,1
18.57,3,59,0,0,1,361.0,1
45.82,6,773,0,1,1,2054.0,0
81.4,2,442,0,0,0,2090.0,0
78.29,5,282,0,0,0,7.0,1
90.4,6,1195,1,0,0,324.0,1
73.04,4,1150,0,0,0,734.0,1
32.88,3,955,0,0,1,418.0,1
32.66,3,1110,1,0,0,1443.0,0
16.46,2,621,0,0,1,74.0,0
325.31,4,556,0,0,0,3150.0,0
55.34,6,716,0,0,0,1130.0,0
43.6,3,106,0,0,0,1622.0,1
21.57,3,219,0,1,0,1561.0,1
1028.3,2,922,0,0,0,1078.0,0
18.67,6,556,0,0,0,1508.0,0
35.56,2,729,0,0,0,142.0,1
82.75,3,305,1,0,2,874.0,1
99.51,3,91,0,0,1,2227.0,1
142.3,1,496,0,0,0,821.0,1
332.82,1,1105,0,1,0,528.0,1
90.57,2,697,0,0,0,1499.0,1
18.99,1,134,0,0,0,1165.0,1
42.23,5,407,0,1,0,1372.0,1
74.28,0,338,0,0,1,5723.0,0
431.91,3,1022,0,0,0,293.0,0
13.49,5,1090,0,0,0,1725.0,1
181.74,2,301,0,0,2,56.0,1
65.36,3,1267,0,0,0,1875.0,1
126.2,4,1272,0,1,0,396.0,1
49.3,3,516,0,1,1,2960.0,1
23.51,2,97,0,0,0,566.0,0
115.69,4,1378,0,0,0,923.0,0
105.05,1,1120,0,0,0,1305.0,1
144.32,1,953,0,0,1,1695.0,0
53.88,4,236,0,0,1,640.0,1
29.97,2,137,0,0,1,307.0,0
11.49,4,1381,0,0,2,1815.0,1
123.89,2,1072,0,0,0,1050.0,0
83.42,1,1188,1,0,0,107.0,1
20.78,3,500,0,0,1,1385.0,1
31.86,2,195,0,0,0,1133.0,0
34.23,2,274,0,0,2,1293.0,0
12.39,4,502,0,0,1,204.0,1
24.1,6,1497,1,0,1,1153.0,1
17.57,4,1004,0,1,1,2461.0,0
36.14,3,321,0,0,2,256.0,0
26.08,3,920,1,0,0,1759.0,0
10.73,3,181,0,0,1,353.0,1
412.65,1,426,1,0,0,666.0,1
191.05,0,821,0,0,0,811.0,1
25.05,2,1000,1,0,0,2594.0,0
71.7,1,574,0,1,3,461.0,1
82.89,3,1150,0,0,0,551.0,1
179.66,1,995,0,0,0,3674.0,1
24.08,6,1209,0,0,1,2449.0,1
162.73,2,140,0,0,0,1270.0,1
31.57,3,49,0,0,0,684.0,0
14.36,3,1495,0,0,0,2824.0,0
112.63,0,497,0,0,0,1488.0,0
198.49,3,1174,0,0,0,722.0,1
726.26,3,324,0,0,1,681.0,1
16.45,2,1351,0,0,0,1100.0,0
109.83,3,919,0,0,1,5345.0,0
36.24,1,351,0,0,1,1855.0,1
119.51,3,278,0,0,0,2047.0,0
12.55,3,1171,0,1,0,881.0,1
15.44,7,565,0,0,0,6757.0,1
25.13,0,1310,0,1,0,941.0,1
59.08,6,154,1,0,0,22.0,1
28.76,4,425,0,0,1,2908.0,1
105.54,4,1174,1,0,1,1295.0,1
152.46,3,1097,0,0,2,293.0,0
99.44,7,302,1,0,0,42.0,1
275.56,3,1082,0,0,0,8727.0,0
82.75,2,541,0,0,0,1876.0,0
16.17,6,914,0,0,0,1129.0,1
213.44,2,671,0,0,0,731.0,1
29.81,2,1312,0,0,2,135.0,0
135.7,5,9,0,0,0,1866.0,1
263.42,2,480,0,1,0,829.0,1
86.2,1,776,1,0,1,8234.0,0
12.23,5,1432,0,0,0,207.0,0
21.8,0,68,1,1,2,509.0,1
204.95,3,1332,0,1,1,930.0,1
46.1,1,302,0,0,0,2874.0,0
59.12,3,273,0,0,0,2701.0,0
116.61,3,533,1,0,0,504.0,1
109.54,3,560,0,0,0,807.0,1
72.15,2,764,0,1,1,110.0,1
44.32,5,1477,0,0,0,856.0,1
39.94,6,517,0,0,0,332.0,1
128.75,5,478,0,1,1,4536.0,0
94.97,2,518,0,0,0,2970.0,0
42.21,2,742,0,0,1,325.0,1
161.11,7,968,0,0,1,1215.0,1
47.99,3,944,0,0,0,5720.0,0
23.3,4,46,0,0,2,952.0,0
25.56,2,1024,0,0,0,1070.0,0
20.52,2,624,0,0,0,752.0,0
41.58,2,1481,0,0,0,1220.0,1
187.49,7,447,1,0,2,1634.0,1
24.41,0,643,0,1,0,170.0,0
65.92,8,671,0,0,1,175.0,1
28.31,5,379,0,0,0,2638.0,0
42.08,4,615,0,0,0,7308.0,1
12.06,6,647,0,0,1,1216.0,1
43.79,2,16,0,1,1,3557.0,1
44.98,5,604,0,0,1,3658.0,0
93.72,3,1402,0,0,1,830.0,1
68.26,2,655,0,0,0,718.0,0
16.47,6,775,0,0,0,2354.0,0
161.45,5,355,1,1,0,4345.0,1
67.38,5,479,0,0,0,3459.0,0
66.58,3,1416,0,0,0,692.0,1
54.1,3,1208,0,1,1,789.0,1
32.53,3,1488,0,0,0,2399.0,1
67.88,4,610,0,0,1,687.0,1
87.85,3,385,0,0,0,3439.0,0
9.52,2,718,0,0,0,1281.0,1
31.86,2,531,1,0,1,623.0,1
42.31,1,1111,0,0,0,607.0,1
70.54,1,192,0,0,0,2758.0,1
180.06,3,642,0,0,0,240.0,0
25.24,5,1228,0,0,0,4837.0,0
33.18,2,23,0,0,0,960.0,0
32.7,3,696,0,1,1,3343.0,0
24.5,5,849,0,0,1,2829.0,0
38.58,2,159,0,0,0,2719.0,0
118.01,2,1338,0,1,0,2020.0,0
19.03,3,1015,0,0,1,1246.0,1
83.75,3,268,0,0,0,889.0,1
9.96,1,633,0,0,0,1565.0,0
31.15,5,675,0,0,2,1347.0,1
39.27,5,1028,0,0,0,778.0,1
291.45,1,796,0,0,0,1223.0,1
41.48,4,1254,0,0,1,818.0,1
6.04,5,1354,0,1,1,1931.0,1
7.4,3,1230,1,0,1,3244.0,1
56.49,1,1029,0,0,0,2783.0,0
100.86,5,1177,0,0,0,750.0,1
79.48,5,1449,0,0,1,1282.0,1
64.56,4,1005,0,0,1,19.0,1
174.56,3,1041,0,0,2,3676.0,0
31.83,3,212,0,0,0,507.0,1
133.61,3,1313,1,0,1,1047.0,1
10.68,2,178,0,0,0,298.0,1
22.09,2,174,0,0,0,2040.0,1
8.96,4,755,1,0,0,1419.0,1
41.48,1,623,0,0,0,817.0,0
52.13,2,644,0,0,1,1379.0,0
61.2,3,31,0,1,2,333.0,1
58.08,0,4,0,1,0,2690.0,1
21.59,2,891,0,0,0,557.0,1
45.14,2,18,0,0,0,1718.0,0
12.21,2,1019,0,1,1,4134.0,1
213.41,4,1362,0,0,0,71.0,0
40.3,3,232,0,0,1,882.0,1
33.49,1,48,0,1,1,261.0,1
267.45,5,63,0,0,0,4308.0,0
15.76,4,270,0,0,1,804.0,0
17.72,5,1114,0,0,1,432.0,1
18.24,3,289,1,1,0,2031.0,1
51.02,3,1105,0,0,0,1410.0,0
84.07,2,170,0,0,1,3056.0,1
114.4,2,896,0,0,1,2518.0,1
714.79,3,624,1,0,1,6616.0,1
5.76,1,99,0,0,0,171.0,1
100.36,2,883,0,0,1,151.0,1
31.28,7,683,0,0,0,4282.0,0
30.37,2,697,0,0,0,5611.0,0
29.38,3,143,1,0,1,940.0,0
22.0,3,306,0,0,0,1095.0,0
294.28,4,372,0,1,0,828.0,1
126.76,3,575,0,0,0,2707.0,1
55.88,3,582,0,0,2,2652.0,1
210.82,5,393,0,0,1,448.0,1
12.03,1,1128,1,1,0,872.0,1
14.43,2,1170,0,0,0,430.0,0
6.18,2,1,0,0,0,86.0,0
27.13,4,728,0,0,1,104.0,0
64.18,1,1149,0,1,0,286.0,0
60.51,2,370,0,0,1,55.0,0
63.39,1,1060,0,1,0,990.0,0
13.32,3,242,0,0,1,119.0,1
121.89,2,978,0,0,1,3384.0,0
69.38,1,963,0,0,0,2241.0,0
113.64,4,490,0,0,0,2755.0,0
8.23,4,765,0,0,0,1730.0,1
74.55,1,1189,0,0,2,1963.0,1
16.65,0,968,0,0,0,217.0,0
36.7,1,122,0,0,0,108.0,1
93.16,2,594,0,1,1,8153.0,0
59.81,2,997,0,0,0,840.0,1
23.3,3,1100,0,0,2,95.0,0
54.94,3,333,0,0,0,313.0,0
11.8,4,910,0,1,2,3732.0,1
172.48,3,714,1,1,0,415.0,1
44.47,2,86,0,0,0,1133.0,1
167.09,2,777,0,0,0,1982.0,1
32.25,3,1496,0,1,0,6080.0,1
32.34,3,370,0,0,1,26.0,1
25.43,7,337,0,0,0,1204.0,1
131.13,2,581,0,0,1,9953.0,0
26.86,2,930,0,1,0,234.0,0
104.02,4,1089,1,0,1,238.0,1
37.25,2,936,0,0,0,164.0,0
7.57,5,392,0,0,0,1276.0,1
30.87,3,6,0,0,1,771.0,0
16.79,4,1413,0,1,0,2267.0,1
56.48,2,438,0,0,0,1525.0,1
16.6,4,1141,0,0,0,1565.0,0
137.82,2,146,0,0,0,1288.0,0
49.85,3,1015,0,0,0,8706.0,1
45.71,3,1121,0,0,0,1394.0,1
105.2,3,1334,0,1,0,135.0,0
143.15,7,162,0,0,0,700.0,0
53.51,2,1312,0,0,1,2731.0,0
25.25,6,563,0,0,1,1782.0,1
9.26,0,1018,0,0,0,2073.0,1
27.49,3,1365,0,0,0,4587.0,0
29.45,4,520,1,0,1,1056.0,1
60.77,2,1452,0,0,0,35.0,0
38.66,2,414,0,0,1,8306.0,0
108.63,3,1288,0,0,0,1091.0,1
29.58,4,826,0,0,0,185.0,1
51.57,4,892,0,0,0,1432.0,0
178.39,0,1371,0,0,3,1606.0,1
76.85,0,1383,0,0,0,1496.0,0
51.42,4,1160,0,0,0,6030.0,0
29.91,5,317,0,0,0,693.0,1
28.98,4,463,0,1,0,63.0,1
23.32,4,1022,0,0,0,4541.0,1
31.78,6,199,0,0,0,382.0,0
116.24,2,1100,0,0,0,2491.0,1
43.73,3,420,0,0,1,411.0,1
14.16,2,870,0,0,0,3179.0,0
319.95,1,1387,0,0,0,4263.0,0
75.19,7,1470,0,0,0,200.0,0
13.37,3,403,0,0,1,287.0,1
35.1,2,18,0,0,0,4669.0,0
61.0,5,369,0,0,1,2651.0,0
300.24,4,660,1,0,0,71.0,1
18.03,5,514,1,0,0,362.0,1
144.9,2,30,0,0,1,956.0,1
221.29,3,435,0,0,1,3594.0,0
29.12,0,1196,1,0,0,295.0,0
41.37,7,1274,0,0,0,2318.0,1
19.37,7,47,0,1,0,157.0,1
44.55,2,299,0,0,0,1133.0,1
52.64,2,1494,0,0,0,2350.0,1
105.6,3,1450,0,0,0,120.0,0
162.42,4,1299,0,0,0,411.0,0
25.84,2,387,0,1,1,2825.0,1
7.63,5,879,0,0,3,321.0,0
53.45,1,713,0,1,1,1982.0,1
73.23,0,456,0,0,0,1850.0,0
70.06,4,162,1,0,1,1323.0,1
39.38,1,1331,0,0,0,406.0,0
61.85,1,751,0,0,1,971.0,0
248.5,2,1439,0,0,0,1750.0,0
79.98,1,616,0,0,0,3843.0,0
37.59,1,339,0,0,0,2878.0,1
33.11,1,1061,0,0,1,1683.0,1
46.07,3,1248,0,0,1,467.0,0
280.55,4,59,0,0,2,440.0,1
45.45,3,876,0,1,0,3027.0,1
53.53,2,1244,1,0,1,1965.0,1
33.71,3,361,0,1,1,798.0,1
163.86,2,786,0,0,1,6403.0,0
387.55,3,25,0,0,0,3969.0,1
85.68,2,453,1,0,0,2004.0,1
59.31,4,1231,0,0,0,829.0,0
56.64,2,25,1,0,1,665.0,1
5.03,4,1108,0,0,0,5046.0,0
115.03,1,248,0,0,0,1055.0,1
62.44,2,1272,1,0,2,2897.0,1
83.79,4,1075,0,0,2,5056.0,1
26.8,4,949,0,0,2,1219.0,1
37.17,2,177,0,0,1,1906.0,0
36.2,7,125,0,0,0,162.0,1
151.66,2,166,0,0,0,1903.0,0
37.38,1,1372,0,0,1,436.0,1
438.19,0,126,1,0,0,1998.0,0
84.0,3,1393,0,0,0,192.0,0
15.25,2,882,0,0,1,1230.0,0
48.01,2,1271,0,0,1,1325.0,0
28.46,4,70,0,0,0,1189.0,0
6.08,1,523,0,0,0,2544.0,0
270.28,2,1107,0,0,1,2528.0,0
110.29,2,1424,0,0,0,2206.0,0
93.06,3,672,0,0,1,1798.0,1
64.42,1,1410,1,0,0,4226.0,0
13.71,3,1082,0,0,0,1543.0,0
33.66,2,1498,0,0,1,771.0,1
126.69,6,853,1,0,2,110.0,1
19.08,4,934,0,0,0,1381.0,1
4.34,4,1103,0,1,3,465.0,1
43.51,2,185,0,0,1,881.0,1
47.38,1,1101,0,1,1,92.0,1
62.52,9,1095,1,0,0,1843.0,1
113.13,6,1140,0,1,0,3920.0,0
103.3,3,1209,1,0,1,708.0,1
70.72,4,323,1,0,0,2941.0,1
180.46,3,15,0,0,0,243.0,1
11.95,4,852,0,0,0,2312.0,0
90.43,5,442,0,0,0,150.0,1
102.16,2,1082,1,0,2,539.0,1
15.81,2,1307,0,0,0,804.0,1
12.15,4,399,0,0,1,307.0,1
25.9,1,700,0,0,0,367.0,0
28.18,7,771,0,0,1,2161.0,1
115.98,2,1436,0,0,0,181.0,1
29.53,5,577,0,1,1,4890.0,0
23.19,5,1461,0,0,0,2633.0,1
29.62,5,916,0,0,1,794.0,1
167.11,1,1035,0,0,0,1784.0,1
55.31,5,191,0,0,1,2288.0,1
45.64,5,851,0,0,0,1625.0,1
48.91,2,60,0,0,0,1733.0,1
198.75,4,156,0,0,1,4458.0,0
25.81,5,1162,0,0,1,3833.0,0
203.47,6,1019,0,0,1,4412.0,1
67.39,3,469,0,0,0,3896.0,1
46.51,3,929,1,0,1,2082.0,1
665.74,4,315,0,0,2,1218.0,1
19.0,1,1203,1,0,0,1203.0,1
38.33,2,1070,0,0,1,2658.0,0
15.92,10,1421,0,0,0,4638.0,0
141.52,5,768,1,1,1,166.0,1
295.65,3,1373,0,0,0,3769.0,0
290.01,3,132,0,0,0,3411.0,1
185.67,2,411,0,0,1,165.0,0
44.81,3,136,0,0,1,1924.0,1
37.89,2,617,0,0,1,6429.0,0
10.27,5,814,0,0,0,3435.0,0
418.16,2,904,0,0,2,117.0,1
87.27,5,26,0,0,1,4667.0,1
33.38,3,513,0,0,0,342.0,0
206.04,2,491,1,0,1,135.0,1
20.64,4,993,0,0,1,465.0,1
81.99,3,766,0,0,1,1188.0,1
45.94,4,468,0,0,0,3040.0,1
103.41,3,722,0,0,1,559.0,1
51.24,2,1063,0,0,1,890.0,0
12.8,5,905,0,1,0,274.0,1
58.88,2,27,1,1,0,620.0,1
155.85,1,198,1,0,0,4182.0,0
53.03,4,916,0,0,0,2055.0,0
118.52,2,998,1,0,0,2017.0,1
19.19,5,742,0,0,0,517.0,1
53.18,3,1347,1,0,0,285.0,0
29.24,4,22,0,0,0,3931.0,0
115.24,2,1097,0,0,0,5177.0,1
56.34,1,441,0,0,0,99.0,0
108.86,3,392,0,0,0,1360.0,0
162.02,3,1356,0,0,1,1043.0,0
109.03,5,1,0,0,1,2414.0,1
71.75,5,438,0,0,0,647.0,0
20.12,1,908,0,0,0,1744.0,0
54.45,2,208,0,0,0,155.0,1
32.04,6,14,1,0,0,3116.0,1
38.7,1,1246,0,0,0,491.0,0
37.54,3,244,0,0,0,678.0,1
20.49,3,1299,1,0,0,855.0,1
7.71,4,108,0,0,0,417.0,1
27.99,4,1354,0,0,1,2979.0,0
66.25,5,125,0,0,0,128.0,0
14.18,2,1117,1,0,0,4880.0,0
55.46,1,412,0,0,1,4802.0,0
365.14,1,973,0,0,0,3162.0,1
151.87,3,237,0,0,0,5471.0,0
282.46,4,760,0,0,2,2577.0,1
80.73,5,655,1,0,0,1488.0,1
175.48,6,209,0,0,0,2302.0,1
26.47,5,1343,0,0,0,7.0,1
28.66,2,1047,0,0,2,2082.0,0
3.53,4,1451,0,0,0,77.0,1
178.78,3,10,0,0,0,3935.0,0
254.76,3,768,0,0,0,4083.0,0
31.4,4,959,1,0,0,219.0,1
42.35,1,1201,0,0,0,2049.0,0
25.69,1,766,1,0,2,1985.0,1
80.05,6,290,0,0,1,1241.0,1
168.16,1,80,0,0,0,46.0,1
9.56,2,406,0,1,1,218.0,1
82.22,2,1124,0,0,0,1938.0,1
41.4,2,419,0,0,0,1358.0,0
61.15,4,23,0,0,1,85.0,1
86.4,6,709,0,0,0,1312.0,1
45.23,5,1414,0,0,0,3406.0,0
49.23,2,247,0,0,0,3981.0,0
44.09,3,765,0,0,0,2149.0,1
144.07,4,486,0,0,1,1956.0,1
82.99,2,1043,0,0,0,2638.0,1
68.07,4,787,0,0,2,258.0,1
15.32,1,1134,0,0,0,380.0,1
37.39,0,879,0,0,0,1197.0,0
134.11,3,997,0,0,1,1079.0,0
56.7,4,599,1,0,1,367.0,1
105.59,1,396,0,0,0,2041.0,1
319.42,5,1037,0,0,0,2432.0,0
154.25,2,342,0,0,2,569.0,1
59.93,1,707,0,0,0,676.0,1
32.75,2,588,0,0,0,536.0,1
4.25,4,1183,0,0,0,588.0,0
46.14,2,1357,0,0,1,817.0,1
39.41,0,1047,0,1,1,1047.0,1
80.67,1,1021,1,1,1,1192.0,1
46.81,2,1264,0,0,0,1194.0,1
39.63,5,826,0,0,0,1729.0,1
9.21,3,195,0,0,0,759.0,1
21.33,4,711,0,0,0,1260.0,1
87.94,2,1013,0,0,1,1270.0,0
303.66,3,1162,0,1,0,183.0,1
49.52,1,510,0,0,1,1787.0,0
75.78,0,1247,0,0,2,587.0,1
141.53,0,836,1,0,1,87.0,0
24.27,3,1452,0,1,0,1875.0,1
78.79,1,1479,0,0,1,89.0,0
26.04,4,994,1,0,0,1050.0,1
129.65,1,727,1,0,1,1747.0,0
63.52,4,1032,0,0,0,11810.0,0
73.59,2,216,0,0,1,1303.0,1
24.96,1,284,0,0,1,689.0,1
110.72,1,439,0,0,0,1219.0,0
439.09,3,323,0,0,0,392.0,1
19.93,1,757,0,0,0,1037.0,0
38.87,4,715,0,0,0,3716.0,0
68.83,3,413,0,0,0,263.0,0
119.87,5,217,0,0,1,1360.0,1
31.2,1,1169,0,0,0,1745.0,0
3.21,5,933,1,0,0,676.0,1
212.55,3,1198,0,0,1,2397.0,1
116.81,5,1294,0,0,2,1962.0,1
9.55,2,677,0,0,1,1122.0,1
29.74,6,882,0,0,0,1839.0,0
261.96,2,853,0,0,2,3302.0,1
232.25,3,1053,1,0,2,1651.0,1
139.58,2,1244,0,0,1,1514.0,0
45.78,5,501,1,0,0,1748.0,1
59.32,2,1073,0,0,1,2026.0,1
47.9,3,1026,0,0,0,929.0,0
168.72,4,710,0,0,0,3263.0,0
22.74,5,601,0,0,0,4636.0,0
24.39,1,70,0,1,1,1750.0,0
149.95,4,705,0,0,0,3920.0,0
52.23,3,46,0,0,0,2457.0,1
216.69,7,1087,0,1,0,990.0,0
27.9,3,738,0,1,2,1233.0,0
51.69,4,917,1,0,2,1520.0,1
21.71,3,492,0,0,1,5036.0,0
55.0,6,497,0,0,0,1880.0,0
12.45,3,1051,0,0,1,1279.0,0
33.53,1,1215,0,0,0,237.0,0
12.98,2,1252,0,0,1,1979.0,0
109.28,3,868,0,0,1,1456.0,1
111.79,1,224,0,0,0,5064.0,1
9.68,4,1319,0,0,1,753.0,1
207.24,2,1082,0,0,0,2856.0,0
663.42,2,813,1,0,0,598.0,1
57.17,4,721,0,0,0,339.0,0
28.76,2,654,0,0,0,22.0,1
919.96,2,529,0,0,2,4064.0,1
14.6,3,925,0,0,1,1059.0,0
55.71,1,496,0,0,0,594.0,1
65.34,0,752,0,0,1,929.0,1
209.59,7,1062,0,0,2,2240.0,1
78.24,4,1122,0,1,2,899.0,1
33.16,5,58,0,0,1,461.0,1
21.09,3,1371,0,0,0,165.0,1
38.79,3,529,0,0,2,1750.0,0
19.95,0,632,0,0,0,6481.0,0
57.27,1,535,0,0,0,1813.0,0
31.06,1,482,0,0,2,5284.0,0
12.26,6,722,0,0,2,3787.0,1
191.55,4,213,1,0,0,305.0,1
33.19,2,148,0,0,0,3802.0,0
15.36,3,1120,0,0,1,2.0,0
46.14,4,460,0,0,1,1283.0,1
58.46,4,260,0,0,1,1331.0,1
9.52,1,73,0,1,0,2336.0,0
76.07,3,331,0,0,0,2539.0,0
19.16,3,49,0,0,0,474.0,1
302.18,6,1246,0,0,0,3847.0,1
92.2,1,1389,0,0,0,355.0,0
36.6,2,794,0,0,1,5862.0,0
25.92,3,505,0,0,0,7575.0,1
49.16,2,32,0,0,0,2148.0,1
100.76,5,540,0,0,0,1883.0,1
53.22,3,819,0,0,1,6971.0,0
43.94,1,680,0,0,0,499.0,1
57.88,3,37,0,0,1,1852.0,1
29.85,2,746,0,0,0,938.0,0
38.74,3,1007,0,1,1,330.0,1
6.78,2,1203,0,0,0,246.0,1
144.56,4,57,0,0,0,2169.0,1
73.61,2,336,0,0,0,468.0,1
25.19,2,496,0,0,1,1646.0,0
364.58,5,584,0,0,0,488.0,1
59.56,3,195,0,0,1,1089.0,0
19.37,1,3,0,0,0,2441.0,0
128.6,4,202,1,0,0,1352.0,1
81.29,3,1215,0,0,1,3693.0,0
81.01,3,207,1,0,1,1345.0,1
35.67,1,1135,0,1,0,389.0,1
85.67,3,1371,0,0,0,4093.0,1
42.02,5,563,0,0,1,974.0,0
95.2,2,750,0,0,0,3638.0,1
8.13,0,907,0,0,0,476.0,0
35.38,3,1158,0,0,0,1820.0,0
305.56,4,1305,0,0,0,325.0,0
25.35,3,1250,0,0,1,150.0,1
29.85,3,216,0,0,0,12256.0,0
34.88,5,592,1,0,0,19.0,1
16.2,2,1316,0,0,0,1610.0,0
6.0,2,932,0,0,1,24.0,0
43.35,2,1045,0,0,1,1444.0,1
62.54,3,222,0,0,0,189.0,1
51.81,2,1364,1,0,0,2788.0,1
47.23,4,1398,0,0,0,623.0,1
57.0,3,874,0,0,0,760.0,1
151.84,1,754,0,0,0,523.0,1
45.13,3,446,0,0,0,218.0,0
30.75,5,379,0,0,1,1249.0,0
41.22,5,395,0,0,0,1069.0,1
97.45,3,1380,1,0,1,1396.0,0
224.09,4,643,0,0,0,1770.0,1
29.13,5,441,0,0,0,167.0,0
60.28,3,214,0,0,1,960.0,1
76.58,3,128,0,0,0,1616.0,1
20.24,0,512,0,0,0,703.0,0
55.72,4,1477,0,0,0,382.0,1
12.61,3,706,0,0,3,1678.0,0
9.31,3,908,0,0,1,2281.0,1
78.79,1,1342,0,0,0,2500.0,1
37.19,1,1069,1,1,1,709.0,1
66.84,3,57,0,0,2,188.0,1
53.63,3,386,0,0,0,4450.0,1
20.57,1,1207,0,0,0,2095.0,1
52.18,5,1341,0,0,1,5337.0,0
15.91,3,1432,0,0,0,283.0,1
219.42,2,517,0,0,0,1927.0,0
14.07,2,1043,0,0,0,393.0,1
44.89,6,1055,1,0,0,3624.0,1
19.25,3,940,0,0,0,1319.0,1
96.58,1,468,0,0,0,1369.0,1
39.2,3,874,0,1,0,4806.0,1
32.5,0,396,1,0,1,652.0,0
128.15,3,419,0,0,1,1737.0,0
56.23,3,954,0,0,1,281.0,1
91.53,3,1397,0,0,0,812.0,0
20.46,1,637,1,0,1,390.0,1
13.4,5,1352,0,0,0,405.0,1
60.78,10,872,0,0,1,1948.0,1
39.69,0,537,0,0,0,608.0,1
102.15,3,1177,0,0,1,520.0,0
50.41,5,749,0,0,0,2971.0,0
67.03,4,726,1,1,0,1156.0,1
10.77,5,1322,0,0,1,860.0,1
360.84,5,1167,0,0,1,3039.0,0
46.33,0,1136,0,0,1,1207.0,0
109.68,3,269,0,0,0,3037.0,0
23.66,2,1120,1,0,1,690.0,1
74.29,4,331,0,0,3,5882.0,0
14.84,1,1196,0,0,0,4631.0,0
85.8,1,1486,0,0,1,3123.0,0
38.25,0,948,0,0,1,431.0,1
56.22,4,291,0,0,0,2340.0,1
109.72,4,815,0,0,0,3063.0,0
15.92,2,235,0,0,1,813.0,1
27.54,1,1443,0,1,1,272.0,1
86.26,1,306,0,0,0,566.0,1
445.07,2,87,0,0,0,1586.0,1
47.56,3,808,0,0,0,522.0,1
98.61,0,1357,0,0,0,1951.0,1
49.06,5,710,0,0,0,895.0,1
380.79,3,733,0,0,0,460.0,1
9.51,3,1322,0,0,0,1709.0,1
60.02,1,1167,0,0,0,138.0,0
10.75,1,1084,0,0,2,1765.0,1
4.45,0,826,0,0,1,6597.0,0
73.51,4,1026,0,0,1,2237.0,1
62.77,3,417,0,0,1,716.0,0
41.07,2,1177,0,0,0,4168.0,0
49.1,2,1278,1,0,1,1351.0,0
1209.91,4,923,0,0,0,1353.0,1
42.17,4,952,0,0,0,856.0,0
90.93,0,368,0,0,1,97.0,0
28.52,0,1049,1,0,2,566.0,1
73.35,6,133,1,0,0,3070.0,1
43.02,6,1267,1,0,0,541.0,1
36.22,3,62,0,0,0,957.0,1
336.6,0,1451,0,0,1,1809.0,1
177.18,5,452,1,0,0,597.0,1
62.6,5,1102,1,0,0,3007.0,1
5.45,3,721,0,0,0,4122.0,1
38.05,6,105,0,0,0,115.0,1
814.87,2,603,1,1,0,1538.0,1
43.35,4,676,1,0,0,774.0,1
164.55,3,1404,0,0,1,1455.0,1
230.89,0,394,0,0,1,1425.0,1
67.96,4,1139,0,0,0,18.0,0
23.53,4,745,0,0,0,1882.0,1
4.78,1,598,0,0,1,438.0,1
108.22,2,48,0,0,2,1474.0,0
24.17,5,188,0,0,0,4063.0,0
65.11,6,1009,0,0,0,384.0,0
15.65,3,514,0,0,0,567.0,1
41.88,4,791,0,0,1,118.0,1
56.47,3,1075,0,0,1,1218.0,0
71.42,2,226,0,0,0,3674.0,1
17.91,2,1392,0,0,0,1417.0,0
180.71,3,1104,0,0,0,782.0,1
30.06,0,924,0,0,1,4253.0,1
10.23,2,1230,0,0,1,1368.0,1
48.96,4,628,0,0,1,6549.0,0
56.51,1,769,0,0,1,2497.0,0
64.11,4,1023,0,0,1,4361.0,0
213.18,4,1001,0,0,0,1881.0,0
43.1,3,1423,0,0,1,8178.0,0
48.44,5,1241,0,0,0,1342.0,1
18.12,5,1067,0,0,1,1842.0,1
124.03,3,456,0,0,0,259.0,1
65.65,2,982,0,0,1,4968.0,1
35.87,4,893,0,0,1,734.0,1
8.13,1,1318,0,0,0,1969.0,0
231.46,4,238,1,0,0,805.0,1
16.0,3,1331,0,0,2,3896.0,1
30.23,3,762,0,0,0,210.0,1
78.13,3,154,0,0,1,4172.0,0
16.5,4,742,0,0,2,1769.0,0
12.26,4,1121,1,0,2,5643.0,0
6.53,4,1198,1,0,1,1261.0,1
112.28,0,652,0,0,0,1223.0,0
31.65,2,1117,0,0,0,800.0,0
1019.71,4,652,1,0,1,718.0,1
20.2,5,1053,0,1,0,237.0,1
21.73,8,873,0,0,1,714.0,0
31.02,4,1085,0,0,1,1691.0,0
69.63,2,41,0,0,1,159.0,0
34.12,3,660,1,0,0,370.0,1
100.72,4,759,1,0,0,3538.0,1
20.52,1,295,1,0,1,172.0,1
13.71,2,1320,0,0,0,497.0,0
9.04,5,1203,0,0,0,7.0,0
5.91,4,258,1,0,0,2284.0,0
32.52,5,730,0,0,0,3425.0,1
40.41,3,1473,0,0,1,3810.0,0
29.04,3,1331,0,1,1,4148.0,0
189.31,3,1144,0,0,0,930.0,0
186.43,5,1020,1,0,0,1476.0,1
39.06,5,1288,0,1,0,2038.0,0
9.08,6,287,0,0,0,4430.0,0
30.98,4,1212,0,0,0,2865.0,0
29.97,3,242,0,0,0,1209.0,1
28.3,6,205,0,0,0,1283.0,1
27.17,1,656,0,0,1,738.0,0
28.4,3,279,1,0,1,21.0,1
37.09,1,395,0,0,0,281.0,1
28.92,2,472,0,0,0,725.0,1
67.24,3,1401,0,0,0,1676.0,0
78.29,1,970,0,0,0,2253.0,0
21.96,5,1017,0,0,0,3990.0,0
194.62,2,1349,0,0,0,1455.0,0
20.49,3,1036,1,0,0,902.0,1
10.83,1,1316,0,0,1,2116.0,0
79.9,3,57,0,0,0,895.0,1
24.11,2,1178,0,0,1,207.0,1
75.29,2,464,0,0,0,7.0,1
4.93,4,962,0,0,0,2218.0,1
219.74,2,602,0,0,1,4128.0,1
106.94,5,516,0,0,0,2040.0,0
12.18,2,733,0,0,0,50.0,1
12.44,3,656,1,0,1,446.0,0
290.69,2,22,0,0,1,5266.0,1
26.12,2,704,0,0,0,2226.0,1
23.71,2,1131,0,0,0,2407.0,0
5.66,2,326,0,0,0,2955.0,1
38.44,6,907,0,0,0,4387.0,0
43.48,2,426,0,0,0,1041.0,0
111.66,4,1263,0,0,2,1012.0,1
13.48,2,1365,0,0,0,42.0,1
11.94,0,730,0,0,1,4981.0,1
85.71,6,39,0,0,0,252.0,0
149.42,2,943,0,0,1,1078.0,0
11.35,2,30,0,1,1,1650.0,1
161.02,1,1438,0,1,3,9126.0,0
56.69,3,161,1,0,1,917.0,1
162.68,5,616,0,0,1,1989.0,0
50.9,3,309,0,0,0,5491.0,0
4.38,1,1438,0,0,0,1525.0,1
46.9,0,134,0,0,2,1376.0,0
157.61,1,566,0,0,0,1532.0,0
22.34,3,1359,0,1,0,3065.0,1
37.04,3,36,0,0,0,78.0,1
45.78,3,831,0,0,1,2570.0,1
3.01,1,80,0,1,1,340.0,0
290.43,4,784,0,0,1,2624.0,0
22.17,1,437,0,0,2,2898.0,1
90.53,2,987,0,1,0,1771.0,0
50.06,7,1144,0,0,0,1041.0,1
192.02,0,1158,0,0,0,2374.0,0
81.95,1,405,1,0,1,35.0,1
43.17,1,265,1,0,0,1883.0,0
22.34,3,233,1,0,0,476.0,1
121.25,3,447,0,0,1,1944.0,1
8.39,2,427,0,0,0,267.0,1
104.16,4,968,0,0,2,356.0,0
18.19,3,1052,1,0,0,1082.0,1
191.0,1,1325,0,0,1,1359.0,1
64.15,2,979,0,1,1,969.0,1
103.97,3,29,0,0,0,1700.0,0
59.26,3,377,0,0,0,99.0,0
9.47,4,1337,0,0,0,387.0,0
23.09,5,33,0,0,3,7.0,1
106.95,3,1009,0,0,0,1503.0,1
64.5,4,1478,0,0,1,2112.0,0
177.86,2,960,0,0,0,1190.0,0
81.72,5,620,0,0,1,1113.0,1
20.77,1,900,0,0,0,998.0,0
24.63,4,1296,0,0,0,737.0,1
60.52,2,501,0,0,0,1597.0,1
5.4,4,899,0,0,2,11.0,0
291.03,2,857,1,0,1,1629.0,1
84.92,4,703,0,0,0,1212.0,0
186.24,2,1106,0,0,2,1768.0,0
11.24,2,608,0,0,1,3469.0,1
189.53,5,1170,0,0,0,3176.0,0
508.52,1,569,0,0,1,2962.0,1
14.57,3,730,0,0,0,954.0,0
118.08,5,284,0,0,0,890.0,0
54.66,2,680,0,0,0,417.0,0
11.65,4,919,0,0,0,58.0,1
89.38,2,136,0,0,0,1266.0,0
125.66,2,653,0,1,0,6620.0,1
29.93,1,1196,0,0,0,2511.0,0
175.2,6,889,1,0,0,1427.0,1
10.31,2,1034,0,1,0,637.0,1
12.25,3,297,0,0,0,234.0,1
62.59,4,707,0,0,0,551.0,0
56.0,3,330,0,0,0,1375.0,1
26.67,3,1457,0,0,0,1761.0,0
122.68,3,448,0,0,0,820.0,0
92.84,4,15,0,0,0,199.0,0
128.78,4,216,0,0,0,549.0,1
48.27,3,1277,0,0,0,535.0,0
99.74,6,330,0,0,0,1379.0,1
34.97,3,564,0,0,0,196.0,0
425.74,2,1454,0,0,0,612.0,0
24.23,2,1083,0,0,0,758.0,1
448.23,2,176,1,0,1,1348.0,0
56.54,5,1398,0,0,0,639.0,1
13.8,5,295,0,0,0,292.0,0
214.45,1,307,0,0,1,46.0,0
61.92,1,1372,0,1,1,342.0,0
127.88,1,361,0,0,1,3135.0,1
185.65,5,1090,0,0,1,776.0,1
76.55,3,570,1,0,1,1394.0,1
30.2,4,639,0,0,1,1212.0,1
144.85,1,516,0,0,0,582.0,0
54.64,3,235,0,0,1,3338.0,0
108.4,4,433,0,0,0,5024.0,0
6.34,0,387,0,0,1,430.0,0
85.37,4,1056,0,1,1,2965.0,1
28.83,3,1018,0,1,1,2538.0,1
285.23,4,226,0,0,1,3279.0,0
101.81,3,144,0,0,0,946.0,0
69.4,1,1476,1,0,2,2087.0,1
88.79,2,18,0,0,0,379.0,0
20.12,3,732,0,0,1,6202.0,1
276.79,1,746,0,0,0,2309.0,0
399.96,2,1414,0,0,0,143.0,1
80.88,4,747,0,0,0,3787.0,1
267.84,5,362,0,0,0,5753.0,0
30.9,3,321,0,0,0,731.0,0
24.6,1,592,1,0,0,1393.0,0
56.88,5,1317,0,0,0,8674.0,1
84.35,4,73,0,0,0,1079.0,0
36.82,5,849,1,0,0,1972.0,1
93.48,3,100,0,0,0,1084.0,1
74.17,4,256,0,0,0,142.0,1
20.12,3,1339,0,0,0,1282.0,1
91.72,2,863,0,0,0,3155.0,1
129.48,1,162,0,1,0,76.0,0
64.81,2,293,0,0,0,1047.0,1
172.89,2,162,0,0,0,3110.0,0
16.16,2,869,0,1,0,785.0,1
87.18,5,1333,0,0,0,6822.0,0
16.94,4,1167,1,1,1,870.0,1
17.92,3,223,0,0,0,2751.0,1
29.05,3,307,0,0,0,507.0,0
21.28,2,14,0,0,2,727.0,1
31.56,2,571,0,0,1,2298.0,0
44.07,3,1204,1,1,0,106.0,1
126.11,0,227,0,0,2,177.0,1
39.6,2,1483,0,1,1,559.0,1
11.18,3,145,1,0,3,520.0,1
170.73,4,657,0,0,2,123.0,1
23.64,4,786,0,0,0,6428.0,0
51.48,1,823,0,0,0,625.0,1
85.33,1,483,0,0,0,2308.0,1
66.66,3,433,0,0,0,899.0,0
163.07,2,242,0,1,0,8471.0,0
88.15,3,919,0,0,0,272.0,1
23.07,7,616,0,0,0,844.0,1
482.3,3,277,0,0,1,1017.0,1
66.31,0,1212,0,0,0,2274.0,0
47.12,2,686,0,1,0,1233.0,1
143.15,6,100,0,0,0,2498.0,0
70.07,4,522,0,0,0,3313.0,1
81.39,1,1108,0,1,0,614.0,1
659.96,1,1077,0,1,1,2933.0,0
41.47,1,1151,0,0,0,1217.0,0
39.74,2,647,0,0,1,143.0,0
61.35,5,1310,0,0,0,634.0,1
159.42,2,55,1,0,0,2923.0,1
12.1,2,756,0,1,0,887.0,1
7.65,4,577,0,0,0,176.0,1
30.35,3,1045,0,0,0,1831.0,1
10.66,1,775,1,0,1,3418.0,1
35.7,2,1324,0,0,2,257.0,1
90.24,5,836,0,0,2,1410.0,1
22.4,5,359,0,0,4,419.0,1
13.11,5,143,0,0,0,742.0,0
58.52,2,610,0,0,0,962.0,1
129.35,2,1026,0,0,1,9.0,0
10.02,5,357,0,0,0,791.0,0
123.99,4,643,1,0,0,666.0,0
123.63,5,452,0,0,1,1987.0,1
141.75,3,47,0,0,0,3818.0,1
184.65,2,753,1,0,1,200.0,1
493.74,1,427,0,0,1,1187.0,1
38.24,2,868,0,0,3,583.0,0
60.92,5,900,0,0,0,7890.0,1
36.0,2,851,0,0,2,2728.0,1
54.71,1,866,0,0,0,226.0,0
252.87,4,848,0,0,1,828.0,1
14.22,6,692,0,0,1,212.0,0
23.08,6,941,0,1,0,2784.0,1
216.41,4,488,0,0,1,1202.0,1
151.42,4,1366,1,0,0,1876.0,1
37.97,3,672,1,0,1,1540.0,1
128.3,2,770,1,0,0,363.0,1
76.8,1,529,0,0,0,24.0,1
244.76,2,1303,0,0,0,3676.0,0
58.82,2,172,0,0,1,174.0,1
152.27,2,1326,0,0,1,2822.0,0
766.64,5,1420,0,0,0,383.0,1
99.3,2,566,0,0,0,3448.0,0
57.36,4,525,0,1,0,1621.0,1
112.44,5,964,0,0,1,917.0,1
37.89,1,1351,0,1,0,1933.0,1
594.65,2,758,0,0,0,576.0,0
65.37,5,450,0,0,0,976.0,1
41.56,1,783,0,0,0,3125.0,0
23.67,6,62,1,0,0,16.0,0
163.57,1,1225,1,0,1,480.0,0
129.95,2,664,0,0,0,2434.0,0
33.2,8,1094,1,1,1,2288.0,1
97.17,6,497,0,0,0,322.0,1
12.08,1,839,0,0,0,7333.0,0
65.69,1,208,0,1,0,2031.0,1
85.86,5,1489,0,0,0,836.0,1
301.07,4,456,0,0,0,778.0,0
25.26,4,1155,0,0,1,1331.0,1
15.21,1,473,0,1,1,66.0,0
22.3,1,669,0,0,0,2257.0,1
14.35,4,1301,0,1,1,128.0,1
207.82,4,54,0,0,0,1905.0,1
256.89,0,1414,0,0,0,2913.0,0
75.2,2,889,1,0,1,4242.0,0
185.17,0,215,1,1,1,288.0,1
62.42,3,11,0,0,0,2463.0,1
49.64,2,454,0,0,0,7365.0,0
39.13,2,411,0,0,0,126.0,0
40.03,2,731,0,0,0,52.0,1
11.61,5,584,0,0,0,430.0,1
71.11,6,109,0,0,0,413.0,1
52.44,2,27,0,0,0,693.0,0
115.05,5,1440,0,0,0,4628.0,0
59.95,5,349,0,0,0,2068.0,0
46.4,6,1006,0,0,0,19.0,1
22.85,3,1313,1,0,0,1231.0,1
58.68,1,517,0,0,1,3753.0,0
114.23,3,1289,0,0,0,1376.0,1
17.4,0,1012,0,0,0,389.0,1
59.59,4,225,0,0,0,5541.0,0
68.93,3,350,0,0,0,661.0,0
26.63,5,1113,0,0,0,776.0,1
30.33,1,646,0,0,1,793.0,0
68.76,1,1127,0,0,1,904.0,1
17.58,3,330,0,0,1,2221.0,1
77.47,2,1149,0,0,0,680.0,0
22.3,2,957,0,0,0,1126.0,1
158.04,1,1328,0,0,0,551.0,1
565.57,4,83,1,0,1,1276.0,1
23.09,2,267,0,0,0,5299.0,0
93.15,5,1425,0,0,0,615.0,1
26.4,5,1410,0,0,0,3051.0,0
154.62,2,1385,0,0,1,445.0,0
15.41,3,1081,0,0,0,281.0,1
88.29,4,799,1,0,1,172.0,1
22.81,4,1401,0,0,0,7029.0,0
44.39,3,187,0,0,0,1521.0,1
19.47,4,479,0,0,0,1300.0,0
124.26,4,686,0,0,0,13.0,1
23.64,9,1361,0,0,0,1192.0,1
94.82,5,1118,0,1,1,1956.0,1
38.7,2,398,0,0,1,950.0,1
48.69,2,863,0,0,1,248.0,0
63.29,1,521,1,0,0,561.0,1
25.49,3,113,1,0,2,2254.0,1
67.38,2,122,0,1,1,1161.0,1
252.23,5,386,0,0,0,1175.0,1
25.08,5,1366,0,0,0,70.0,1
176.23,1,784,0,1,0,1356.0,1
244.23,4,1487,0,0,0,995.0,0
24.14,2,919,0,0,1,3811.0,0
12.74,4,382,0,0,0,863.0,1
73.84,2,156,1,0,0,1691.0,1
31.58,6,1152,0,1,1,4945.0,1
353.75,2,1067,0,0,0,1503.0,0
56.53,4,381,0,0,0,54.0,0
24.48,5,1299,0,0,0,193.0,1
17.34,5,389,0,0,0,6132.0,0
162.37,1,1047,1,0,0,1446.0,1
30.84,2,787,0,0,0,378.0,0
57.04,0,1408,0,0,0,1510.0,0
142.0,8,1153,0,1,1,5681.0,1
33.64,6,1435,0,0,0,83.0,1
52.15,1,1305,0,0,1,1348.0,1
53.7,4,1206,0,0,1,263.0,1
108.13,1,228,0,0,1,1065.0,0
98.57,2,1105,0,0,1,1913.0,1
43.81,5,588,0,0,0,1106.0,1
58.19,3,1305,0,0,0,5925.0,0
37.65,1,714,0,0,0,1581.0,0
12.46,4,631,0,0,1,5964.0,0
70.64,3,764,0,0,0,679.0,1
362.2,2,634,0,0,0,38.0,0
22.56,3,174,0,0,0,302.0,0
25.2,3,1383,0,0,0,134.0,0
22.86,1,1399,0,0,0,2418.0,1
112.68,1,1079,0,0,1,379.0,1
85.5,4,1355,0,0,1,2547.0,0
46.59,5,387,0,1,0,1388.0,1
21.8,6,680,0,0,0,440.0,0
59.88,1,1172,0,0,0,1711.0,0
11.42,3,343,0,1,0,21.0,1
63.02,3,1221,0,1,1,734.0,1
130.52,1,1148,0,0,1,2764.0,0
15.62,4,740,0,0,0,2490.0,1
11.79,1,333,0,0,1,2815.0,1
264.92,3,1478,1,0,1,1594.0,0
29.61,3,706,1,0,1,1533.0,1
170.03,7,1373,1,0,0,942.0,1
46.81,5,453,0,0,0,5340.0,0
46.43,2,79,0,0,1,5374.0,0
84.64,7,8,0,1,0,16.0,1
22.56,5,1397,0,0,2,5897.0,0
62.33,5,567,0,0,0,3680.0,1
37.28,1,549,0,0,0,1677.0,0
14.58,5,1481,0,0,0,706.0,0
76.51,3,712,0,0,1,983.0,1
41.96,4,270,0,0,0,3393.0,1
46.66,2,432,0,0,1,288.0,0
16.28,1,601,1,1,0,1745.0,0
268.11,6,226,0,0,0,472.0,1
131.2,2,1347,0,0,2,855.0,0
143.19,3,1444,0,0,0,9.0,1
40.23,3,335,0,1,1,6276.0,0
9.69,1,122,0,0,0,207.0,0
384.87,1,476,0,0,0,2595.0,1
51.36,3,786,0,0,2,1484.0,1
25.82,2,237,0,0,0,3169.0,0
82.83,3,779,0,0,1,1305.0,0
175.41,2,382,0,0,2,7487.0,1
53.35,5,1428,0,0,0,1681.0,1
196.09,3,389,0,0,0,1725.0,0
161.26,2,1471,0,0,0,4564.0,0
18.61,2,694,0,0,0,537.0,1
27.83,6,1217,0,0,0,811.0,1
142.24,5,461,0,0,0,1968.0,1
3.62,4,110,0,0,0,274.0,0
47.02,5,214,0,0,1,2986.0,0
13.05,4,463,0,0,3,1613.0,0
33.9,5,585,0,0,0,2531.0,0
40.5,3,515,0,0,0,8337.0,0
38.16,2,2,0,0,0,6780.0,1
31.43,1,1420,1,1,1,1068.0,1
18.23,3,1368,0,0,0,594.0,0
540.18,4,210,0,0,0,1811.0,1
353.35,3,824,0,0,0,2237.0,0
17.08,4,58,0,0,1,629.0,1
265.63,3,484,0,0,1,595.0,1
36.62,2,948,0,0,1,436.0,1
62.13,3,1137,0,0,0,4323.0,0
51.25,3,485,1,0,1,193.0,1
28.23,2,71,0,0,1,509.0,1
146.04,4,1069,1,0,1,1763.0,0
61.92,3,656,0,0,0,1135.0,1
33.9,1,542,0,0,0,232.0,0
14.81,0,786,0,1,0,615.0,0
22.34,3,996,0,0,1,944.0,1
10.58,4,1228,0,0,2,5736.0,1
55.27,4,476,0,0,0,907.0,1
16.5,1,1264,1,0,0,222.0,1
41.86,4,572,1,0,2,6460.0,1
214.88,1,1467,0,0,0,1025.0,1
181.15,7,747,0,0,0,271.0,1
52.86,0,1271,0,0,2,1700.0,0
50.04,3,1478,0,0,2,2976.0,0
357.76,6,1178,0,0,0,2231.0,0
91.91,4,592,0,0,2,672.0,1
39.34,7,649,0,0,0,492.0,0
13.12,4,466,0,0,0,3860.0,0
80.95,3,225,0,0,0,388.0,1
125.13,0,242,0,0,1,2545.0,0
29.03,3,969,0,0,1,42.0,1
73.05,1,558,0,0,0,979.0,0
37.96,5,684,0,0,0,7551.0,1
45.42,2,1481,0,0,0,1809.0,0
4.54,3,492,0,0,1,670.0,1
43.74,5,453,1,0,1,2166.0,1
143.94,4,535,0,0,1,785.0,1
29.04,2,499,0,1,0,5030.0,0
57.54,2,802,0,0,1,482.0,0
25.64,2,742,0,0,0,694.0,1
78.29,2,709,0,0,1,2101.0,0
43.97,2,193,0,0,0,2855.0,1
21.34,3,154,0,0,1,1546.0,1
206.97,2,466,1,0,0,615.0,0
138.23,2,567,1,0,0,1532.0,1
29.82,4,767,1,0,0,445.0,1
89.82,2,1039,0,0,0,106.0,1
93.45,2,1474,0,0,0,4539.0,0
103.78,0,79,0,0,0,1181.0,1
10.03,2,11,0,0,1,1178.0,0
149.4,7,570,0,0,0,2458.0,0
30.89,2,1005,0,0,1,1478.0,0
38.17,1,239,0,0,2,1090.0,1
763.48,3,810,0,1,0,2849.0,1
73.84,2,849,1,0,2,1160.0,1
37.1,6,197,0,0,0,4390.0,1
6.02,1,161,0,0,0,658.0,0
219.15,2,499,0,1,0,62.0,1
14.22,3,172,0,0,0,291.0,1
20.02,3,857,0,0,2,3078.0,0
39.2,2,1159,1,0,0,4692.0,0
225.07,3,226,0,0,1,140.0,1
118.3,4,975,0,0,1,4309.0,0
46.63,3,1293,0,0,0,5178.0,1
74.31,1,32,0,0,1,2527.0,1
29.95,4,295,1,0,0,2577.0,1
62.78,4,1343,0,0,0,3.0,0
58.75,4,1182,0,0,0,453.0,1
143.85,2,1129,1,0,0,435.0,1
143.62,6,726,0,0,0,1568.0,1
89.48,3,1381,1,0,1,1926.0,1
38.0,0,586,0,1,0,4175.0,0
114.64,4,584,0,1,0,1205.0,1
49.8,2,733,0,0,0,1251.0,0
18.51,1,334,0,0,0,100.0,1
36.48,0,926,0,0,0,10738.0,0
59.41,2,737,0,0,0,5240.0,0
135.67,3,362,0,0,1,134.0,1
45.44,1,930,0,0,2,1468.0,1
16.29,1,935,0,0,0,769.0,0
57.79,4,1073,1,0,2,1007.0,1
61.16,2,1400,0,0,0,1898.0,0
65.75,0,490,0,0,0,980.0,1
136.99,3,133,0,0,1,1232.0,0
151.25,4,873,0,0,2,574.0,1
30.14,1,299,0,0,0,155.0,0
29.48,2,559,0,0,0,2533.0,0
19.29,4,1221,0,0,0,856.0,0
109.82,0,1043,1,0,0,3918.0,1
232.48,5,1397,0,1,0,5220.0,0
39.84,4,1178,0,0,0,166.0,0
42.89,1,194,0,0,0,2076.0,0
236.7,3,398,0,0,1,3088.0,1
90.52,3,436,0,0,0,1875.0,0
84.46,2,604,0,0,0,717.0,1
16.59,1,388,0,0,0,603.0,0
107.63,2,643,0,0,1,1117.0,0
21.56,1,335,0,1,0,540.0,1
17.57,3,1430,0,0,1,4069.0,0
38.6,5,368,0,0,1,91.0,1
30.39,4,562,1,0,0,215.0,1
43.75,6,1472,1,0,0,1679.0,1
12.92,2,979,0,1,1,1933.0,0
142.43,2,738,0,0,1,2397.0,1
168.63,1,509,0,0,0,580.0,1
7.79,2,696,0,0,1,628.0,1
145.25,3,528,0,0,1,961.0,0
24.28,4,100,0,0,0,481.0,1
128.63,3,1463,0,0,1,852.0,1
50.99,5,278,1,0,1,2149.0,1
56.19,2,1402,1,0,0,1243.0,0
45.37,3,1312,0,0,0,6119.0,0
183.48,0,428,0,0,1,1560.0,1
15.81,3,329,0,0,0,717.0,1
100.27,2,1024,1,0,0,361.0,1
164.24,2,764,0,0,0,447.0,1
111.76,4,692,0,0,0,29.0,1
558.19,4,33,0,0,0,1051.0,1
32.17,2,120,0,0,0,5795.0,0
142.21,3,1121,1,0,0,2704.0,1
49.1,6,386,0,0,1,644.0,1
187.43,0,14,0,0,0,2886.0,0
54.18,2,613,0,0,0,4833.0,0
37.04,0,1341,0,0,0,2010.0,0
201.56,4,737,0,0,1,1291.0,1
33.4,1,321,0,0,2,263.0,1
13.29,1,86,0,0,0,149.0,1
32.56,4,542,0,0,4,445.0,0
101.4,1,1307,0,0,0,1960.0,0
219.65,2,1088,0,0,1,303.0,1
61.02,1,80,1,0,1,1371.0,1
204.02,6,394,0,0,2,1033.0,0
14.04,8,667,0,0,0,1783.0,0
35.05,4,1374,0,1,0,96.0,0
40.91,2,878,1,0,0,7060.0,1
48.69,1,211,0,0,0,2108.0,0
59.39,3,403,0,0,0,2303.0,0
108.95,2,1395,1,0,0,29.0,1
34.99,3,1123,0,0,0,149.0,1
62.74,5,267,0,0,0,2096.0,1
52.19,2,1076,0,0,1,209.0,1
21.63,2,638,1,0,1,4063.0,0
48.73,7,1146,0,0,0,1749.0,1
47.29,5,32,1,0,0,133.0,1
46.29,5,1021,0,0,0,1712.0,0
56.36,3,1360,0,0,1,2922.0,0
58.89,2,468,0,0,0,2905.0,0
35.44,3,292,1,0,1,923.0,1
194.94,4,1455,0,0,0,1109.0,0
16.95,4,600,1,0,0,2398.0,0
26.55,1,171,0,0,0,3731.0,0
880.04,2,368,0,0,0,2840.0,1
19.34,5,308,0,0,0,1632.0,1
14.1,1,68,1,0,1,2323.0,1
113.8,4,1157,1,0,0,1902.0,1
6.84,4,1107,1,1,1,1549.0,1
43.15,3,176,0,0,0,4539.0,0
466.76,5,883,1,0,1,1879.0,1
11.65,3,920,0,0,0,866.0,1
7.52,6,892,0,1,0,6594.0,0
12.19,2,112,0,0,0,5382.0,0
134.07,4,355,1,0,1,2730.0,1
168.14,4,191,0,0,0,60.0,0
32.7,4,262,0,0,1,2347.0,0
108.12,3,616,0,0,1,55.0,0
219.26,0,1363,0,0,1,138.0,0
326.15,0,688,0,0,0,782.0,0
42.68,3,1444,0,0,1,684.0,1
5.47,1,1072,0,0,1,1493.0,0
24.03,6,925,0,0,0,503.0,0
35.63,4,120,0,0,1,400.0,1
42.14,6,937,0,0,0,1977.0,0
45.25,1,384,0,0,0,1055.0,1
167.15,5,329,0,0,0,98.0,0
195.28,4,872,0,0,0,1051.0,0
45.99,4,765,0,0,0,2559.0,0
163.77,2,773,0,0,0,124.0,1
78.07,2,85,0,0,0,4454.0,0
58.24,4,17,0,0,1,1165.0,1
135.17,3,384,0,0,1,1292.0,1
58.69,6,82,0,1,0,641.0,1
427.44,2,796,0,0,1,1874.0,1
12.96,5,106,0,0,0,39.0,1
32.62,2,889,0,0,0,2415.0,1
48.11,1,147,0,0,0,188.0,0
84.73,2,1032,0,0,2,1059.0,0
194.02,5,274,0,0,0,286.0,1
53.28,3,511,0,0,0,334.0,1
13.17,9,735,0,0,1,1124.0,1
126.79,1,38,0,0,1,122.0,1
116.16,3,1248,0,0,0,292.0,0
7.83,4,571,1,0,0,1412.0,1
54.39,1,1157,0,0,0,2144.0,0
11.13,3,1386,0,0,0,802.0,0
28.09,2,1245,0,0,0,3616.0,0
22.14,1,660,1,0,1,316.0,1
122.64,3,82,0,0,1,1480.0,0
61.36,4,1420,0,1,0,168.0,1
15.1,2,1209,0,0,0,330.0,0
131.64,1,881,0,0,0,4310.0,0
13.02,2,849,0,0,0,8879.0,0
75.95,5,787,0,0,0,10760.0,0
24.19,2,1273,0,0,0,2901.0,0
37.88,2,765,0,0,0,401.0,0
90.4,0,283,0,0,0,607.0,0
91.97,1,1461,0,0,0,168.0,1
207.88,1,252,0,0,1,100.0,1
50.29,0,1006,0,0,0,2374.0,0
74.18,4,1396,1,0,0,1399.0,0
35.24,1,1325,0,0,0,1945.0,0
65.5,6,1358,0,0,1,1562.0,1
84.73,1,1348,0,0,0,21.0,1
49.49,2,708,0,0,0,694.0,0
8.99,3,920,0,0,0,2115.0,0
76.06,4,855,1,0,0,3554.0,1
78.61,0,36,0,0,1,302.0,0
27.66,5,1483,0,0,1,226.0,1
15.11,6,1254,0,1,0,5744.0,0
238.86,1,1307,0,0,1,6154.0,0
89.25,2,1189,0,0,0,2496.0,0
43.42,1,1356,0,0,1,110.0,1
17.51,4,1199,0,0,0,1791.0,0
24.0,4,960,0,0,0,247.0,1
200.86,4,902,0,0,1,3360.0,1
62.66,4,1100,0,0,0,650.0,0
31.48,7,1464,0,0,2,1160.0,1
90.89,4,1152,0,0,0,372.0,1
24.18,3,512,0,0,1,2324.0,0
244.9,8,758,0,0,0,1256.0,1
211.2,5,1422,0,0,0,2203.0,1
34.24,4,278,0,0,0,693.0,1
29.12,6,331,0,0,2,851.0,1
3.98,3,360,0,0,1,4083.0,1
12.41,3,871,0,0,0,528.0,0
14.3,1,1464,1,0,0,4200.0,1
62.5,3,102,0,1,1,142.0,0
39.4,3,377,0,0,0,311.0,1
14.22,4,1280,0,0,1,1959.0,1
41.22,1,589,0,0,0,9263.0,0
90.5,4,774,0,0,0,4887.0,0
92.56,2,1428,0,0,0,1278.0,0
8.17,2,822,0,0,1,1351.0,0
48.03,5,2,0,0,0,1534.0,1
13.69,1,128,0,0,0,2829.0,1
134.52,1,1156,0,0,1,1441.0,0
119.6,0,1479,0,0,0,226.0,0
22.24,2,943,0,0,0,3279.0,0
25.38,5,1368,0,0,1,3898.0,1
34.42,2,352,1,0,0,4502.0,0
5.74,2,1427,0,0,1,982.0,1
76.4,1,42,0,0,1,450.0,1
41.56,2,1379,0,0,0,229.0,1
144.05,2,259,0,0,0,1339.0,1
18.2,4,1234,0,0,1,585.0,1
29.4,3,37,0,0,0,1003.0,1
12.1,1,22,0,0,1,188.0,1
20.0,1,1185,0,0,0,400.0,1
16.74,2,359,0,0,0,1039.0,0
147.82,6,1378,0,0,0,354.0,1
27.16,5,1457,1,1,0,459.0,1
61.82,1,1462,0,0,1,36.0,1
37.31,1,830,0,1,1,137.0,1
15.34,4,1309,0,0,0,223.0,1
46.14,2,306,0,0,1,1924.0,0
99.4,1,14,0,0,0,293.0,1
16.32,2,48,0,1,1,3825.0,1
122.62,4,1324,0,0,0,2770.0,1
23.34,0,1266,0,0,0,3060.0,0
33.68,4,1436,0,0,2,781.0,1
92.82,1,1122,0,0,0,107.0,1
28.12,3,816,0,0,1,143.0,1
56.69,6,1150,0,0,0,2107.0,1
39.86,6,160,0,1,0,4619.0,1
62.14,3,1289,0,0,0,347.0,1
5.05,4,1271,0,0,1,3595.0,0
8.76,4,185,0,0,1,1905.0,0
101.09,4,467,0,0,1,2032.0,1
154.04,2,1326,0,0,1,2153.0,0
21.97,7,783,0,0,1,116.0,1
42.78,2,631,0,0,0,1667.0,1
73.31,4,735,0,0,1,1189.0,1
109.2,2,1469,0,1,1,3261.0,1
7.19,5,1263,0,0,0,1006.0,1
22.51,2,558,0,0,1,1282.0,1
39.15,4,1253,0,0,1,1564.0,1
110.29,3,327,0,0,0,1591.0,0
664.1,2,1315,0,0,2,919.0,1
43.47,4,66,0,0,0,327.0,1
13.37,3,313,0,0,1,521.0,1
81.64,0,290,1,0,0,957.0,0
204.59,3,227,0,0,1,1740.0,1
60.83,4,961,0,1,1,1091.0,0
22.05,4,175,0,0,1,2823.0,1
142.31,2,1245,0,0,0,1540.0,1
106.01,4,1089,0,0,0,755.0,1
19.57,6,847,0,0,1,1237.0,0
79.95,4,762,0,0,0,801.0,0
148.01,2,270,1,0,0,55.0,1
178.02,5,182,0,0,0,594.0,1
51.09,3,906,0,0,1,1079.0,0
38.17,4,835,0,0,0,531.0,0
186.28,3,340,0,0,1,2289.0,1
16.28,4,896,1,0,0,3566.0,1
84.65,1,1330,0,0,1,634.0,0
13.87,5,887,0,0,0,44.0,1
158.44,8,859,0,0,1,3751.0,1
42.18,2,753,1,0,0,1550.0,0
194.14,4,1140,0,0,0,11.0,0
89.25,4,1035,0,0,0,1247.0,0
16.07,4,899,0,0,0,183.0,1
226.93,4,984,1,0,2,2017.0,0
257.56,3,167,0,0,0,1374.0,1
131.93,4,1034,1,0,1,4399.0,0
25.49,3,563,0,0,0,905.0,0
40.2,2,328,0,0,0,4630.0,0
63.14,1,1071,0,0,1,3259.0,0
27.01,0,1402,1,0,0,2513.0,0
296.59,2,821,0,0,2,1037.0,1
63.08,4,399,0,0,0,963.0,1
3.66,1,437,0,0,2,904.0,0
76.66,1,1145,0,0,3,96.0,1
38.55,1,810,0,0,1,1677.0,1
50.66,3,797,0,0,0,2878.0,0
37.76,1,1071,0,0,0,2453.0,0
122.37,5,731,0,0,0,1574.0,0
167.28,1,798,0,0,0,796.0,0
72.46,2,635,1,0,0,2136.0,1
38.89,4,526,0,0,1,1355.0,0
52.39,0,489,1,0,1,3296.0,0
55.68,5,505,0,0,0,575.0,1
24.47,2,1103,0,0,0,194.0,1
97.41,2,750,0,0,0,6.0,0
86.49,6,1391,0,0,1,2446.0,1
254.79,4,1339,0,0,0,1646.0,1
191.59,3,1134,0,0,0,111.0,1
27.5,1,874,0,0,0,3298.0,0
124.0,3,556,1,0,0,1167.0,1
21.1,2,409,0,0,0,1114.0,0
109.5,5,1115,0,0,1,2077.0,1
32.57,1,239,0,0,0,1812.0,0
19.62,3,1324,1,0,1,491.0,1
72.24,4,317,0,0,0,1863.0,1
3.76,3,770,0,0,0,3516.0,0
9.48,3,1267,0,0,0,895.0,1
45.72,2,977,0,0,0,616.0,0
59.29,3,79,0,0,0,112.0,1
37.74,6,475,0,1,0,1673.0,1
11.25,3,330,1,1,0,2534.0,0
24.1,3,510,0,0,1,6175.0,0
80.74,6,777,0,0,1,1704.0,1
97.69,6,920,0,0,2,1069.0,1
53.72,3,961,0,1,0,4925.0,0
173.61,3,166,0,0,2,355.0,0
81.24,4,901,0,0,1,2218.0,0
25.86,4,1092,0,0,0,714.0,1
41.24,2,237,0,0,1,3558.0,1
13.43,0,1252,1,0,0,2461.0,1
49.0,1,471,0,0,0,731.0,0
166.02,5,1086,0,0,2,2684.0,1
108.34,1,135,0,0,0,3980.0,0
221.85,5,947,0,0,1,523.0,1
40.33,3,160,1,1,0,1526.0,1
209.79,4,619,0,0,1,979.0,1
45.0,2,842,0,0,0,4684.0,0
237.84,4,755,0,0,0,6455.0,0
53.42,8,755,0,0,0,197.0,0
110.75,0,1125,0,0,0,1432.0,1
238.68,5,1249,0,0,0,1362.0,1
45.0,0,1306,0,0,0,3654.0,1
67.92,4,555,1,0,0,2718.0,1
198.12,2,1389,0,1,0,609.0,0
47.8,5,1342,0,0,0,1329.0,0
14.57,1,415,0,0,2,855.0,1
465.45,1,1047,0,0,1,784.0,0
34.13,2,840,0,0,0,2363.0,0
63.99,4,1207,0,0,0,1647.0,1
173.47,1,656,0,0,1,399.0,1
29.71,2,777,0,0,1,1745.0,0
19.93,5,979,0,0,0,1121.0,1
70.37,5,551,0,0,1,751.0,1
9.09,4,300,1,0,0,124.0,1
40.94,1,1321,0,0,2,4753.0,1
69.76,3,1293,0,0,2,3561.0,1
41.68,4,588,1,0,1,651.0,1
11.66,2,969,0,0,0,1463.0,0
268.86,2,1304,1,0,1,3600.0,1
60.55,2,48,0,0,1,1319.0,0
228.41,2,205,0,0,0,275.0,1
42.1,2,611,0,0,0,1159.0,0
22.65,4,422,0,0,0,678.0,1
71.46,1,974,0,0,0,1102.0,1
44.0,2,320,0,0,0,3391.0,0
16.81,5,948,1,1,1,946.0,1
237.41,5,1168,1,1,2,2892.0,1
29.3,3,90,0,0,0,477.0,0
8.67,1,550,0,0,0,1621.0,0
206.06,3,1189,1,0,2,999.0,1
32.97,2,1283,0,0,1,6508.0,1
29.73,1,111,0,0,0,1.0,0
9.34,3,684,0,0,0,814.0,0
311.36,7,1032,0,0,0,3022.0,1
15.04,3,23,0,0,1,894.0,0
57.88,3,1433,0,0,0,441.0,0
136.0,5,571,0,1,1,3455.0,1
83.24,3,441,0,0,0,1612.0,1
51.44,1,1082,0,1,2,1464.0,1
9.96,5,1359,0,0,0,922.0,1
24.3,2,1012,0,0,1,309.0,0
65.88,1,687,0,0,0,1543.0,1
24.85,4,1120,0,0,1,1267.0,1
66.91,3,1448,0,0,0,926.0,1
107.96,2,1171,0,0,0,144.0,1
142.95,4,462,0,0,1,1895.0,1
16.02,0,629,0,0,0,1798.0,1
491.1,2,752,0,0,0,1474.0,0
117.62,3,1452,1,1,1,254.0,0
54.5,3,1379,0,0,0,649.0,0
162.31,2,666,0,0,0,1142.0,1
581.38,3,308,0,1,1,2387.0,1
12.95,3,421,1,0,0,454.0,1
43.59,3,303,0,0,0,2905.0,0
5.06,2,712,0,0,0,692.0,0
66.2,1,526,0,0,1,1972.0,1
78.68,6,1178,0,0,0,4974.0,1
52.5,3,47,1,0,0,2254.0,1
28.37,1,760,0,0,0,129.0,0
7.03,3,606,0,0,2,850.0,1
79.32,5,499,0,0,0,1554.0,0
234.03,0,106,0,0,0,2013.0,0
30.23,3,740,0,0,0,761.0,0
84.78,5,907,0,0,1,1008.0,0
11.38,2,770,0,0,0,849.0,1
86.25,5,158,0,0,1,2155.0,1
36.84,5,371,0,0,0,4408.0,0
25.47,1,792,0,0,1,2711.0,1
25.52,3,245,1,0,0,550.0,1
36.83,3,117,0,0,0,1398.0,0
80.03,2,70,0,0,0,1171.0,0
14.7,7,878,0,0,0,28.0,1
36.7,7,1099,0,0,1,5016.0,0
52.38,2,135,0,0,1,1129.0,1
18.19,1,737,0,0,0,5161.0,0
329.2,3,890,0,0,0,1964.0,1
23.25,2,138,0,0,3,2217.0,1
27.95,7,713,0,0,0,1002.0,0
20.53,3,1438,0,0,1,3513.0,0
329.8,3,1456,0,0,1,369.0,1
94.91,7,240,0,0,1,5756.0,1
21.4,3,537,0,0,0,1724.0,1
165.05,3,217,0,0,0,727.0,1
66.73,6,881,0,0,1,2420.0,1
70.62,4,1036,1,0,0,2461.0,1
38.69,3,1223,1,0,2,2681.0,1
25.81,4,507,0,1,2,625.0,1
76.54,4,418,0,0,0,47.0,1
31.66,1,387,0,0,1,3960.0,0
335.88,2,1158,0,0,0,2875.0,1
15.34,3,1339,0,0,0,925.0,1
253.7,2,923,1,0,1,327.0,1
48.85,0,595,0,1,0,1139.0,0
73.63,1,840,0,0,0,657.0,1
125.61,0,36,1,0,0,388.0,1
29.07,3,829,1,0,0,1199.0,1
129.57,0,1490,0,0,2,3186.0,0
3.64,2,711,0,0,0,1569.0,0
26.58,1,1217,0,0,0,1203.0,1
21.67,2,1413,1,0,0,9229.0,0
15.59,0,682,1,0,1,2571.0,1
44.04,7,1166,0,0,1,255.0,1
80.3,3,248,0,0,0,971.0,0
110.24,2,321,0,0,2,1126.0,1
69.47,4,723,0,0,1,1697.0,1
28.06,1,1410,0,1,1,2061.0,0
78.97,4,782,1,0,4,709.0,1
61.82,5,1347,0,0,0,824.0,0
139.22,3,627,0,0,1,197.0,1
118.74,2,1485,0,0,1,168.0,1
56.29,0,323,0,0,0,2554.0,1
22.26,0,1294,0,0,0,4688.0,0
28.42,4,930,0,0,1,395.0,1
31.51,0,1161,0,0,0,4618.0,0
39.83,4,1418,0,0,0,758.0,0
71.38,5,904,0,0,0,3828.0,1
111.63,2,61,0,1,2,48.0,1
51.88,0,935,0,1,0,171.0,0
55.49,1,1022,0,0,0,1027.0,1
63.01,6,919,0,0,1,3391.0,1
32.59,1,328,0,0,2,1074.0,1
21.64,0,895,0,0,1,3293.0,1
9.44,2,168,0,0,1,750.0,0
27.24,3,358,0,0,0,256.0,1
87.63,7,1083,0,0,0,4673.0,0
27.03,3,1458,0,0,0,143.0,0
43.04,4,868,0,0,0,2210.0,1
87.05,4,683,0,1,0,3862.0,0
91.9,1,84,0,0,0,230.0,1
18.55,3,248,0,0,0,1318.0,0
147.98,1,826,0,0,1,98.0,1
168.57,4,1022,0,0,1,1105.0,1
17.64,4,1420,0,0,0,2787.0,0
23.95,5,932,0,0,2,652.0,1
179.66,3,969,0,1,0,478.0,1
47.14,6,481,0,0,0,522.0,1
5.93,3,646,0,1,0,2820.0,1
13.47,2,1312,0,0,0,6550.0,0
42.55,1,193,1,0,0,467.0,1
17.06,7,438,0,0,3,128.0,1
36.11,8,500,1,0,0,242.0,1
56.4,2,152,0,0,0,1781.0,1
235.63,5,669,0,0,1,2029.0,1
40.84,3,269,0,1,1,1074.0,1
159.58,5,575,1,0,0,149.0,0
227.87,2,157,0,0,0,4738.0,1
229.13,4,187,1,0,1,4786.0,1
72.58,1,317,0,0,0,900.0,0
7.67,3,600,0,1,2,3096.0,0
86.56,4,987,0,0,0,4119.0,0
155.77,2,1267,1,0,4,1277.0,1
50.35,2,84,0,0,0,1656.0,1
312.49,4,196,1,0,2,2378.0,1
129.0,3,1302,0,0,1,3995.0,0
96.38,2,1159,0,0,0,168.0,0
161.8,2,378,0,0,0,98.0,1
76.2,4,118,0,0,0,2023.0,0
4.51,6,26,0,0,2,88.0,1
33.14,1,239,0,0,0,199.0,1
180.76,2,1133,0,1,0,988.0,1
24.35,3,1114,0,0,1,362.0,1
43.66,1,382,0,0,0,4124.0,1
19.2,4,793,0,0,1,725.0,1
325.03,3,1042,0,1,0,1551.0,1
293.39,4,664,0,0,0,18.0,0
22.56,4,502,1,0,2,1297.0,1
63.26,3,620,0,0,0,2989.0,0
27.65,1,776,0,0,0,6216.0,0
100.98,3,217,1,0,0,2044.0,0
90.89,5,995,0,0,0,408.0,1
122.94,2,24,1,0,0,812.0,1
76.09,2,1000,1,0,0,307.0,1
1028.04,4,373,1,0,0,742.0,0
19.53,6,614,0,0,2,1483.0,1
9.87,1,1493,0,0,1,1203.0,1
36.85,3,330,0,0,1,3724.0,0
11.38,3,1178,0,0,0,411.0,0
12.27,4,936,0,1,0,1023.0,1
20.06,3,417,0,0,0,1800.0,1
21.71,4,1465,0,0,0,7143.0,0
21.02,0,423,0,0,1,433.0,1
91.67,1,606,0,0,0,3222.0,0
32.91,5,1061,0,0,0,1731.0,1
45.63,3,1298,0,0,0,259.0,0
133.52,2,1182,0,0,0,2758.0,0
25.37,1,700,0,0,0,346.0,1
41.91,3,1457,0,0,1,2166.0,1
78.71,3,113,1,0,1,495.0,1
7.83,2,542,0,0,2,1137.0,0
5.03,3,941,0,0,1,2752.0,0
77.18,2,1462,0,0,0,1811.0,0
89.3,7,1424,0,1,0,2427.0,1
430.19,1,18,0,0,0,2928.0,0
63.95,1,162,0,0,1,64.0,1
123.93,5,1429,0,1,0,1179.0,1
44.9,5,1484,0,0,0,7637.0,1
73.5,2,159,0,0,0,2855.0,1
289.24,1,1034,0,0,0,820.0,0
6.53,2,873,0,0,2,604.0,0
82.57,5,1039,0,0,0,2196.0,0
462.01,3,565,0,0,0,266.0,0
72.39,4,699,1,0,0,3858.0,1
284.45,1,1079,0,0,0,154.0,1
29.1,4,446,0,0,0,1474.0,1
52.88,4,1180,0,0,1,3377.0,1
56.46,5,890,0,1,1,2291.0,1
5.94,2,391,0,0,0,1196.0,1
16.98,3,139,0,0,1,469.0,0
18.23,2,1437,0,0,0,1651.0,0
124.22,1,884,0,0,0,6103.0,0
130.6,3,762,0,0,0,180.0,1
75.49,5,125,0,0,1,58.0,1
124.47,3,219,0,0,1,979.0,0
46.33,1,281,0,0,0,1610.0,0
181.62,2,440,0,0,1,798.0,1
55.08,6,102,0,0,0,2277.0,1
57.85,5,1064,0,0,1,1332.0,1
41.86,4,471,1,0,0,767.0,1
108.25,3,1400,0,0,1,2845.0,1
35.83,1,1215,0,1,0,188.0,1
144.96,6,434,0,0,0,74.0,1
17.6,0,11,0,0,1,105.0,1
18.19,1,1270,0,1,1,3030.0,1
108.57,3,132,0,0,0,2880.0,0
49.97,3,484,0,0,2,3198.0,0
34.68,3,415,1,1,0,601.0,1
132.96,3,1354,0,0,0,1217.0,1
29.75,3,822,0,0,0,693.0,0
44.69,4,568,0,0,1,1593.0,1
221.24,3,862,0,0,0,3359.0,1
254.46,4,355,0,0,0,36.0,1
263.06,1,261,0,0,0,1518.0,1
41.18,3,592,0,0,0,404.0,1
186.92,3,1011,0,0,0,3673.0,0
21.14,2,580,0,0,0,5664.0,0
22.05,2,1028,0,0,1,3169.0,0
5.2,3,341,0,0,0,62.0,1
290.87,2,970,0,1,1,649.0,0
23.01,0,95,0,0,1,470.0,0
48.11,0,16,1,0,1,3150.0,1
21.97,2,1135,1,0,3,33.0,1
109.42,4,326,1,0,2,4609.0,0
37.5,5,1246,0,0,0,1594.0,1
14.81,2,1295,0,0,0,2453.0,0
84.92,1,875,0,0,0,1095.0,1
13.02,1,1460,0,0,0,2210.0,0
23.63,3,671,0,0,1,733.0,0
6.64,5,94,0,0,1,1943.0,0
13.15,2,997,0,0,0,1014.0,1
65.27,4,336,0,0,1,4837.0,0
7.66,2,812,1,0,0,4799.0,1
12.41,3,164,0,0,0,1520.0,0
54.47,2,894,0,0,0,2672.0,0
31.7,5,1410,0,0,2,2441.0,1
400.23,4,412,0,0,2,2206.0,1
341.69,4,368,0,0,1,6575.0,0
22.92,3,1320,0,0,0,3784.0,0
95.31,3,319,0,0,0,2462.0,0
115.5,2,1279,0,0,0,148.0,1
30.04,1,489,0,1,0,789.0,1
12.24,5,550,0,0,0,757.0,0
53.93,9,896,0,0,1,1292.0,1
45.93,6,1444,0,1,0,3498.0,0
35.31,1,187,0,1,1,2006.0,0
84.97,3,25,0,0,1,2657.0,1
25.77,2,142,0,0,0,77.0,0
17.25,2,428,0,0,1,99.0,1
60.89,7,1148,0,0,1,4748.0,0
80.32,4,25,0,0,3,423.0,1
16.83,1,477,0,1,3,2849.0,1
138.12,5,1487,0,0,0,1430.0,0
9.3,3,847,0,0,1,775.0,1
30.63,3,1455,1,0,0,2596.0,1
42.18,4,1256,0,0,0,6029.0,0
28.9,6,1369,1,0,0,539.0,1
31.03,4,1047,0,0,1,782.0,1
354.63,5,122,0,0,0,625.0,1
23.32,1,1247,0,0,0,1862.0,0
627.17,3,983,0,0,1,2319.0,1
84.53,4,1254,0,0,0,1171.0,0
59.86,6,17,0,0,1,435.0,1
87.9,1,1309,0,0,0,698.0,0
685.35,2,2,0,1,1,2476.0,1
20.21,3,267,0,0,0,3872.0,1
17.81,2,251,0,0,1,1277.0,1
25.67,2,277,0,0,1,515.0,0
56.38,3,1030,0,0,0,1972.0,1
9.72,4,1261,0,0,0,1836.0,0
55.83,5,224,0,0,1,4319.0,0
296.95,2,941,0,0,1,604.0,0
63.52,4,1437,0,0,1,3061.0,0
40.74,4,1055,0,0,0,1999.0,1
29.42,4,473,0,0,1,3298.0,0
134.09,3,514,0,0,1,196.0,1
23.91,2,1366,0,0,1,3160.0,1
345.99,2,165,1,0,1,1167.0,1
377.42,2,300,1,0,0,2681.0,1
70.58,0,975,0,0,0,502.0,0
53.97,1,454,0,0,1,769.0,0
153.03,0,639,0,0,0,964.0,0
163.17,7,481,0,1,2,1438.0,1
24.39,1,75,0,0,1,1286.0,0
32.25,6,309,1,0,1,486.0,1
14.55,2,76,0,0,0,4212.0,0
82.19,3,387,0,0,2,5202.0,0
106.34,6,1374,1,0,0,487.0,1
14.16,3,1299,0,0,0,892.0,0
34.63,1,1325,0,0,3,2939.0,0
14.19,1,957,1,0,0,2747.0,1
22.22,2,747,0,0,0,6546.0,0
94.73,4,1079,0,0,1,5299.0,0
26.22,1,460,0,0,0,3743.0,0
40.41,1,661,0,1,0,1590.0,1
10.73,4,313,0,0,0,742.0,1
65.82,5,269,0,0,0,1330.0,1
52.23,1,155,0,0,0,2655.0,0
26.34,2,1220,0,0,0,198.0,0
45.19,4,480,0,0,0,2186.0,0
65.39,8,1472,0,0,1,4075.0,1
24.17,3,1129,0,0,0,425.0,0
12.48,3,1098,0,1,0,3001.0,0
332.15,8,1099,0,0,0,3987.0,0
28.98,6,1121,0,0,0,125.0,1
49.56,1,1265,1,0,1,5706.0,0
150.03,5,1415,0,1,0,1256.0,1
1861.35,3,1133,0,0,0,1102.0,1
15.73,2,28,0,0,1,1661.0,1
85.61,6,1126,0,0,0,433.0,1
26.91,1,862,0,0,1,1961.0,0
31.86,6,119,0,0,0,2979.0,0
26.57,0,1051,1,0,0,700.0,1
17.71,3,150,0,0,1,531.0,1
52.39,2,682,0,0,0,4438.0,0
12.5,4,1166,0,0,0,1134.0,0
140.72,5,1178,0,1,0,1784.0,1
57.69,2,762,0,0,0,3480.0,0
83.3,1,183,0,1,0,2272.0,1
34.25,5,1227,0,0,0,699.0,1
37.82,2,1095,0,0,0,37.0,0
72.79,9,183,0,0,0,1139.0,1
17.05,6,173,0,0,0,514.0,1
38.17,4,542,0,0,0,979.0,0
23.11,1,355,0,0,1,1104.0,1
22.41,1,154,0,0,1,3614.0,1
6.62,2,601,0,0,1,2620.0,0
208.37,3,385,0,0,0,393.0,1
27.48,1,733,0,0,0,683.0,1
174.75,4,920,0,0,1,1577.0,0
158.98,5,1335,0,0,2,1500.0,1
15.09,4,1049,0,0,0,1420.0,1
18.39,0,1122,0,0,1,5476.0,0
706.63,3,554,0,0,0,2124.0,0
314.48,3,1324,0,0,2,184.0,1
52.9,6,1093,0,0,0,5079.0,0
70.62,7,361,0,0,0,1120.0,0
29.05,3,776,0,0,1,1564.0,1
84.13,5,874,0,0,0,3082.0,1
26.65,2,1087,0,0,0,432.0,1
7.15,2,718,0,0,0,1291.0,1
14.56,1,660,0,0,0,3531.0,1
55.76,7,495,0,0,0,2401.0,0
17.62,5,424,0,0,0,777.0,1
51.05,0,841,0,0,0,1601.0,0
18.64,4,1404,1,0,0,15.0,0
24.97,6,255,0,0,0,87.0,1
128.15,1,261,0,0,0,217.0,0
69.93,4,1153,0,0,0,2134.0,0
54.07,2,523,0,0,2,1742.0,0
131.49,1,422,0,0,1,4461.0,0
88.29,2,580,1,0,0,2219.0,0
231.96,0,416,0,0,1,982.0,0
34.47,2,1029,0,0,1,3631.0,0
35.53,4,918,0,0,1,79.0,0
14.86,4,206,1,0,0,18.0,1
35.55,4,469,0,0,0,519.0,0
143.28,3,82,0,0,1,246.0,1
200.33,4,1091,0,0,1,567.0,0
142.64,2,757,0,0,0,656.0,1
9.08,2,267,1,0,0,1094.0,0
161.28,1,751,0,0,0,1698.0,0
8.68,2,475,0,0,1,782.0,1
134.04,3,153,0,0,0,6153.0,0
37.8,4,554,1,0,0,1404.0,1
110.23,2,487,0,0,0,3761.0,0
14.4,2,571,0,0,0,2918.0,1
176.12,2,629,0,0,0,89.0,0
12.62,1,761,0,0,2,1148.0,0
27.98,2,1072,1,0,0,2956.0,0
20.12,3,1048,0,0,0,4268.0,0
9.45,2,1399,0,1,2,1804.0,1
60.01,2,709,1,0,0,4840.0,1
332.32,0,1381,0,0,0,1959.0,0
785.96,1,1057,0,0,0,421.0,1
60.17,2,1496,0,0,0,1472.0,1
166.78,4,838,0,0,0,2539.0,0
68.86,0,175,0,0,1,1976.0,0
89.92,2,565,0,0,0,157.0,0
38.78,2,685,0,0,1,487.0,0
66.36,4,967,0,0,1,2095.0,0
93.45,1,723,0,0,1,1353.0,1
30.62,1,1337,0,0,1,56.0,1
50.53,3,1222,0,0,0,2413.0,1
51.5,1,1022,0,0,0,149.0,0
124.76,4,1027,0,0,0,368.0,0
18.8,6,1073,0,0,0,4227.0,0
51.86,2,1038,0,0,1,681.0,1
369.45,4,1428,1,0,1,63.0,1
174.87,2,1218,0,0,0,32.0,0
210.44,3,793,0,0,0,4935.0,0
55.95,8,1284,0,0,0,839.0,1
75.26,1,247,0,0,0,1747.0,1
148.75,2,432,0,0,1,962.0,0
259.89,2,567,1,0,0,432.0,1
7.76,2,481,0,0,0,3782.0,0
14.65,2,258,0,0,0,5380.0,0
202.24,3,535,0,0,0,7938.0,0
41.39,2,108,0,0,0,76.0,1
27.89,7,176,0,0,0,93.0,0
15.58,4,469,0,1,3,3513.0,1
31.34,2,527,0,0,0,349.0,0
13.43,1,819,0,0,1,1485.0,0
441.9,2,152,0,1,0,1561.0,1
53.39,1,1300,0,1,0,1952.0,1
51.52,3,824,0,0,1,69.0,1
98.31,4,1062,0,0,0,664.0,1
142.93,2,281,0,0,0,1299.0,0
140.6,3,948,0,0,1,345.0,1
159.75,1,431,0,0,0,5189.0,0
29.05,1,320,0,0,0,3177.0,0
40.53,0,1195,0,0,1,270.0,0
117.81,4,71,0,0,0,2000.0,0
32.22,2,1112,1,0,0,950.0,1
54.32,4,57,0,0,2,672.0,1
81.35,7,167,0,0,0,619.0,1
119.72,5,631,1,0,1,1956.0,1
9.23,1,797,0,0,0,4210.0,1
111.58,2,1260,0,0,0,3257.0,0
43.22,4,922,0,0,0,773.0,0
110.77,4,1422,1,0,1,2214.0,1
118.74,2,320,0,0,0,1349.0,1
272.58,2,532,0,1,0,1045.0,1
211.34,2,7,0,0,0,634.0,0
209.89,3,458,0,0,1,152.0,1
231.29,3,238,0,0,0,385.0,1
73.07,1,451,0,0,0,1504.0,0
56.38,3,896,0,0,0,2348.0,1
130.69,4,1138,1,0,1,67.0,1
113.53,1,492,1,0,0,858.0,0
40.08,1,1333,0,0,0,326.0,0
81.84,3,449,0,0,1,1659.0,1
52.72,4,1182,1,0,2,3600.0,0
23.24,3,1005,0,0,0,4779.0,0
198.43,3,1423,0,0,1,3897.0,0
57.7,3,639,0,0,0,3705.0,0
423.57,3,203,0,0,1,1654.0,1
10.75,2,582,0,0,0,501.0,0
31.29,4,1478,0,0,0,2474.0,1
56.41,1,860,0,0,1,2321.0,1
170.27,2,120,0,0,0,328.0,1
81.41,5,665,0,0,1,390.0,1
74.48,2,944,0,0,1,208.0,1
17.69,4,624,0,0,1,1243.0,1
17.17,4,913,0,0,0,698.0,1
75.38,3,180,0,0,0,4147.0,1
13.96,1,631,0,1,0,67.0,1
32.08,3,642,0,0,0,705.0,1
90.1,2,700,0,0,1,3758.0,1
20.44,3,953,0,0,0,12424.0,0
271.88,3,493,0,1,0,2311.0,1
185.66,5,943,0,0,0,4157.0,1
11.34,1,1351,0,0,0,29.0,1
21.49,1,397,0,0,2,2659.0,0
5.55,2,790,1,0,0,1115.0,1
24.96,5,1207,0,0,1,2111.0,0
117.49,3,1130,0,1,0,1012.0,0
36.09,3,334,0,0,1,1516.0,0
86.56,1,659,1,0,0,542.0,1
11.91,3,1398,0,0,1,1536.0,0
121.26,3,1,1,0,0,619.0,1
31.34,5,1499,0,0,0,592.0,0
55.27,3,452,0,0,0,713.0,1
49.76,2,184,0,1,0,403.0,1
15.31,2,1112,0,0,1,454.0,1
17.23,7,704,0,0,0,4826.0,0
143.71,1,581,0,0,0,1091.0,0
81.37,1,340,1,0,0,1714.0,1
156.03,3,918,0,0,0,1527.0,1
75.54,5,622,0,0,2,555.0,0
62.99,2,172,0,0,0,0.0,0
9.72,5,378,0,0,1,198.0,1
41.66,2,177,0,0,2,3198.0,0
53.12,2,611,0,0,0,208.0,1
384.95,3,36,1,0,1,417.0,1
108.52,6,1477,0,0,0,4392.0,0
253.68,0,225,0,0,0,2969.0,0
99.24,2,856,0,0,0,99.0,1
26.81,4,930,0,0,0,1856.0,0
61.38,7,1317,0,0,0,1305.0,1
69.15,2,1497,0,0,0,817.0,0
21.35,3,1277,0,0,0,1239.0,0
37.17,5,1075,0,0,1,295.0,0
44.44,3,1317,0,0,1,5573.0,1
271.95,2,153,0,0,0,339.0,0
6.82,6,749,0,0,0,371.0,1
182.33,6,1285,1,0,0,828.0,1
21.4,4,766,0,0,0,430.0,1
13.84,5,821,0,0,2,675.0,1
177.67,2,105,0,0,0,73.0,1
113.51,2,367,0,0,0,1715.0,1
191.43,2,1307,0,0,1,497.0,1
121.6,5,1341,0,0,0,6371.0,1
428.31,3,833,0,0,1,218.0,1
95.46,1,1108,0,0,0,145.0,0
46.69,2,1024,0,0,0,345.0,1
76.93,1,1069,0,0,0,1407.0,1
189.33,1,1411,0,0,0,2477.0,0
25.04,1,1213,0,0,1,1474.0,0
28.45,4,490,0,0,0,3544.0,1
40.09,6,50,0,0,1,1621.0,1
6.66,3,816,0,0,1,269.0,1
62.68,3,201,0,1,1,370.0,1
8.28,2,175,0,0,0,797.0,1
57.57,3,142,0,0,1,4547.0,1
129.71,3,1299,0,0,1,1109.0,1
33.89,4,190,0,0,0,3731.0,1
292.11,2,1158,0,0,0,140.0,0
12.67,4,858,0,0,2,2089.0,1
179.69,3,781,1,0,0,1133.0,1
107.25,3,869,0,0,1,342.0,1
9.82,2,1121,0,0,1,153.0,1
821.22,2,1065,0,0,1,682.0,0
51.23,6,329,0,0,1,3093.0,0
22.7,4,965,1,0,1,1842.0,1
13.37,1,1397,0,0,0,1116.0,1
43.82,4,775,1,0,1,3361.0,1
48.07,2,95,0,0,1,359.0,1
60.5,3,694,0,0,0,589.0,1
40.54,1,482,1,0,0,1454.0,0
102.85,5,11,0,1,1,1603.0,1
37.05,1,1491,0,0,0,697.0,0
7.89,2,773,0,0,0,1263.0,1
47.02,1,471,0,1,0,230.0,1
5.12,3,431,0,0,1,20.0,0
77.77,3,1067,1,0,0,4239.0,1
20.51,2,4,0,0,0,1049.0,0
64.29,4,337,0,0,0,473.0,1
203.18,1,375,0,0,0,720.0,1
21.14,4,1119,0,0,5,1312.0,1
157.79,3,1471,0,0,1,5269.0,0
35.4,2,30,0,0,0,2298.0,1
315.2,1,898,0,1,0,5328.0,0
37.9,2,1112,0,0,1,214.0,1
23.56,3,842,0,0,0,353.0,1
108.55,4,220,0,0,2,812.0,0
35.31,1,128,1,0,0,504.0,1
23.54,3,1195,0,0,2,5665.0,0
33.86,2,225,0,0,1,338.0,1
52.22,6,1298,0,0,0,335.0,0
208.97,3,408,0,0,0,1204.0,0
7.89,8,677,0,0,0,2149.0,1
55.87,4,158,0,0,1,858.0,1
101.99,1,709,0,0,0,80.0,1
66.25,2,407,0,0,1,2613.0,0
202.32,2,30,0,0,0,5235.0,1
50.69,8,196,0,0,0,2994.0,0
45.4,0,1193,0,0,1,3300.0,0
98.72,3,819,0,0,0,3390.0,0
60.3,6,344,0,0,1,2565.0,0
36.95,3,579,0,0,0,2947.0,1
91.48,0,1423,0,0,0,144.0,0
28.43,2,184,0,0,1,101.0,1
29.63,3,512,0,0,0,141.0,1
32.2,4,961,0,0,0,1612.0,0
211.26,1,1226,0,0,0,497.0,0
2.18,6,621,1,0,0,51.0,1
81.09,3,218,0,0,1,143.0,1
56.5,4,1100,1,0,2,128.0,1
10.17,2,321,0,0,0,1778.0,0
74.42,5,2,0,0,0,277.0,1
87.86,5,1116,0,0,0,3365.0,0
98.46,8,1194,0,0,0,8847.0,0
3.85,4,771,0,0,0,1048.0,1
214.09,2,1329,0,1,0,1389.0,1
26.11,3,595,0,0,1,542.0,0
108.48,2,82,0,1,0,1918.0,1
114.56,1,1317,0,0,0,4437.0,0
22.72,3,1372,0,0,0,359.0,1
105.68,3,223,0,0,0,5511.0,1
37.13,1,775,0,0,1,450.0,0
6.88,1,879,0,0,0,556.0,0
175.52,1,1062,0,0,2,4366.0,1
25.15,2,442,0,1,1,1620.0,1
23.23,2,1157,0,0,0,58.0,0
36.49,1,573,0,0,1,2924.0,0
71.68,0,595,0,0,0,1849.0,0
51.56,2,1229,0,0,0,2446.0,0
94.45,2,935,0,0,3,318.0,0
14.3,3,28,1,0,1,3713.0,1
25.99,7,185,0,0,0,2749.0,1
48.62,3,1154,0,0,0,5682.0,1
364.27,2,70,1,0,1,946.0,1
48.72,0,719,1,0,0,1315.0,1
161.62,1,668,0,0,0,2178.0,0
56.74,1,549,0,0,0,198.0,1
33.66,4,217,0,1,0,425.0,0
42.66,3,608,0,1,2,612.0,1
46.14,2,1273,0,0,1,5225.0,0
99.85,3,695,0,0,1,2.0,1
215.86,2,613,0,1,1,9199.0,0
78.23,2,740,0,0,1,906.0,1
178.94,5,472,0,1,1,1881.0,1
20.81,6,1362,0,0,0,952.0,1
36.07,6,385,0,0,0,2759.0,1
26.46,5,3,0,0,1,5413.0,1
74.77,4,583,0,0,0,1069.0,0
38.13,3,97,0,0,0,358.0,1
113.27,2,597,0,0,0,452.0,0
21.52,4,751,0,0,3,556.0,1
57.0,1,688,0,0,1,451.0,1
108.51,2,643,0,0,1,24.0,1
6.92,4,689,0,0,1,3564.0,0
455.61,3,613,0,0,0,2056.0,1
41.13,3,1464,0,0,0,1305.0,0
7.21,2,700,0,0,0,286.0,0
63.95,2,1270,1,0,0,75.0,0
56.45,2,353,0,0,1,874.0,1
50.31,3,1022,1,0,0,10.0,1
147.11,4,1293,0,0,0,106.0,1
115.29,3,181,0,0,0,137.0,1
73.54,4,477,1,0,1,3045.0,1
85.64,2,1427,0,0,0,2332.0,0
49.19,4,666,0,0,0,667.0,1
322.3,3,1205,0,0,0,652.0,1
12.44,2,1081,0,0,1,760.0,0
62.78,4,422,1,0,2,1501.0,1
58.27,2,905,0,0,0,3541.0,0
123.13,4,1070,0,0,1,1167.0,1
23.48,8,862,1,0,1,289.0,1
9.55,3,86,0,0,1,311.0,1
63.87,3,747,0,0,0,106.0,0
72.33,0,1412,1,0,0,2427.0,1
242.16,4,893,0,0,0,917.0,1
15.33,2,594,0,0,2,4502.0,1
173.24,3,178,0,0,0,668.0,0
582.55,4,1117,0,0,0,2882.0,1
37.42,6,1186,0,1,0,1231.0,1
15.02,6,1250,0,0,0,3399.0,0
36.34,1,193,0,0,0,1483.0,1
55.37,2,1170,0,1,0,385.0,1
95.95,4,1278,0,0,0,2907.0,0
30.22,1,795,0,1,0,10.0,1
258.58,2,487,0,0,0,1263.0,0
17.91,2,642,0,0,0,392.0,1
9.59,4,467,0,0,0,743.0,0
165.13,3,445,0,0,2,947.0,0
5.61,4,886,0,0,1,1478.0,1
44.52,4,1430,0,0,0,788.0,0
1233.59,2,1339,0,0,1,1863.0,1
53.94,4,889,0,0,0,374.0,1
17.8,6,91,0,0,1,2808.0,1
51.55,4,1420,0,1,3,1658.0,0
51.89,4,63,0,0,2,780.0,1
64.11,3,15,0,0,1,1366.0,1
105.88,3,1015,0,0,1,931.0,1
19.32,3,1446,0,0,0,3742.0,0
295.17,3,1240,1,0,0,1423.0,0
69.76,2,733,0,0,0,2797.0,1
112.93,2,1158,0,0,1,2852.0,1
29.13,4,294,0,0,0,2383.0,1
197.63,3,816,0,0,0,2501.0,0
42.22,1,1352,0,0,1,458.0,1
72.06,4,258,0,0,1,3687.0,0
21.48,3,713,0,0,0,2215.0,0
20.15,2,1466,0,0,0,100.0,0
108.66,3,162,1,0,1,1878.0,1
35.04,2,1022,0,0,2,1184.0,0
23.25,1,427,0,0,0,277.0,0
28.7,3,24,0,0,0,1153.0,0
109.83,1,1265,0,0,1,4600.0,0
29.11,1,998,0,1,1,3758.0,1
48.54,3,1126,0,0,0,163.0,0
55.42,0,1305,0,0,0,1045.0,0
8.03,5,1449,0,0,1,1282.0,1
12.54,3,629,0,0,2,2114.0,0
76.42,1,545,0,0,0,2619.0,0
26.13,2,299,0,0,0,3174.0,0
157.08,0,1041,0,1,4,1633.0,1
143.57,2,1031,0,0,1,3850.0,1
112.08,2,955,0,0,1,1464.0,1
336.9,2,548,0,0,1,42.0,1
50.24,3,1427,0,1,1,1105.0,1
104.47,1,271,0,0,1,316.0,1
30.44,4,70,0,0,0,1536.0,0
634.2,4,1209,0,1,0,2055.0,1
396.88,2,228,1,0,0,2057.0,1
55.25,2,1093,1,0,0,1214.0,1
80.37,3,237,0,0,0,2272.0,0
212.58,1,197,0,0,1,219.0,0
47.13,4,1131,0,0,1,5313.0,0
28.31,1,1170,0,0,0,3335.0,0
130.84,1,1184,0,0,2,3476.0,0
59.05,3,1263,1,0,1,60.0,1
65.56,4,369,0,0,3,469.0,1
23.71,4,1150,1,0,0,188.0,1
9.8,5,1181,1,0,1,3610.0,1
69.14,1,817,0,0,1,2495.0,0
134.96,6,1492,0,0,0,182.0,1
43.56,8,1491,0,0,0,926.0,1
229.62,5,884,0,0,1,1291.0,1
27.01,6,720,0,0,1,2260.0,0
19.02,3,715,0,0,0,625.0,1
51.05,0,1340,0,0,2,618.0,0
50.27,3,639,0,0,1,1365.0,1
117.92,2,796,1,0,0,1342.0,1
25.15,3,342,0,0,0,214.0,1
214.45,4,155,0,0,0,2245.0,0
390.3,1,977,0,0,1,354.0,0
52.5,3,1160,0,0,0,3413.0,0
190.51,3,456,1,0,1,2671.0,1
18.98,5,32,0,1,0,7125.0,0
160.01,6,1004,1,0,0,338.0,1
155.6,2,1039,0,0,0,5205.0,0
129.47,4,128,0,0,1,2375.0,1
53.76,3,1403,0,0,0,3835.0,0
2.85,3,424,0,0,1,63.0,0
28.74,2,96,0,0,1,697.0,1
29.2,3,1337,1,0,2,54.0,1
20.53,1,815,0,0,1,361.0,0
61.7,3,613,0,1,1,3882.0,1
35.91,2,1142,0,0,0,952.0,1
23.94,1,522,0,0,0,2004.0,1
18.94,4,1141,0,0,0,1191.0,0
26.7,2,1372,0,0,0,1155.0,0
167.59,5,1204,0,1,1,1889.0,1
28.19,4,224,0,0,0,1027.0,1
32.62,3,1248,0,0,0,38.0,0
34.58,5,248,0,0,0,2902.0,1
76.63,2,1278,0,0,0,575.0,1
86.16,6,1343,1,0,0,2003.0,1
2.6,2,975,0,0,0,1932.0,0
151.66,2,649,0,0,2,281.0,0
229.61,3,742,0,0,0,324.0,0
19.1,3,862,0,0,1,1069.0,1
20.65,3,552,0,0,0,753.0,1
34.8,3,784,0,0,1,575.0,1
25.64,6,1049,0,0,1,666.0,0
68.3,5,138,0,0,0,529.0,0
7.79,4,926,0,0,0,211.0,0
17.85,3,9,0,0,2,166.0,1
254.47,2,569,0,0,0,3817.0,1
21.58,2,302,0,0,1,3036.0,1
189.32,1,631,0,0,1,1227.0,0
77.89,2,171,1,0,0,694.0,1
8.94,3,884,0,1,0,2089.0,1
103.06,3,512,0,0,0,208.0,0
48.54,4,369,0,1,0,193.0,1
34.62,0,375,0,0,0,274.0,1
69.75,1,204,0,0,1,2120.0,0
87.76,3,57,0,0,2,3102.0,1
110.79,3,657,1,0,0,1383.0,1
177.37,6,1049,0,0,0,332.0,1
82.12,2,1415,1,0,0,739.0,0
13.8,3,1079,0,0,0,3116.0,1
34.0,2,147,1,0,0,1294.0,1
1035.92,5,977,0,0,1,1080.0,0
112.67,3,1111,1,0,2,1937.0,1
583.64,2,1005,0,1,0,789.0,1
220.4,1,922,0,0,0,8.0,1
69.53,2,72,0,0,0,5087.0,0
73.8,10,750,0,0,0,2232.0,0
52.64,4,953,0,0,0,5707.0,0
9.6,5,136,0,1,1,3415.0,1
55.59,3,1070,1,0,0,843.0,0
183.22,3,517,0,0,2,856.0,1
29.97,2,1036,1,0,0,280.0,0
82.43,3,27,0,0,1,2964.0,0
127.94,2,84,0,0,0,1740.0,0
21.98,0,548,0,0,1,532.0,0
34.77,2,1076,0,0,0,5796.0,1
19.73,3,74,1,0,1,2628.0,0
23.99,2,490,1,0,1,3856.0,0
15.07,3,1479,0,0,1,344.0,0
22.19,6,1272,0,0,0,1616.0,1
225.76,1,12,0,0,1,8452.0,0
21.86,3,1360,0,1,2,774.0,1
61.96,1,1278,0,0,2,930.0,1
33.02,5,671,0,0,0,1386.0,0
177.48,4,603,0,0,0,82.0,1
202.59,2,672,0,0,0,461.0,1
129.55,3,1002,0,0,1,702.0,0
74.15,2,832,0,1,0,17.0,0
43.33,2,1128,0,0,1,683.0,1
16.58,5,603,1,0,0,1419.0,0
381.28,1,315,1,0,2,35.0,1
25.54,2,793,0,0,0,1366.0,1
106.02,5,68,0,0,0,2895.0,1
157.52,3,1196,0,1,0,284.0,1
31.33,5,1167,0,0,0,5858.0,0
154.16,1,197,0,0,0,965.0,1
117.24,3,1197,0,0,0,1038.0,1
307.34,5,665,0,0,0,1302.0,0
34.15,4,522,0,1,0,899.0,1
15.09,2,190,0,0,0,1902.0,1
32.93,2,12,0,0,0,353.0,1
67.28,3,963,0,0,0,4555.0,1
57.87,3,1053,0,0,0,3649.0,0
36.84,5,989,0,0,2,1863.0,1
8.09,3,555,0,1,1,2804.0,1
87.4,2,88,1,0,1,2219.0,1
392.42,6,856,1,0,0,1158.0,1
86.86,5,473,0,0,0,304.0,1
100.4,4,111,0,0,0,705.0,0
96.78,3,421,0,0,2,3885.0,1
81.21,5,69,1,0,1,1973.0,1
138.61,6,119,0,0,2,3608.0,0
81.07,0,779,0,0,1,3785.0,0
39.94,6,1448,0,0,0,1349.0,1
24.63,2,247,0,1,1,1033.0,1
42.56,3,831,0,0,0,1010.0,0
74.75,5,22,0,0,0,1057.0,0
39.8,3,399,0,0,0,5260.0,0
74.76,3,326,0,0,0,293.0,0
84.7,4,1216,0,0,1,296.0,0
125.61,2,602,0,0,1,882.0,1
196.92,4,646,1,0,1,2914.0,1
59.03,1,352,0,0,1,3442.0,1
14.76,5,811,1,0,0,3142.0,1
38.66,2,404,0,0,0,1570.0,0
57.06,2,637,0,0,0,3510.0,1
8.71,6,1451,0,0,0,385.0,1
218.91,3,702,0,0,0,1643.0,0
62.95,2,323,0,0,0,717.0,0
79.95,2,594,0,0,0,574.0,1
213.9,3,227,0,0,1,189.0,1
29.07,4,180,0,0,0,817.0,0
96.94,2,970,0,1,0,64.0,1
48.92,5,990,0,0,0,782.0,1
45.42,1,1439,1,0,0,1159.0,0
25.22,3,951,0,0,0,797.0,1
288.76,2,836,0,0,0,2655.0,0
37.51,3,1337,0,0,0,593.0,0
109.89,2,664,0,1,1,140.0,0
8.37,6,154,0,0,3,400.0,1
177.68,2,733,0,0,2,3087.0,0
156.37,3,806,0,0,2,1819.0,0
60.19,4,1060,0,0,0,1550.0,0
43.51,3,122,0,0,0,1392.0,0
81.45,5,182,1,0,0,2488.0,1
538.5,3,1450,0,0,0,393.0,1
9.36,5,1128,0,0,0,424.0,1
119.35,3,1106,0,0,0,251.0,0
21.94,2,536,0,0,0,746.0,0
53.52,1,338,0,0,0,576.0,1
42.61,1,103,0,0,1,4441.0,0
35.58,0,1288,0,0,0,23.0,0
54.03,3,231,0,0,0,1157.0,1
17.56,2,1206,0,0,1,2361.0,0
152.81,2,627,0,0,1,4268.0,0
9.08,1,779,0,0,0,6089.0,0
93.67,4,875,0,0,0,129.0,1
39.39,4,1251,0,0,0,391.0,0
16.93,6,728,0,0,0,12480.0,0
66.85,1,973,1,0,0,677.0,0
11.51,3,863,0,0,0,103.0,1
56.81,0,890,0,0,0,4884.0,0
13.16,1,3,0,0,1,930.0,0
86.6,8,1354,0,0,0,619.0,1
21.66,3,1345,0,0,1,294.0,1
34.78,2,908,0,0,0,997.0,0
73.26,2,1208,0,0,0,825.0,1
25.22,2,180,1,0,0,4642.0,1
51.52,3,125,0,0,1,429.0,0
12.02,4,1464,0,0,1,163.0,1
102.6,1,1419,0,0,0,582.0,1
318.91,5,385,0,0,1,1422.0,0
890.88,5,1136,0,0,1,715.0,1
59.81,4,646,0,0,4,674.0,1
120.09,1,202,0,0,1,913.0,1
9.2,6,664,1,0,1,3707.0,1
245.36,1,328,1,0,3,1956.0,1
118.66,5,849,0,0,1,1348.0,1
33.65,3,408,0,0,0,928.0,1
188.14,3,589,0,0,0,131.0,1
42.33,6,265,0,0,0,3886.0,1
34.54,0,1467,0,0,1,247.0,0
87.82,1,254,0,0,0,371.0,0
18.85,4,1094,0,0,1,1077.0,0
151.66,5,1366,0,0,0,272.0,1
18.99,10,1237,0,0,0,1839.0,1
19.1,3,610,0,0,0,1227.0,1
21.98,4,1147,0,0,0,1240.0,1
116.69,6,537,0,0,1,6144.0,1
29.47,2,880,0,0,0,2016.0,0
14.18,3,550,0,0,0,2370.0,0
29.79,7,1219,0,0,0,1692.0,0
52.88,3,270,0,1,0,541.0,0
16.76,5,778,0,0,0,117.0,1
17.26,4,1090,1,0,1,1482.0,1
450.92,5,199,0,0,1,1065.0,1
23.09,3,142,0,0,1,236.0,0
39.53,3,1265,0,1,0,3533.0,1
37.82,6,1233,0,1,0,1236.0,1
35.82,1,1150,0,0,0,1089.0,1
101.63,3,1290,1,0,1,972.0,1
140.91,1,355,0,0,0,2409.0,0
40.21,2,817,0,0,1,96.0,0
15.86,4,176,0,0,0,436.0,1
195.28,2,387,0,0,0,4187.0,1
49.63,3,1071,0,0,1,74.0,0
308.07,2,572,0,0,1,1698.0,0
5.78,2,793,0,0,0,497.0,1
66.38,4,633,0,1,1,1400.0,1
371.89,1,167,0,0,0,1363.0,0
38.35,2,558,0,0,2,1922.0,1
43.58,2,1241,0,0,0,339.0,1
73.37,2,1323,0,1,0,1843.0,1
31.22,1,797,0,0,1,2739.0,1
39.96,2,1363,0,1,0,348.0,1
38.95,5,1127,0,0,1,2804.0,1
29.15,4,86,1,0,1,234.0,1
186.58,4,1250,0,0,0,549.0,0
86.58,3,667,0,0,0,808.0,1
70.15,3,1392,0,0,0,671.0,0
122.56,0,3,0,0,0,2382.0,0
41.92,2,824,1,0,0,564.0,0
25.17,1,879,0,0,1,2501.0,0
29.89,1,1344,0,0,1,106.0,1
54.7,5,789,0,0,1,690.0,1
18.93,3,1048,0,0,0,4390.0,1
33.11,1,1498,0,0,1,877.0,0
32.59,4,525,1,0,0,1144.0,0
456.94,5,966,0,0,1,2516.0,1
3.41,2,1242,0,0,0,100.0,0
45.62,1,496,0,0,0,2171.0,0
306.65,4,683,0,0,1,120.0,0
61.67,5,862,0,0,0,1448.0,1
115.98,5,590,1,0,0,1702.0,1
60.33,2,1126,0,0,1,281.0,1
28.01,5,30,0,0,1,3426.0,0
5.8,4,467,0,0,0,1515.0,1
67.05,4,203,0,0,0,303.0,1
25.14,3,724,0,0,1,3550.0,1
24.52,0,153,0,0,0,3135.0,0
33.15,5,678,0,0,0,1999.0,0
312.58,2,43,1,0,0,936.0,1
604.76,5,414,0,1,0,1227.0,1
67.84,5,443,0,0,0,2188.0,1
34.3,2,151,0,0,0,643.0,1
16.82,5,1068,1,0,1,1629.0,1
87.23,5,1281,0,0,0,1751.0,1
324.7,2,1127,0,0,0,452.0,1
42.63,6,830,0,0,2,248.0,1
5.06,2,1232,0,0,0,324.0,0
106.7,3,1418,0,0,1,38.0,0
146.26,3,108,0,0,1,2503.0,0
11.18,6,329,0,1,1,2984.0,1
65.14,6,1358,0,0,0,2893.0,0
85.73,2,706,0,0,0,4786.0,0
50.75,1,633,0,0,0,159.0,0
24.76,4,950,0,0,0,4804.0,1
150.8,3,597,0,0,1,1254.0,1
36.47,2,426,0,0,0,900.0,0
12.36,4,907,0,0,0,275.0,1
7.03,1,233,0,0,0,1188.0,0
192.65,3,451,0,1,1,2061.0,1
101.16,2,755,0,0,1,168.0,1
59.62,2,1291,0,1,0,6854.0,0
35.15,5,516,0,0,0,4475.0,1
32.17,2,591,0,0,0,3929.0,0
18.62,1,1403,0,0,0,948.0,1
35.46,3,484,0,0,1,3488.0,1
6.55,0,79,0,0,0,241.0,0
26.15,3,689,0,0,0,4349.0,0
40.01,3,1266,0,0,1,3472.0,1
100.47,1,406,0,0,0,1592.0,0
52.46,1,906,0,0,0,1954.0,0
120.9,3,276,0,0,0,777.0,1
210.43,6,178,0,0,0,5351.0,0
157.3,3,671,0,0,1,124.0,0
87.4,4,812,0,0,0,3990.0,0
55.25,4,1000,0,0,1,546.0,1
20.48,2,988,1,0,0,2943.0,0
114.43,2,331,0,0,0,91.0,1
292.88,2,553,0,0,2,504.0,1
76.87,1,1294,0,0,0,397.0,1
371.39,3,174,1,0,0,6892.0,0
11.87,2,477,1,0,1,424.0,1
17.22,3,92,0,0,1,835.0,0
128.41,1,510,0,0,0,637.0,1
71.11,3,896,0,0,0,7673.0,0
203.12,5,601,0,0,0,1722.0,0
53.76,2,599,0,0,0,803.0,1
22.92,1,414,0,0,0,4293.0,1
44.1,1,137,0,0,1,2211.0,1
11.79,6,678,0,0,1,2188.0,1
17.66,7,89,0,0,1,1199.0,1
144.38,0,1067,0,0,0,1240.0,1
130.68,0,344,0,0,1,2362.0,1
78.49,1,296,0,0,0,18.0,1
9.77,1,341,0,0,0,1035.0,1
38.15,3,631,0,0,0,7157.0,0
16.04,4,1342,0,0,1,1909.0,0
177.07,3,35,0,0,0,857.0,1
30.46,3,171,0,0,1,336.0,1
18.44,2,386,1,0,1,800.0,1
56.25,5,335,0,0,0,1177.0,0
28.78,3,79,0,0,0,1793.0,0
240.75,5,1157,0,0,0,7348.0,0
26.19,2,372,0,0,0,1234.0,1
13.47,2,1192,0,0,1,813.0,1
6.34,1,236,0,0,0,527.0,0
52.94,4,493,0,0,0,2615.0,0
31.13,4,649,0,0,1,1122.0,1
13.08,2,1351,0,0,2,2325.0,0
179.33,2,155,0,0,0,600.0,0
106.4,5,66,0,0,1,835.0,1
53.08,3,1389,0,0,0,5611.0,1
213.65,2,200,0,0,1,479.0,1
105.9,4,512,0,0,0,690.0,1
23.98,4,512,0,0,0,1280.0,1
19.31,0,498,0,0,1,1343.0,1
123.72,7,685,0,0,0,124.0,1
81.16,5,695,0,0,1,6404.0,0
64.7,2,1064,0,0,0,649.0,1
23.42,2,272,1,0,1,99.0,1
100.28,3,724,0,0,0,530.0,1
25.65,5,1248,0,0,1,918.0,1
49.3,2,160,0,0,1,474.0,0
232.05,2,35,0,0,0,303.0,1
28.2,2,832,0,0,1,1273.0,1
11.32,4,1423,0,0,0,2865.0,1
19.06,7,426,0,0,1,2197.0,1
147.57,3,121,0,0,0,997.0,0
70.44,4,1458,0,0,0,238.0,1
48.0,6,416,0,0,0,5578.0,1
32.82,2,286,0,0,0,739.0,1
88.71,4,979,0,0,0,196.0,1
23.36,0,1432,0,0,0,738.0,1
74.12,2,962,1,0,0,2150.0,0
26.28,3,405,0,1,0,520.0,0
22.25,3,1194,0,0,1,364.0,0
28.86,6,1360,0,0,0,551.0,1
37.51,3,488,0,0,2,1444.0,1
52.0,5,1255,0,1,2,3737.0,1
69.09,3,1124,0,0,0,255.0,1
1.37,3,745,0,0,0,279.0,1
24.35,2,1026,0,0,0,1007.0,1
36.91,2,528,0,0,0,241.0,1
245.93,2,733,0,0,0,6967.0,0
18.54,2,1287,0,1,1,3796.0,0
64.25,6,695,0,0,1,121.0,1
243.48,3,399,0,0,0,4273.0,1
14.69,0,1047,1,0,0,602.0,1
80.96,3,247,0,0,0,702.0,1
24.48,5,1281,0,0,2,744.0,0
32.96,4,628,0,0,1,131.0,1
24.46,3,69,0,0,0,2714.0,0
26.26,0,564,0,0,2,363.0,0
830.4,3,397,0,0,0,420.0,1
127.03,4,608,0,0,0,2635.0,0
164.31,4,285,0,0,2,112.0,0
89.3,4,146,0,0,0,737.0,1
10.95,5,386,0,0,0,1482.0,1
81.04,3,1307,1,0,3,222.0,1
159.64,4,298,1,1,0,997.0,1
23.26,2,1246,0,1,0,786.0,1
143.36,3,1162,0,0,0,699.0,0
110.42,1,515,0,0,0,568.0,0
347.94,3,1366,0,0,0,746.0,1
35.95,1,1062,0,0,2,895.0,1
18.22,3,1483,0,0,0,247.0,0
38.03,3,1094,0,0,1,419.0,1
229.42,1,581,0,0,1,4344.0,0
8.77,1,670,0,0,0,5205.0,0
6.9,6,782,0,0,0,8838.0,0
59.7,5,2,0,0,0,1172.0,1
35.07,2,1160,1,0,1,262.0,0
55.02,2,842,0,0,0,2072.0,1
140.51,2,1237,0,0,1,4971.0,0
31.42,3,83,0,0,1,57.0,1
8.39,4,355,0,1,0,40.0,0
421.78,0,141,1,0,0,1707.0,0
20.14,4,1010,0,0,1,72.0,0
18.93,5,950,0,0,0,894.0,1
164.63,2,600,0,0,0,853.0,1
37.17,3,1420,0,1,2,188.0,1
51.24,2,835,1,0,0,2466.0,1
88.48,1,793,1,0,2,208.0,1
161.35,2,931,0,0,0,576.0,0
39.12,3,912,0,0,0,2338.0,0
249.62,3,241,0,0,0,1733.0,0
6.45,4,624,0,0,0,1152.0,0
116.72,4,1325,0,0,0,90.0,1
23.58,6,1017,0,0,0,2592.0,1
215.35,1,1165,0,1,2,3141.0,1
62.93,5,1176,0,0,1,194.0,1
27.86,5,1021,0,0,0,7710.0,0
105.94,3,986,0,0,1,768.0,0
133.38,6,906,0,0,2,994.0,0
103.74,7,787,0,0,0,963.0,1
19.5,4,214,0,1,0,1804.0,1
33.65,3,792,0,0,0,1532.0,0
54.38,5,1498,0,0,2,1481.0,1
52.39,3,1213,0,0,1,2736.0,0
115.55,6,133,0,0,0,4735.0,1
7.28,1,80,0,0,0,3104.0,1
76.27,1,101,0,1,0,2297.0,1
40.85,2,1382,0,0,2,93.0,0
23.61,3,1088,0,0,0,514.0,0
25.98,4,635,0,0,0,199.0,0
44.06,3,1389,0,0,2,3473.0,1
1.49,4,1133,0,0,1,1901.0,1
27.08,2,187,0,0,0,61.0,1
22.74,0,1429,0,1,0,2312.0,0
93.02,2,1376,0,0,0,740.0,0
24.4,3,985,1,0,2,1411.0,1
44.03,2,206,0,0,1,1560.0,1
255.26,3,883,0,0,1,319.0,1
147.58,3,47,0,0,0,916.0,1
134.6,4,821,1,1,0,1001.0,1
33.12,0,99,0,1,0,1718.0,1
93.98,3,505,0,0,0,3967.0,1
43.21,4,990,0,0,0,1719.0,0
44.88,3,1258,0,0,0,2072.0,0
82.24,4,423,0,0,0,1966.0,1
30.05,4,927,0,0,1,159.0,1
242.99,1,977,0,0,1,641.0,1
46.52,2,217,0,0,0,925.0,0
101.33,2,174,0,0,1,1058.0,0
234.07,2,441,0,1,0,3321.0,1
153.19,4,106,0,0,0,1342.0,0
13.34,1,411,0,0,0,3042.0,1
85.19,4,1437,0,0,1,4266.0,1
127.83,0,113,0,0,0,2143.0,0
133.2,5,146,1,1,0,216.0,1
17.93,4,644,0,0,1,404.0,0
28.3,3,1108,0,0,0,3169.0,0
147.61,0,536,0,0,0,1493.0,1
25.49,2,298,0,1,1,1306.0,1
40.46,0,188,0,0,1,6243.0,0
263.98,2,111,0,0,1,826.0,1
52.05,4,56,1,1,0,75.0,1
26.4,2,581,0,0,0,530.0,1
22.7,3,1498,1,1,0,603.0,1
76.15,1,530,1,0,0,1293.0,0
14.39,2,449,0,1,0,13.0,1
42.63,2,1418,0,0,1,8001.0,0
76.19,2,1187,0,0,1,115.0,1
200.17,1,219,0,0,0,476.0,1
106.44,2,892,0,0,0,2009.0,0
26.73,4,331,0,0,1,6835.0,0
177.4,4,1475,0,0,0,1291.0,1
40.47,4,1308,1,0,1,753.0,1
15.87,5,1163,0,0,1,319.0,1
45.97,2,504,1,0,1,4206.0,1
230.02,1,1380,0,0,0,92.0,1
64.41,4,281,0,0,2,131.0,1
55.29,2,844,0,0,1,119.0,0
280.68,3,12,0,0,0,1131.0,1
13.05,0,1464,0,0,0,4817.0,0
15.1,2,565,0,0,0,1461.0,0
10.85,3,1120,0,0,1,788.0,1
79.25,1,232,1,0,0,491.0,1
64.49,0,1136,1,0,0,1301.0,1
255.38,3,1071,0,0,2,1049.0,1
69.65,6,254,0,0,0,177.0,1
36.45,3,1447,0,0,1,11.0,1
54.7,5,288,0,0,2,1627.0,1
61.42,4,1330,0,0,0,3518.0,0
10.26,2,1008,0,0,0,1690.0,1
820.84,5,374,0,1,1,711.0,1
91.82,1,195,0,0,0,299.0,0
67.36,1,1049,0,0,0,2418.0,0
101.0,5,1030,1,0,1,2180.0,0
110.99,3,865,0,0,1,3378.0,0
47.44,2,143,1,0,0,7320.0,0
29.04,1,703,0,0,0,214.0,1
99.43,5,171,0,0,0,553.0,1
80.3,4,490,0,0,0,758.0,1
24.29,3,96,1,0,1,1389.0,1
225.66,0,984,0,0,2,98.0,0
73.21,1,1219,0,0,2,581.0,1
113.28,2,260,0,0,1,2845.0,0
219.62,9,1260,0,0,2,89.0,1
55.81,1,1083,0,0,0,3066.0,1
74.96,2,52,0,0,0,367.0,0
122.73,3,787,1,0,1,655.0,1
26.45,4,122,0,0,0,2279.0,1
57.63,1,1241,0,0,3,2604.0,1
61.9,2,695,0,0,1,426.0,0
20.99,3,89,0,0,0,936.0,0
554.26,3,1467,0,0,0,498.0,0
13.37,6,970,0,0,0,1296.0,1
14.91,5,38,0,0,2,1902.0,1
203.21,3,84,0,0,0,567.0,1
111.42,1,1132,0,0,0,1116.0,1
19.57,2,1010,0,0,0,1381.0,1
100.21,2,709,0,1,1,977.0,1
236.95,2,739,0,0,0,1298.0,1
52.97,2,1027,0,0,1,280.0,1
734.23,6,672,0,1,1,74.0,1
9.74,4,1316,1,0,0,117.0,1
109.27,3,30,1,0,1,6490.0,1
175.31,2,628,0,0,0,138.0,0
133.13,1,1191,0,0,0,878.0,0
44.51,1,93,0,0,0,2823.0,0
40.84,4,218,0,0,0,3422.0,1
85.13,5,1113,0,0,0,563.0,1
123.44,4,1212,0,1,2,1839.0,0
99.73,1,972,0,0,0,2317.0,0
154.48,4,886,0,0,0,4456.0,0
19.71,2,698,0,0,0,3959.0,0
43.48,4,282,1,0,1,1028.0,1
21.33,1,975,0,0,0,1403.0,1
37.11,2,389,1,0,0,2905.0,0
150.69,4,929,0,0,0,1644.0,1
60.82,1,873,0,0,2,792.0,0
740.15,3,137,1,0,1,5406.0,1
66.25,3,288,0,0,0,10958.0,0
57.96,7,1357,1,0,0,4867.0,0
60.71,4,619,0,0,2,764.0,1
28.85,3,412,1,1,1,500.0,1
51.53,1,407,0,0,2,1223.0,0
168.64,3,600,0,0,0,2765.0,1
61.19,2,1149,0,1,1,567.0,1
24.69,3,1221,0,0,0,939.0,0
21.65,3,622,0,0,1,296.0,0
34.81,2,1072,0,0,1,2177.0,1
58.78,5,1346,0,0,2,2407.0,1
180.11,3,1214,0,0,0,1232.0,0
14.29,0,69,0,0,1,2407.0,0
39.65,2,696,0,0,0,1861.0,1
63.07,2,1354,0,0,1,4772.0,0
8.73,1,495,0,0,1,1590.0,0
23.72,3,884,0,0,0,795.0,0
27.66,7,292,0,1,1,2354.0,1
24.63,1,1021,0,0,1,105.0,1
66.15,6,733,1,0,0,1164.0,1
46.5,6,416,0,0,0,6084.0,0
31.33,3,1243,0,0,0,2199.0,0
83.76,2,897,0,1,0,11847.0,0
305.84,1,1300,1,0,1,898.0,1
281.25,5,418,1,0,0,898.0,1
7.98,3,563,0,0,1,111.0,1
97.23,1,1444,0,0,0,805.0,1
45.69,3,727,0,0,2,274.0,1
63.76,3,1185,0,1,0,906.0,0
36.66,6,1,0,0,1,3.0,1
61.41,3,1091,0,0,0,1038.0,1
63.52,3,163,1,0,0,5039.0,1
30.6,1,315,0,0,0,2587.0,0
22.28,1,333,0,0,0,497.0,1
34.86,2,525,0,0,0,567.0,1
69.01,6,1302,0,0,1,666.0,1
99.38,5,56,0,0,2,175.0,1
128.17,1,389,1,0,0,8679.0,0
33.31,2,593,0,0,0,1984.0,0
72.52,2,939,0,0,0,2414.0,0
142.95,2,1275,0,0,0,2136.0,0
175.14,3,951,0,0,2,1126.0,1
51.48,2,731,0,0,0,3050.0,0
43.78,1,527,0,1,0,489.0,1
66.1,5,1322,0,0,1,884.0,1
17.29,2,1417,0,0,0,710.0,1
44.99,3,124,1,0,1,5489.0,1
114.96,0,1095,0,0,1,72.0,0
103.75,3,394,0,0,0,141.0,1
41.67,5,704,1,0,0,5627.0,0
67.88,2,1449,0,1,2,2094.0,0
23.94,5,909,1,1,0,1819.0,1
110.33,7,912,0,0,0,3080.0,1
50.51,2,994,0,0,0,4477.0,1
41.43,6,328,0,0,0,4077.0,0
38.03,4,1084,0,0,0,3970.0,0
51.27,4,567,1,0,2,3285.0,1
34.89,1,988,0,1,0,231.0,1
105.44,4,455,0,0,0,1816.0,1
36.77,2,674,0,1,0,1216.0,1
268.53,8,737,0,0,0,2730.0,0
236.33,3,1156,0,0,1,5588.0,1
22.39,5,102,0,0,0,816.0,1
58.54,1,1255,0,0,3,2530.0,1
28.48,5,571,0,0,0,429.0,1
39.38,3,809,0,0,0,985.0,1
404.41,6,1242,0,0,0,2311.0,0
40.14,2,943,0,0,0,164.0,0
78.27,2,1307,0,0,0,3565.0,0
93.81,5,368,0,0,0,4481.0,1
20.07,4,91,0,0,0,3701.0,0
23.22,2,1393,0,0,0,1.0,1
16.35,2,139,0,1,0,2928.0,0
22.51,0,1367,0,0,0,4091.0,0
3.16,2,114,0,0,1,7425.0,0
94.12,3,22,0,1,2,61.0,0
425.9,3,1047,0,0,0,1493.0,0
63.3,3,1089,0,0,0,3846.0,0
13.25,1,460,0,0,0,2364.0,0
28.71,3,114,0,1,3,3468.0,1
34.51,4,540,1,0,1,2158.0,1
19.74,2,921,0,0,0,44.0,1
129.05,4,1263,0,0,0,3790.0,0
122.76,3,257,0,0,0,1731.0,1
17.19,6,1309,0,1,1,512.0,1
112.74,3,1428,1,0,0,2050.0,0
251.34,4,1070,1,0,0,1300.0,1
365.97,3,652,0,0,5,2275.0,1
958.35,1,456,0,0,0,1152.0,0
22.15,2,679,0,0,0,195.0,0
919.86,2,392,0,0,2,4377.0,0
38.31,3,466,0,0,0,2067.0,1
30.19,5,1237,0,0,0,2253.0,0
75.72,2,412,1,0,0,2627.0,1
30.51,4,1183,0,0,0,1293.0,0
81.37,4,911,0,0,0,2252.0,0
14.58,3,551,0,0,0,428.0,0
43.0,3,993,1,0,1,1139.0,1
197.47,6,1495,0,0,0,2118.0,1
51.57,4,472,0,0,0,2942.0,1
62.9,2,1134,0,0,1,6199.0,0
87.82,3,776,0,0,0,3549.0,1
176.03,0,810,0,0,0,76.0,0
10.43,4,443,0,0,0,350.0,0
97.96,4,465,1,0,0,2048.0,1
41.76,1,1359,0,0,0,154.0,0
64.5,1,846,0,0,1,9659.0,0
157.58,6,916,1,0,1,1147.0,0
16.54,2,608,1,0,3,2088.0,1
19.83,1,742,0,0,0,88.0,1
7.88,2,544,0,0,1,1013.0,1
31.53,3,900,0,0,0,493.0,0
206.53,1,925,0,1,0,199.0,1
48.4,3,645,1,0,2,2010.0,1
14.29,3,1259,0,0,1,6775.0,0
33.59,2,844,0,0,1,655.0,1
12.33,2,23,0,0,3,4750.0,1
17.72,3,737,0,0,0,6.0,1
80.55,6,144,0,0,0,1957.0,1
16.88,3,306,0,0,0,1362.0,1
166.11,4,492,0,0,0,829.0,1
50.85,3,1419,0,0,2,973.0,1
59.48,0,584,0,0,1,1653.0,1
41.33,2,1249,0,0,0,1470.0,0
118.26,4,1072,0,0,1,1277.0,1
119.48,1,546,0,0,2,7333.0,0
76.33,4,405,0,0,0,2635.0,0
96.04,2,766,1,0,1,354.0,1
44.16,4,1126,0,0,0,4489.0,1
93.9,2,241,0,0,1,1221.0,1
38.94,5,1314,0,0,0,25.0,0
54.72,2,1280,0,0,1,2775.0,0
41.49,5,361,0,0,1,783.0,0
34.56,5,67,0,0,0,12238.0,0
27.41,1,280,0,0,1,1413.0,0
87.16,2,1430,0,0,1,567.0,1
202.47,2,778,0,0,1,2510.0,1
176.11,2,1029,1,0,0,587.0,0
15.54,5,543,0,0,1,45.0,1
198.19,2,1176,0,0,1,183.0,1
39.72,3,1291,0,0,0,1927.0,0
99.56,4,563,0,0,0,434.0,0
22.06,4,48,0,1,0,489.0,1
62.93,3,334,0,1,0,290.0,1
74.72,2,136,0,0,1,533.0,0
12.37,6,519,0,0,0,2568.0,1
100.31,2,119,0,0,1,1298.0,0
209.75,2,1312,0,0,0,438.0,0
45.85,2,342,0,0,0,512.0,0
212.76,1,1302,0,0,1,855.0,1
45.16,1,1003,0,0,0,10099.0,0
127.69,4,627,0,0,0,344.0,0
5.94,1,164,0,0,0,2923.0,0
613.25,1,285,0,0,0,3614.0,0
243.58,2,964,0,0,0,5594.0,1
41.07,4,1247,0,0,0,1671.0,1
7.6,5,377,0,0,1,190.0,1
72.82,4,53,0,0,1,42.0,0
12.89,0,328,0,0,2,1053.0,1
85.19,2,341,0,1,1,777.0,1
82.4,3,527,0,0,0,3568.0,0
21.3,3,639,0,0,0,1636.0,0
167.5,4,1142,0,1,0,3335.0,1
122.19,1,1206,0,0,0,1521.0,0
144.87,4,506,0,0,0,464.0,0
55.08,2,1349,0,0,1,401.0,1
13.26,3,868,0,0,0,905.0,1
145.17,3,704,0,0,0,54.0,1
41.66,2,1218,0,0,1,1238.0,0
13.6,3,178,0,1,0,573.0,1
211.04,3,968,0,0,0,84.0,1
445.59,5,559,0,0,1,1158.0,1
52.39,1,909,0,0,2,1844.0,0
473.01,4,654,0,0,1,191.0,0
59.82,3,9,0,0,0,1688.0,1
37.32,6,1436,0,0,0,5155.0,0
29.07,2,934,0,0,0,850.0,0
280.64,3,524,0,1,0,7204.0,0
25.02,2,1037,0,0,0,2741.0,1
113.89,3,277,0,0,0,17.0,1
31.21,5,439,0,0,1,5226.0,1
34.46,2,1062,1,0,1,1284.0,1
152.97,4,820,0,0,0,1652.0,1
37.34,2,435,0,0,1,1691.0,1
36.42,0,1268,0,0,1,893.0,0
169.49,2,840,0,0,0,1057.0,0
269.72,5,744,0,0,0,1316.0,1
104.03,1,1197,0,0,0,6066.0,0
28.37,1,251,1,0,2,444.0,1
32.77,5,632,0,0,0,4429.0,1
59.14,6,1366,0,0,0,6703.0,0
75.26,3,845,0,0,2,996.0,1
20.33,4,14,0,0,0,511.0,1
112.51,4,274,0,1,1,1115.0,1
59.47,3,1007,0,0,3,193.0,1
9.82,2,353,0,0,1,3101.0,1
21.57,4,1159,0,0,0,680.0,1
32.98,4,970,0,0,2,653.0,1
50.76,4,442,0,0,0,2014.0,0
361.14,4,1403,1,0,3,1483.0,1
69.28,1,567,0,0,1,1586.0,1
23.55,2,802,1,0,0,1193.0,1
68.08,3,127,0,1,0,1078.0,0
38.39,13,1325,0,0,2,683.0,1
75.55,4,1019,0,0,1,598.0,0
97.57,1,821,0,0,1,9175.0,0
182.95,0,1183,0,0,1,928.0,0
53.29,2,1224,0,0,0,1273.0,1
281.17,5,1089,1,0,1,911.0,1
135.37,3,695,1,0,0,2332.0,0
26.91,3,739,0,0,0,344.0,1
497.63,2,623,0,0,1,96.0,1
75.72,4,79,0,0,0,6572.0,1
23.69,3,1116,0,0,0,1381.0,1
285.12,4,140,0,0,0,1440.0,0
436.06,1,1025,0,0,0,1132.0,1
52.82,4,267,0,0,0,92.0,0
32.99,2,1075,0,0,0,2032.0,0
45.95,3,229,0,0,1,1502.0,1
111.58,4,1393,1,0,0,277.0,0
195.95,2,450,0,0,0,1334.0,1
96.59,1,557,0,0,1,479.0,1
60.44,4,1123,0,0,1,1839.0,0
244.21,3,1096,0,0,0,1984.0,0
39.93,1,597,0,0,0,633.0,0
153.07,4,1205,1,0,1,178.0,1
40.93,2,941,0,0,1,2878.0,0
84.02,4,835,0,0,0,1821.0,0
48.74,1,729,0,0,1,1668.0,1
51.63,6,156,0,0,1,1640.0,0
37.44,6,860,1,0,0,2286.0,1
209.53,2,840,0,0,0,467.0,1
26.23,2,577,0,0,1,940.0,0
26.04,1,917,0,0,1,451.0,0
455.32,3,655,0,0,0,133.0,1
145.16,6,392,0,0,0,4269.0,1
5.03,1,1384,0,0,0,86.0,1
31.02,3,1366,0,0,0,85.0,1
8.92,0,1044,0,0,0,700.0,0
21.1,3,333,0,0,1,691.0,0
2.37,1,192,1,0,2,73.0,1
47.61,3,1370,0,0,0,2625.0,0
17.43,2,295,0,0,0,225.0,1
57.97,6,135,0,0,2,167.0,1
10.75,3,203,0,1,0,165.0,1
59.32,3,88,1,1,0,1861.0,1
36.06,4,345,0,0,1,334.0,1
245.17,3,563,1,0,0,1555.0,1
223.94,3,250,1,0,0,404.0,1
119.74,1,319,0,0,1,3260.0,0
39.39,5,289,0,0,0,373.0,0
397.57,3,301,1,0,1,1011.0,0
11.55,5,1030,0,0,1,1447.0,1
13.42,5,549,0,0,0,3819.0,0
50.21,2,258,0,1,0,436.0,1
520.11,2,618,0,0,2,1744.0,0
44.6,2,222,1,0,0,57.0,1
45.46,4,313,0,0,1,2687.0,0
12.91,3,348,0,0,0,1348.0,1
140.6,2,864,0,0,1,5222.0,0
141.62,5,629,0,0,0,2688.0,1
120.19,2,691,0,0,0,922.0,1
29.1,4,91,1,0,0,967.0,0
26.93,6,1195,0,0,0,12.0,0
14.98,3,294,0,0,0,3277.0,1
59.37,4,192,0,0,0,2946.0,1
18.53,2,1124,0,0,1,1513.0,0
16.82,4,806,0,1,0,847.0,1
35.74,1,31,0,0,1,2942.0,1
33.48,1,606,0,0,0,1696.0,0
31.88,2,782,0,0,0,379.0,1
87.05,5,1122,0,0,0,499.0,1
59.09,1,52,0,0,0,1675.0,0
40.93,3,475,0,0,0,2040.0,0
65.56,2,1367,1,0,1,216.0,1
20.26,5,810,0,0,0,3295.0,1
60.66,4,350,0,0,0,1260.0,1
63.47,3,1001,0,1,2,401.0,1
12.15,6,758,0,0,1,1500.0,1
147.78,3,1042,0,0,0,3762.0,0
22.61,4,230,0,0,0,102.0,1
59.76,3,714,0,0,0,450.0,0
174.93,3,610,0,0,0,1491.0,1
137.78,1,575,0,0,1,3.0,0
56.51,2,1184,1,0,1,357.0,1
38.0,5,863,0,0,0,486.0,1
140.82,2,1436,1,0,0,3879.0,1
107.2,5,388,0,0,0,1337.0,1
29.42,6,655,0,1,0,1800.0,1
24.66,3,2,0,0,1,6.0,1
6.87,2,892,1,0,0,880.0,1
63.69,2,151,0,0,1,1067.0,1
50.26,3,1371,0,0,0,3286.0,0
170.07,4,753,0,0,0,390.0,1
78.18,1,1442,0,0,2,121.0,1
207.31,4,1192,0,0,0,3136.0,0
27.18,2,628,0,1,0,429.0,1
170.4,3,947,1,0,0,2113.0,1
32.17,0,1034,1,0,0,173.0,0
118.82,3,679,0,0,0,2009.0,1
12.7,5,900,0,0,0,991.0,1
69.07,2,1362,0,0,2,4737.0,0
7.5,6,111,0,0,3,403.0,1
41.8,3,180,0,0,0,125.0,1
84.8,0,977,0,0,1,1373.0,0
32.43,2,1435,0,0,0,4493.0,0
19.1,1,181,0,0,0,410.0,0
127.25,8,367,0,0,1,3242.0,1
49.23,4,174,0,0,0,746.0,0
33.46,3,86,0,0,1,188.0,0
56.93,4,548,0,0,0,1604.0,0
762.55,3,947,0,0,0,1328.0,0
173.04,4,1087,0,0,0,3281.0,0
174.61,5,431,0,0,0,196.0,1
84.4,5,658,0,0,0,1865.0,1
64.49,2,1398,0,0,1,1744.0,1
4.97,2,264,0,0,0,9512.0,0
27.69,4,169,0,0,0,716.0,1
33.77,4,317,0,0,1,82.0,0
8.37,6,404,1,0,0,953.0,1
17.16,5,213,0,0,0,1124.0,1
7.53,2,634,0,1,1,829.0,1
52.55,5,962,0,0,0,1792.0,0
123.81,2,1385,0,0,0,556.0,0
165.14,5,672,0,0,0,364.0,0
82.66,6,123,0,0,1,1085.0,1
20.83,4,1046,0,0,0,2337.0,0
7.91,3,1242,0,0,0,3997.0,0
9.42,4,553,0,1,1,1962.0,1
15.35,2,877,0,0,2,853.0,0
22.45,4,394,0,0,1,2471.0,1
46.54,2,557,0,0,0,377.0,1
19.8,2,261,0,0,1,2510.0,1
76.63,5,524,0,0,1,1180.0,1
43.28,2,233,0,0,0,568.0,0
55.18,5,288,1,0,1,2121.0,1
170.76,4,376,0,0,0,969.0,1
16.77,1,936,0,0,0,1742.0,1
82.99,2,714,0,0,0,1961.0,1
53.84,9,832,0,0,0,899.0,0
39.12,4,87,0,0,1,7681.0,0
132.32,5,897,0,0,1,1099.0,1
131.5,3,693,0,1,0,7455.0,1
21.19,3,170,1,0,1,483.0,0
45.51,4,1253,0,0,0,329.0,1
72.33,3,1235,0,1,1,1794.0,1
41.55,2,493,0,0,0,1426.0,1
98.01,4,22,0,0,0,1399.0,1
72.33,2,1326,0,0,3,9547.0,0
341.23,8,32,0,0,0,2.0,1
11.82,1,1335,0,0,0,1088.0,1
48.31,4,345,0,0,0,660.0,1
22.01,5,1161,0,0,0,1005.0,1
99.89,1,484,0,0,1,5010.0,0
10.84,1,577,0,0,0,2975.0,1
77.19,3,1452,0,1,0,405.0,0
29.08,2,1006,0,0,1,2193.0,0
26.2,4,316,0,0,0,1560.0,1
12.85,4,767,0,0,0,944.0,1
34.29,0,925,0,0,0,753.0,0
161.5,2,1087,0,0,2,1642.0,1
53.24,5,588,0,1,0,1140.0,1
102.28,4,282,0,0,0,1436.0,1
288.48,2,35,0,0,0,2669.0,0
71.08,2,375,0,0,0,6141.0,0
31.22,3,1287,0,0,0,952.0,1
87.12,2,53,0,0,0,1001.0,0
31.68,3,809,0,0,0,3306.0,0
32.97,3,516,0,0,0,250.0,1
11.94,2,514,0,0,0,2905.0,0
137.86,4,291,0,0,0,893.0,1
37.11,0,929,0,0,1,966.0,1
65.5,3,485,1,0,0,633.0,1
19.38,2,1458,0,0,0,236.0,0
84.43,1,653,0,0,1,2462.0,0
25.48,6,1139,0,0,0,4124.0,1
47.38,3,1139,1,0,0,1255.0,1
131.34,2,775,0,0,1,383.0,0
120.39,2,124,0,0,1,668.0,1
53.41,1,1319,1,0,0,159.0,0
9.32,2,1411,1,0,1,3195.0,1
1088.78,3,273,0,0,0,1324.0,0
312.89,3,665,0,0,1,6927.0,1
112.47,4,1406,1,0,0,2664.0,0
25.71,2,1246,0,0,1,2332.0,0
48.74,1,1166,0,0,2,1037.0,1
31.71,0,1245,0,0,1,772.0,1
193.23,4,199,0,0,1,581.0,1
70.99,3,83,0,0,0,8041.0,0
24.92,2,929,0,0,1,472.0,0
34.1,1,1237,0,0,0,286.0,0
167.53,2,1331,0,0,0,1146.0,0
270.45,4,378,0,0,1,1314.0,0
251.72,1,1297,0,0,0,352.0,1
116.4,6,983,1,1,1,775.0,1
42.41,2,1085,0,0,0,623.0,0
2.14,6,347,0,0,1,2435.0,1
73.49,5,31,0,1,0,1206.0,1
54.5,6,1384,0,0,1,2703.0,1
62.8,2,552,0,0,1,174.0,0
57.62,5,1345,0,0,0,684.0,0
14.49,4,276,1,0,1,638.0,1
95.34,3,745,0,0,0,1104.0,0
102.74,1,418,0,0,0,929.0,1
108.02,1,833,0,0,0,545.0,0
140.69,2,1264,0,0,1,3066.0,0
99.89,2,1174,1,0,0,4270.0,1
36.23,3,1086,0,0,0,2686.0,0
50.86,4,733,1,0,0,2170.0,0
59.81,2,429,0,0,0,1600.0,1
60.81,1,251,0,0,1,736.0,0
148.15,3,11,0,1,0,4512.0,0
103.92,1,417,0,0,1,1883.0,0
435.87,5,550,0,0,1,3964.0,1
495.95,2,577,0,0,2,1086.0,0
59.12,2,1215,0,0,0,956.0,1
1.18,2,550,0,0,0,144.0,1
188.07,1,767,0,0,0,741.0,1
31.81,4,457,0,0,0,878.0,0
24.5,3,1293,0,0,0,1227.0,0
36.66,4,944,1,0,1,1160.0,1
34.93,7,244,0,0,0,4500.0,0
100.71,2,280,0,0,0,1274.0,0
11.48,6,804,0,0,0,3359.0,0
18.58,3,1172,0,0,0,247.0,0
76.95,2,1133,0,0,0,1528.0,0
101.79,1,1465,0,0,1,1390.0,0
103.7,5,449,0,0,1,305.0,1
24.85,2,956,0,0,1,506.0,0
20.53,4,99,0,0,2,1249.0,0
32.9,4,852,1,0,1,1326.0,1
69.4,4,1128,0,0,1,4146.0,0
241.16,2,1217,0,0,0,323.0,1
7.05,1,627,0,0,1,654.0,1
43.78,4,46,1,0,1,494.0,1
14.4,2,574,0,0,2,2747.0,0
10.46,7,626,0,1,1,438.0,1
143.59,4,1222,1,0,0,4122.0,1
94.13,3,764,0,0,0,4801.0,0
85.58,6,105,1,0,0,214.0,1
137.14,4,29,1,0,0,440.0,1
33.79,3,169,0,0,0,873.0,1
35.42,5,634,1,0,0,3633.0,1
485.77,2,869,0,0,1,234.0,0
42.67,5,888,0,1,1,760.0,1
113.88,2,457,0,0,0,2175.0,0
54.95,2,443,1,0,0,2311.0,1
8.6,1,1361,0,0,1,793.0,1
7.07,4,796,1,0,0,5943.0,1
30.6,4,399,0,0,0,782.0,0
156.98,3,186,0,1,1,1711.0,0
120.1,2,298,0,0,0,1720.0,0
136.19,4,841,0,0,1,2901.0,1
20.35,2,531,0,0,0,794.0,1
274.75,2,1479,1,0,2,951.0,1
20.8,1,1497,0,0,0,975.0,1
67.55,1,1101,0,0,2,109.0,1
54.04,0,642,0,0,1,2375.0,0
45.88,2,658,0,0,2,2635.0,0
208.22,5,245,1,0,0,3093.0,1
26.97,4,1448,0,0,0,2256.0,1
14.16,1,1018,1,0,0,1616.0,1
55.7,1,136,0,1,1,1495.0,1
36.6,4,1161,0,0,1,1858.0,0
1599.4,3,205,1,0,1,15.0,1
107.39,5,884,0,0,1,1069.0,0
36.26,3,556,0,1,2,73.0,1
18.99,4,60,0,0,0,1206.0,0
8.33,3,249,1,0,1,290.0,1
19.59,1,1439,0,0,0,17.0,1
61.25,2,885,0,1,1,2360.0,0
227.54,2,638,0,0,0,2195.0,0
167.62,5,983,0,0,0,880.0,0
68.66,4,397,0,0,1,122.0,1
39.52,1,45,0,0,0,6635.0,0
71.44,4,2,1,0,0,294.0,1
32.5,2,1186,1,0,0,1206.0,1
304.41,10,1221,0,0,0,572.0,1
45.19,2,706,0,0,0,256.0,0
50.08,2,559,0,0,0,1294.0,0
5.95,0,226,0,0,0,392.0,1
44.91,2,1026,1,0,0,806.0,0
126.03,3,1236,0,0,0,1679.0,1
18.77,6,1317,0,0,0,880.0,0
25.77,2,1104,0,1,1,1319.0,1
120.63,8,119,0,0,0,475.0,0
12.47,1,598,0,0,0,2143.0,1
157.24,4,568,0,0,0,1812.0,1
32.07,3,942,0,1,0,2125.0,1
37.02,0,575,0,1,1,747.0,1
17.75,1,8,0,0,0,5079.0,0
79.68,3,235,0,1,2,1761.0,0
638.98,2,427,0,0,0,245.0,1
119.28,2,602,0,0,2,6645.0,0
23.01,0,279,0,0,0,1515.0,1
169.97,2,912,0,0,1,2158.0,0
39.78,0,853,1,0,0,838.0,0
215.83,3,640,0,0,0,1051.0,0
122.32,4,360,0,0,0,2373.0,1
2.88,2,1204,0,0,0,3609.0,0
20.0,4,605,1,0,0,5815.0,0
140.38,4,212,0,0,1,8287.0,0
63.54,4,716,0,0,1,1628.0,1
19.61,2,549,0,0,1,165.0,0
28.97,3,218,0,0,0,1555.0,0
8.12,0,1475,0,0,0,412.0,1
49.98,4,146,1,0,0,1881.0,1
498.04,2,1083,1,0,0,736.0,1
122.11,4,641,0,0,0,1329.0,0
488.05,1,1427,0,0,0,1947.0,0
131.95,4,1057,0,0,0,4301.0,1
152.55,3,990,1,0,0,2833.0,0
393.11,3,411,0,0,1,38.0,1
79.62,4,1458,1,1,1,299.0,1
45.28,1,1395,0,1,0,3655.0,1
153.34,3,1205,0,0,0,2447.0,0
233.65,5,1074,0,0,1,288.0,0
33.79,3,322,0,0,0,1600.0,0
26.53,3,1107,0,0,0,1594.0,1
62.73,4,536,0,0,0,2684.0,1
125.4,2,69,0,0,1,3022.0,0
121.28,4,1032,1,0,1,2017.0,1
13.14,7,916,0,0,2,2248.0,0
369.3,2,761,0,0,0,1978.0,0
28.76,3,1123,0,0,2,295.0,1
41.89,2,710,0,0,1,2077.0,1
22.14,2,827,0,0,0,1147.0,0
811.05,2,208,0,0,1,6854.0,0
69.55,2,815,0,0,1,2221.0,1
23.31,2,898,0,0,1,844.0,1
129.53,4,1216,1,0,1,4335.0,1
117.82,2,1396,0,0,0,471.0,0
45.25,0,26,0,0,1,1134.0,1
126.55,1,507,0,0,1,118.0,1
23.92,2,148,0,0,1,1783.0,1
33.35,7,861,0,0,0,1472.0,0
7.31,3,378,0,1,1,1264.0,0
14.53,1,980,0,0,0,417.0,0
332.83,3,65,0,0,0,1228.0,0
281.87,4,729,0,0,0,1106.0,1
58.31,5,803,0,0,1,40.0,1
287.99,3,629,0,0,0,319.0,1
46.52,3,597,1,0,2,4179.0,0
42.8,2,279,0,0,0,2800.0,0
57.77,0,366,0,0,0,230.0,0
48.19,1,499,1,0,0,6483.0,1
44.03,3,169,0,0,1,1127.0,0
171.3,2,462,1,0,0,2495.0,1
63.44,4,420,0,0,0,1405.0,1
111.33,0,876,1,0,0,2602.0,1
153.14,4,40,1,0,0,1955.0,1
80.49,4,363,1,0,0,121.0,1
20.69,3,84,0,1,3,4407.0,0
14.11,4,1262,1,0,0,2633.0,1
63.36,3,344,1,0,1,451.0,1
46.0,0,1482,0,0,0,462.0,1
59.58,1,509,0,0,1,2089.0,1
53.73,3,841,0,0,0,2173.0,1
723.12,5,338,0,0,0,164.0,1
14.44,4,1022,0,0,0,4238.0,1
7.46,3,874,0,0,0,2473.0,1
76.13,3,862,1,0,1,7447.0,1
37.47,1,182,0,0,1,1020.0,0
74.89,3,7,0,0,1,162.0,0
97.89,3,665,0,0,1,4250.0,1
197.18,4,408,0,0,0,3017.0,1
12.09,5,1323,0,0,1,0.0,1
31.29,4,262,0,0,0,1359.0,1
83.83,2,1423,0,0,0,14.0,1
117.97,2,475,0,0,1,780.0,1
489.53,2,1213,0,0,1,3665.0,1
141.98,3,277,0,0,1,2017.0,0
51.58,7,826,0,0,1,3422.0,1
22.41,5,96,0,1,0,1466.0,1
31.05,4,1056,0,0,1,2678.0,1
30.18,0,1292,0,0,0,1199.0,0
105.13,0,748,0,0,0,1258.0,0
70.6,6,393,0,0,0,1640.0,0
14.53,6,399,0,0,0,273.0,1
35.31,2,1262,0,0,1,1856.0,0
131.31,2,729,0,0,0,3484.0,0
77.61,2,995,0,0,0,313.0,1
96.41,3,808,0,0,1,851.0,0
80.07,0,1374,0,0,1,4553.0,0
277.67,0,1375,0,0,1,672.0,1
69.13,2,767,1,0,0,3746.0,1
37.11,6,1035,0,0,0,1845.0,1
21.85,4,1088,0,0,0,3338.0,0
70.08,2,1146,1,0,1,277.0,0
4.76,1,187,0,1,0,2784.0,1
45.41,4,392,0,0,0,54.0,1
44.44,5,200,0,0,2,903.0,1
13.95,1,55,0,0,0,591.0,0
21.58,3,382,1,0,0,1845.0,1
122.69,2,295,0,0,0,2604.0,0
68.77,4,55,0,0,0,762.0,0
60.45,5,643,1,0,0,3266.0,0
74.17,5,1451,0,0,0,1444.0,0
59.9,0,941,1,0,0,2517.0,1
189.21,5,80,0,1,0,2325.0,1
61.77,1,640,0,0,0,268.0,0
12.7,1,1296,0,1,0,2367.0,1
278.7,5,1285,0,1,1,3151.0,1
79.07,2,1275,0,0,0,64.0,1
30.29,1,296,0,0,0,319.0,0
15.59,3,739,0,0,0,1323.0,1
81.12,1,173,1,0,0,109.0,1
48.56,4,899,0,0,1,821.0,0
263.52,3,1277,0,0,0,3292.0,0
38.63,0,536,0,0,0,192.0,0
23.63,2,1150,0,0,1,271.0,1
133.73,3,768,0,0,0,229.0,1
137.73,1,439,0,0,1,1417.0,1
64.63,3,1313,0,0,0,653.0,1
107.38,6,1203,0,0,0,3050.0,0
52.58,2,1104,0,0,0,1571.0,0
68.98,2,97,0,0,1,1996.0,1
175.04,2,714,0,0,1,662.0,1
102.04,3,30,1,1,0,1218.0,1
46.1,4,994,0,0,0,834.0,0
211.11,8,1468,0,1,0,1238.0,0
5.13,6,1287,0,1,1,2098.0,1
424.99,6,1414,0,0,0,1079.0,0
9.91,2,655,0,0,1,124.0,1
29.16,6,864,0,0,1,834.0,1
52.41,3,1090,0,0,0,3949.0,0
47.16,5,736,0,0,0,3119.0,0
149.37,3,853,0,0,1,3221.0,1
18.96,1,531,0,0,0,360.0,1
70.86,2,1294,0,0,0,149.0,0
30.62,4,1073,0,0,2,3021.0,0
73.34,4,1058,0,0,0,1974.0,0
51.17,1,240,1,0,0,1278.0,1
59.92,5,596,0,0,0,2092.0,1
31.5,0,688,0,0,0,4810.0,0
32.78,1,314,0,0,0,249.0,1
72.77,1,846,0,0,0,334.0,1
140.29,6,1173,0,0,0,1604.0,1
30.02,3,1479,0,0,1,2208.0,1
22.9,0,1002,0,0,1,1857.0,1
100.83,5,157,0,0,0,527.0,1
52.85,1,905,0,0,2,1752.0,1
125.27,3,1256,0,0,0,1479.0,0
22.07,1,1231,0,0,1,44.0,0
9.21,3,172,0,0,0,1753.0,0
32.04,5,1436,0,0,0,1080.0,0
25.37,4,1190,0,0,0,3455.0,0
50.46,3,505,0,0,1,1917.0,1
28.88,5,544,0,0,0,1424.0,1
114.55,3,1100,0,0,0,4065.0,0
40.93,3,1236,0,0,0,1962.0,0
63.46,3,603,1,0,0,519.0,0
63.92,5,1046,0,0,0,1135.0,0
66.35,2,154,0,1,1,2009.0,0
53.3,1,424,1,0,0,3094.0,1
90.98,3,648,0,0,0,600.0,1
24.64,2,292,0,0,1,2334.0,0
221.28,2,1434,0,0,0,2067.0,1
43.1,6,613,0,1,0,287.0,1
14.71,3,593,0,0,0,299.0,1
65.9,4,1145,0,0,0,1254.0,0
23.31,1,647,0,0,1,953.0,1
106.2,4,385,0,0,1,258.0,1
497.5,1,731,0,0,0,165.0,0
24.86,0,234,1,0,1,4102.0,1
76.12,7,218,0,0,0,383.0,1
9.44,2,1440,0,0,0,825.0,1
85.96,2,1486,0,0,0,1130.0,0
22.52,5,1363,0,0,0,156.0,1
29.23,0,246,0,0,0,268.0,1
18.15,2,149,0,0,0,1342.0,1
113.54,2,894,0,0,0,2163.0,0
149.5,2,404,0,0,0,3350.0,1
55.89,3,503,1,0,1,3572.0,1
23.0,3,384,0,0,1,1418.0,1
267.61,5,33,0,0,0,608.0,0
25.78,7,402,1,0,0,1560.0,1
6.28,2,1449,0,0,0,1756.0,1
86.35,5,657,1,0,0,609.0,0
18.09,4,269,0,1,0,1980.0,1
146.73,5,299,0,0,0,344.0,1
37.3,3,113,1,0,0,631.0,1
99.85,0,1006,0,0,3,4788.0,1
221.74,1,1345,0,0,1,1284.0,1
16.3,7,919,0,0,1,294.0,1
31.0,0,1064,0,0,1,1987.0,0
50.62,1,674,0,0,3,470.0,1
254.06,4,946,0,0,0,64.0,0
28.26,4,365,0,0,1,3699.0,1
30.13,1,206,0,0,0,1026.0,0
88.07,1,981,0,0,0,2704.0,0
30.65,2,1259,0,0,0,3470.0,0
63.59,2,107,0,0,1,1534.0,1
11.57,7,597,0,0,0,183.0,0
499.86,3,1116,1,0,1,695.0,0
14.19,2,1438,0,0,0,525.0,1
39.58,0,40,1,0,0,1668.0,1
52.85,3,396,0,0,0,952.0,1
369.7,0,1498,0,0,2,957.0,1
14.51,2,1490,0,1,0,1913.0,1
396.91,2,1012,0,0,0,58.0,1
116.42,2,306,1,0,2,255.0,1
82.86,2,43,0,0,1,3949.0,0
20.4,3,855,0,0,0,3256.0,1
96.65,6,1008,0,0,1,5097.0,1
26.48,3,1157,0,1,1,424.0,1
193.77,1,577,0,0,1,751.0,1
20.68,1,1375,0,0,0,213.0,1
48.76,3,149,0,0,0,1841.0,1
31.33,0,71,0,0,0,2737.0,0
20.34,5,321,0,1,1,1732.0,0
114.59,3,444,0,0,2,1634.0,0
93.27,4,767,0,0,0,2919.0,1
182.91,8,1186,1,1,1,166.0,1
9.21,0,1384,0,0,0,2440.0,1
158.25,2,458,0,1,0,4015.0,0
668.78,1,688,0,0,1,1869.0,0
34.76,2,793,0,0,1,2074.0,1
363.27,3,1220,0,0,0,1855.0,1
41.97,2,1184,0,0,2,3125.0,0
13.84,3,813,0,0,1,910.0,1
40.22,8,92,0,1,0,3515.0,1
155.74,1,653,0,0,0,567.0,0
23.61,1,261,0,0,0,220.0,1
29.95,4,145,0,0,1,114.0,0
98.84,2,239,1,0,1,186.0,0
54.77,3,1095,0,0,0,1097.0,0
97.97,6,906,0,0,0,1628.0,0
69.26,4,1499,1,0,0,1817.0,1
88.2,2,919,0,0,0,1496.0,0
35.43,4,656,0,0,1,417.0,1
68.84,3,308,0,1,0,3614.0,1
21.6,1,667,0,0,0,426.0,0
198.03,4,1423,0,0,2,3145.0,1
28.95,2,774,1,0,1,2254.0,1
168.82,0,1002,0,0,0,790.0,0
43.22,3,1127,0,1,0,987.0,0
66.82,5,280,0,0,3,3025.0,1
33.28,5,755,0,0,1,7586.0,0
19.77,1,599,0,0,0,502.0,0
9.54,5,133,0,0,0,2101.0,0
19.0,3,711,0,0,1,139.0,1
39.49,3,86,0,0,1,152.0,1
67.48,6,605,1,0,0,1079.0,1
149.96,3,1205,0,0,0,33.0,1
34.96,4,35,1,0,1,4343.0,1
22.6,3,610,0,0,1,879.0,0
12.9,3,34,0,0,1,864.0,1
88.24,1,478,0,0,0,710.0,1
217.72,4,466,0,0,0,639.0,0
193.7,2,385,1,0,1,176.0,1
111.04,3,1146,0,0,2,1683.0,1
103.39,4,1333,0,0,2,526.0,0
298.16,2,1232,0,0,1,767.0,1
76.1,2,1150,0,0,1,737.0,0
104.18,5,1086,0,0,1,747.0,0
39.62,3,1079,0,0,0,3808.0,0
13.98,5,1372,0,0,0,1146.0,0
27.55,3,374,1,0,0,1284.0,1
54.1,5,240,0,0,0,2759.0,0
58.02,5,820,1,0,1,662.0,0
374.76,2,1248,0,0,0,2573.0,0
59.22,2,538,0,1,1,358.0,1
177.48,3,855,0,0,1,2218.0,0
35.34,2,48,0,0,0,280.0,0
39.98,3,813,0,0,0,2102.0,0
14.45,2,487,0,0,0,1139.0,0
25.99,3,801,0,0,0,121.0,1
92.48,1,960,0,0,1,1654.0,0
55.01,3,1358,0,1,0,2116.0,1
140.18,4,740,0,0,0,406.0,1
65.45,5,1271,0,0,4,4928.0,1
38.38,4,1129,0,0,1,464.0,1
467.92,1,888,0,0,0,671.0,0
49.7,0,1483,0,0,1,2397.0,1
174.69,4,1396,0,0,2,402.0,0
36.55,5,35,1,0,1,4576.0,1
111.01,3,1268,0,0,2,1844.0,0
138.11,3,1433,0,0,0,2487.0,0
67.26,5,865,0,0,0,228.0,1
5.18,3,205,0,0,0,3104.0,1
55.6,4,545,0,0,1,1514.0,0
186.88,2,905,0,0,0,2642.0,1
92.53,0,744,0,0,0,134.0,1
85.27,3,1293,0,0,1,1688.0,0
9.75,3,152,0,0,2,2106.0,0
26.56,0,1086,0,0,1,1229.0,0
82.38,1,168,0,0,0,3247.0,0
82.3,6,1408,0,0,1,5053.0,0
183.95,1,827,0,0,0,454.0,1
47.23,3,1336,1,0,1,113.0,1
81.93,3,60,0,0,0,2669.0,1
55.5,5,279,0,0,0,1179.0,0
20.35,5,317,0,0,0,108.0,0
5.72,2,1324,0,0,2,168.0,1
84.02,3,43,1,0,3,465.0,1
64.97,3,1342,0,0,0,8.0,1
29.42,4,922,0,0,3,1143.0,1
10.81,1,1136,0,1,1,833.0,0
102.49,2,920,0,0,0,84.0,1
41.85,7,507,1,1,1,496.0,1
95.29,3,1021,0,0,0,2425.0,1
352.15,2,473,0,0,0,2965.0,0
6.41,3,1195,0,1,2,7.0,1
27.12,1,360,0,0,0,202.0,0
44.28,3,1435,0,0,0,11440.0,0
233.88,2,1281,1,0,0,1883.0,1
10.63,2,1073,1,0,1,2079.0,1
378.37,1,560,0,0,1,859.0,0
62.54,2,1488,0,0,0,1264.0,0
49.6,0,739,1,0,2,1276.0,1
44.79,5,719,0,0,0,770.0,0
35.29,2,226,0,0,0,2107.0,0
155.73,4,693,0,0,0,1530.0,0
18.76,3,393,0,0,0,5179.0,1
77.12,4,829,1,1,0,12.0,1
37.18,4,88,0,0,1,3895.0,0
25.48,1,1125,0,0,2,5359.0,0
724.86,3,99,0,0,0,287.0,1
83.02,4,486,0,0,0,452.0,1
100.81,3,1095,0,0,0,93.0,1
170.34,1,428,0,0,1,482.0,0
13.18,2,1310,0,0,1,1835.0,1
314.91,3,316,0,0,0,440.0,0
4.44,5,477,0,0,0,3440.0,0
25.31,3,567,1,0,1,4428.0,1
34.5,4,127,0,1,1,51.0,1
97.68,6,551,0,0,1,1273.0,1
67.95,4,425,0,0,0,28.0,1
46.21,4,897,0,0,0,1738.0,0
53.95,2,387,0,0,0,768.0,1
20.53,2,965,0,0,0,3366.0,0
12.22,1,139,0,0,1,4490.0,1
112.9,2,132,0,0,0,1242.0,0
109.26,5,1260,0,0,0,5490.0,1
266.27,2,161,0,0,1,3628.0,1
24.78,3,417,1,0,0,183.0,1
109.16,4,557,0,0,0,792.0,0
41.11,1,1428,0,0,0,749.0,0
179.55,1,165,0,1,1,651.0,1
151.71,3,852,0,0,0,2874.0,1
67.44,5,226,0,0,2,644.0,1
38.88,2,1173,0,1,2,858.0,1
142.73,3,1338,0,0,0,161.0,1
104.26,7,1331,0,0,1,1321.0,1
27.54,3,736,0,0,1,224.0,0
14.47,4,1444,0,0,1,3660.0,1
40.91,3,178,0,0,1,2882.0,0
248.49,0,331,0,0,1,648.0,1
171.83,5,688,0,0,1,8.0,1
17.95,7,1322,0,0,0,134.0,1
16.98,2,1211,0,0,0,443.0,1
195.33,3,951,0,0,0,1241.0,1
17.54,4,888,0,0,1,2365.0,0
90.86,1,451,0,0,0,188.0,0
29.49,6,620,0,0,0,2218.0,1
275.08,3,1108,0,1,0,1424.0,1
25.27,4,892,0,0,1,1740.0,1
171.29,2,1282,0,0,0,4730.0,0
65.68,2,114,0,0,0,5501.0,0
70.26,6,809,0,0,0,2407.0,1
7.61,5,640,1,0,0,2124.0,1
6.03,5,1113,0,0,3,2589.0,1
43.79,3,651,0,0,0,2012.0,0
69.89,2,922,0,0,0,19.0,1
17.72,1,547,1,0,0,10276.0,0
18.38,2,618,1,0,1,1824.0,1
95.72,3,782,1,0,0,1207.0,1
95.86,2,421,1,0,0,1085.0,1
47.57,7,972,0,0,0,480.0,1
119.13,2,174,0,0,0,1167.0,1
16.87,3,580,0,0,1,2380.0,1
38.25,2,552,0,0,1,528.0,0
283.69,2,474,0,0,0,3359.0,0
58.46,2,1237,0,0,0,426.0,0
61.95,3,173,1,0,0,3518.0,0
547.82,2,1424,1,1,1,1579.0,1
13.47,5,624,0,0,0,3272.0,1
121.08,2,279,0,0,1,971.0,1
288.3,3,216,1,0,1,698.0,1
39.45,5,510,0,0,1,2153.0,1
128.98,2,595,0,0,0,812.0,0
20.45,5,1243,0,0,2,5495.0,0
27.47,4,104,0,0,1,2428.0,0
80.24,7,991,0,0,1,1010.0,1
121.34,3,1075,1,0,0,343.0,1
167.49,4,769,0,0,0,1464.0,0
262.34,2,1101,0,0,0,1630.0,1
51.04,4,429,0,0,0,6236.0,1
180.12,1,1028,0,0,1,2451.0,0
38.77,4,311,0,0,0,527.0,0
134.57,2,1113,0,1,1,547.0,0
67.19,2,650,0,0,1,1562.0,0
85.26,1,1495,1,0,0,229.0,1
83.39,5,762,0,1,1,2140.0,1
10.97,3,363,0,0,0,148.0,1
17.74,3,30,0,0,0,1533.0,0
60.49,2,1182,0,1,1,7269.0,0
10.1,2,517,0,0,0,3714.0,0
125.36,1,493,1,0,1,3348.0,1
130.52,3,271,0,0,1,2495.0,1
75.73,2,1425,0,0,0,4757.0,0
17.79,1,48,0,0,0,4785.0,0
217.05,0,1377,1,0,3,318.0,1
418.72,1,281,0,0,0,467.0,1
63.25,2,275,1,0,2,4646.0,0
90.97,3,1083,1,1,0,578.0,1
66.8,1,181,0,0,0,860.0,0
92.79,3,471,0,0,0,76.0,1
48.45,4,679,0,0,1,4131.0,0
52.74,7,895,0,0,0,135.0,1
135.06,6,1448,0,0,1,1358.0,0
569.99,3,1237,0,0,1,446.0,0
13.46,4,100,1,0,1,50.0,1
49.21,2,462,0,0,1,616.0,1
16.77,5,19,0,0,0,1963.0,0
268.28,4,536,0,1,0,168.0,1
30.33,4,90,1,0,1,3431.0,1
12.89,5,490,0,0,0,2119.0,1
103.36,6,1339,0,0,1,108.0,1
312.41,2,1341,0,0,1,931.0,0
106.02,3,32,0,0,1,2977.0,0
67.01,1,874,0,0,0,4838.0,0
82.2,3,419,0,0,0,1784.0,1
224.72,0,1462,0,0,1,2057.0,1
22.78,3,744,1,0,0,3768.0,0
48.82,1,1002,1,0,0,1091.0,1
34.72,1,1154,0,0,0,2212.0,0
16.98,4,737,0,0,0,1552.0,1
39.32,6,970,0,0,0,2137.0,1
165.29,4,673,0,0,1,3852.0,0
96.22,4,1017,1,0,0,2808.0,1
103.99,2,990,0,0,0,245.0,0
63.21,1,999,1,0,0,4839.0,0
92.14,6,581,0,0,0,92.0,1
24.52,2,208,0,0,0,2544.0,0
40.06,1,1223,0,0,0,605.0,0
66.16,0,1268,1,0,0,2724.0,1
72.06,6,1385,0,0,1,27.0,1
75.2,1,1112,0,0,2,449.0,1
47.54,3,26,0,0,0,150.0,0
37.43,2,1248,0,0,0,2513.0,0
1284.05,1,1307,0,0,0,388.0,0
135.2,2,511,0,0,0,4727.0,0
82.53,3,169,0,0,0,953.0,0
43.24,3,1363,0,0,0,2287.0,0
34.77,2,968,0,0,0,3137.0,0
47.9,4,390,0,0,1,5509.0,1
73.17,0,211,0,0,1,1115.0,0
8.33,1,1131,0,0,1,2002.0,0
11.37,2,855,0,0,1,815.0,1
28.88,3,834,0,0,1,600.0,1
67.16,2,317,0,1,0,2090.0,1
42.98,3,835,0,0,0,932.0,0
239.4,4,322,0,0,1,1529.0,1
12.4,1,1229,0,0,0,398.0,0
25.76,5,224,0,0,0,2258.0,1
249.66,6,1067,1,0,0,6276.0,1
62.25,4,619,1,1,0,1389.0,1
132.27,5,1086,0,0,1,1321.0,1
424.64,1,1037,0,0,0,3467.0,0
27.28,8,1107,1,0,0,296.0,1
49.44,4,1398,0,0,0,900.0,1
41.58,3,1005,0,1,0,344.0,1
7.73,4,865,0,0,0,1423.0,1
40.03,3,589,0,0,0,1725.0,0
131.77,4,95,0,0,2,4415.0,1
93.75,7,678,0,0,0,3199.0,0
101.4,3,670,0,0,1,1872.0,1
37.51,4,531,0,0,0,2682.0,0
28.33,6,992,1,0,1,1783.0,1
194.27,6,1310,1,0,0,1523.0,1
33.2,6,1198,0,0,1,88.0,1
73.26,3,166,1,0,0,44.0,1
64.29,2,1297,0,0,0,3441.0,0
235.5,3,1378,0,1,2,596.0,1
144.23,4,894,0,0,0,778.0,0
14.95,4,443,0,0,0,1074.0,1
16.65,3,549,0,0,0,78.0,0
97.41,1,1396,0,0,0,5867.0,0
51.2,3,450,0,0,0,196.0,1
34.63,6,837,0,0,0,6207.0,0
150.75,5,1066,1,0,0,2215.0,1
65.86,2,1279,0,0,0,5159.0,0
57.54,4,979,0,0,2,97.0,0
119.08,0,65,0,0,0,1068.0,0
37.52,7,998,0,0,1,5494.0,0
262.05,4,473,0,0,0,1871.0,1
24.83,2,336,0,0,0,1425.0,1
105.31,0,606,0,0,1,2004.0,0
229.03,2,1034,0,0,0,371.0,0
13.77,1,792,0,0,0,2466.0,0
38.73,3,955,0,0,0,581.0,0
171.09,5,21,0,0,0,596.0,1
173.69,2,180,0,0,0,1638.0,1
45.99,4,359,1,0,0,38.0,1
26.19,3,1103,0,0,2,100.0,0
142.02,3,133,1,0,1,29.0,1
178.31,7,676,0,0,0,2620.0,1
17.04,4,627,0,0,0,49.0,0
16.38,3,1011,0,0,0,181.0,1
68.39,2,1002,0,0,2,1679.0,0
102.45,3,790,1,1,0,1160.0,1
40.48,2,1416,1,0,0,820.0,1
107.69,1,991,0,1,1,791.0,1
26.84,4,564,0,0,1,3533.0,0
6.59,2,1409,1,0,1,146.0,0
35.73,3,84,0,0,1,4690.0,0
58.16,1,796,0,1,0,484.0,1
41.44,1,1311,1,0,0,1204.0,1
17.14,2,152,1,0,2,5664.0,0
8.88,1,1278,0,0,0,1833.0,0
32.65,3,301,0,1,1,521.0,1
133.98,0,391,0,0,0,7268.0,0
191.75,4,130,1,0,0,3033.0,1
179.06,6,1481,0,0,2,679.0,1
24.15,5,553,0,0,1,1646.0,0
17.22,2,1113,1,0,1,1462.0,1
89.71,4,330,0,0,1,1726.0,1
103.04,0,1495,0,0,1,235.0,1
81.46,1,43,0,1,1,1867.0,1
7.29,2,1491,0,0,2,434.0,0
22.95,5,1079,0,1,2,692.0,1
53.0,2,1075,0,0,0,1419.0,1
88.87,3,1378,1,0,0,431.0,1
117.6,5,677,0,0,0,4009.0,0
63.07,2,1273,0,0,1,973.0,1
76.0,1,1351,0,0,1,326.0,1
59.43,1,1131,0,0,0,113.0,1
108.38,3,177,0,0,0,2737.0,1
74.65,3,129,0,0,0,3172.0,0
58.31,5,1217,0,0,1,150.0,0
41.75,1,1449,0,0,2,1408.0,1
59.22,2,1118,0,0,1,1907.0,1
88.64,3,1458,1,0,1,4300.0,1
71.34,0,96,0,0,0,89.0,1
79.9,5,689,0,0,1,769.0,1
209.08,2,979,0,0,0,229.0,0
71.18,5,1324,0,1,0,1008.0,1
28.53,2,812,0,0,0,838.0,0
132.11,5,365,0,0,0,1628.0,0
13.93,4,516,0,0,0,2024.0,1
18.52,3,576,0,0,0,6010.0,0
76.39,2,1428,1,0,0,320.0,1
91.51,2,822,0,0,1,2890.0,1
15.72,4,1260,0,1,1,3368.0,1
37.23,3,765,0,0,1,1499.0,1
29.78,5,681,0,0,2,2790.0,1
33.56,1,542,0,0,1,774.0,1
140.27,3,1095,0,0,0,63.0,1
110.66,1,937,0,0,0,294.0,1
53.56,3,1374,0,0,0,330.0,0
31.63,4,85,1,0,0,3748.0,0
14.16,5,498,0,0,0,5702.0,1
225.92,7,365,0,0,1,927.0,1
98.7,2,327,0,0,1,1922.0,0
26.93,4,492,0,0,1,651.0,1
112.12,0,709,0,0,1,1062.0,1
50.9,3,1184,0,0,1,1745.0,1
40.97,1,1232,0,0,1,3491.0,0
84.37,2,190,0,1,0,1002.0,1
26.01,2,502,0,0,1,2161.0,0
38.72,3,1147,1,0,2,515.0,0
61.65,1,732,0,0,3,717.0,1
33.13,1,834,1,0,0,446.0,1
106.6,3,105,0,0,0,3605.0,1
353.92,1,591,0,0,0,227.0,1
25.68,2,1223,0,0,1,2645.0,0
10.33,4,1236,0,0,0,1799.0,1
7.38,1,525,0,0,0,1890.0,0
46.97,1,864,1,0,0,3771.0,0
28.13,3,285,0,0,2,1362.0,0
67.21,2,1348,0,1,1,142.0,1
62.34,1,1491,0,0,2,4816.0,1
10.99,1,138,0,0,2,741.0,0
8.89,1,356,0,0,0,54.0,1
73.4,2,76,0,0,0,1371.0,1
62.52,1,698,0,0,1,799.0,1
35.67,4,896,1,1,2,4370.0,1
10.41,1,411,0,0,0,1287.0,1
87.48,4,1379,1,0,1,99.0,1
194.79,5,698,0,0,1,489.0,1
72.09,3,872,0,0,0,455.0,1
23.4,5,1094,1,0,1,2600.0,1
57.09,1,557,0,0,0,123.0,0
13.93,5,1202,0,0,0,709.0,1
157.27,3,688,0,0,1,2000.0,1
59.25,3,939,1,0,1,1711.0,1
9.32,4,1294,0,0,0,1877.0,0
40.42,2,865,0,0,0,1475.0,0
86.77,3,244,1,0,1,348.0,1
39.13,2,156,0,0,0,2019.0,1
41.43,4,1213,0,0,0,5427.0,1
16.05,3,934,0,0,1,76.0,1
96.21,1,1223,0,1,1,808.0,1
28.55,3,1099,0,0,0,621.0,0
6.32,4,918,0,0,0,289.0,0
37.67,0,909,1,1,0,553.0,1
145.64,3,93,0,0,0,46.0,1
37.08,2,646,0,0,1,1853.0,1
310.44,3,192,0,0,0,1706.0,1
83.84,1,1130,1,0,0,1260.0,1
76.61,1,1462,0,0,0,678.0,1
48.02,4,231,0,1,0,6729.0,1
50.99,3,299,0,0,0,1738.0,1
41.95,5,951,0,0,0,3931.0,1
40.36,2,1052,0,0,0,658.0,0
92.84,3,314,0,0,1,2533.0,0
21.42,2,527,0,0,2,11.0,0
18.62,1,664,0,0,0,2033.0,0
17.76,3,363,0,0,0,2482.0,0
422.27,1,370,0,0,0,566.0,0
92.79,2,90,0,0,0,11297.0,0
74.03,3,538,0,1,0,1241.0,0
18.96,3,622,0,0,0,830.0,0
101.83,2,351,0,0,0,368.0,0
48.59,4,445,0,1,1,304.0,1
67.64,1,1004,0,0,0,417.0,0
20.56,2,129,0,0,0,1383.0,1
64.09,4,1106,0,0,1,1384.0,0
35.74,1,209,1,0,0,1361.0,1
25.39,3,46,0,0,1,3533.0,1
113.76,4,492,0,1,0,3.0,0
11.73,4,1,0,0,0,559.0,1
96.04,3,1188,0,0,2,3903.0,1
108.25,2,837,0,0,1,190.0,1
22.65,3,834,0,0,0,390.0,1
24.04,1,459,0,0,0,712.0,1
43.68,0,798,1,0,0,3015.0,0
72.39,4,904,0,0,0,1578.0,0
46.86,2,258,0,0,1,1460.0,1
84.23,1,1124,0,0,0,4663.0,0
318.3,0,1171,0,0,0,1203.0,0
32.86,1,755,0,0,0,5288.0,0
9.82,3,14,0,0,1,259.0,1
124.7,4,430,0,0,0,919.0,0
293.92,2,801,0,0,1,3110.0,0
80.86,2,1317,0,0,0,293.0,1
18.4,1,875,0,0,2,348.0,0
48.24,6,798,0,0,0,866.0,1
17.84,1,923,1,0,0,4753.0,1
103.84,2,888,0,0,0,361.0,1
14.14,3,269,0,0,1,5607.0,0
40.44,6,1479,0,1,1,2006.0,1
20.0,2,1362,0,0,0,1147.0,1
61.98,3,1460,0,0,0,32.0,0
37.85,1,585,0,0,0,1339.0,1
65.15,1,87,0,0,0,967.0,0
55.83,1,351,0,0,0,2816.0,0
20.36,4,1448,0,0,0,1475.0,0
102.19,9,1255,0,0,2,6552.0,1
52.0,5,568,0,1,0,214.0,1
20.32,3,215,0,0,1,4436.0,0
513.33,2,817,0,0,0,859.0,1
87.92,4,757,0,0,0,1275.0,0
46.84,4,679,1,0,1,3454.0,1
224.8,1,823,0,0,3,2078.0,1
344.4,4,971,0,0,0,5259.0,0
47.21,2,448,0,0,2,7520.0,1
77.28,5,136,0,1,1,1847.0,1
20.33,4,761,0,0,0,1477.0,0
47.13,3,254,0,0,0,525.0,1
44.74,1,329,0,0,0,580.0,1
65.68,1,528,0,0,0,527.0,0
76.15,5,850,0,0,2,2765.0,0
95.57,1,264,0,0,0,1720.0,0
69.24,5,1012,1,0,0,2396.0,0
16.27,3,373,1,0,1,3049.0,1
21.36,3,1084,0,0,0,4029.0,0
31.61,5,458,0,0,0,286.0,0
41.17,4,780,0,0,0,3744.0,1
156.14,3,1484,0,0,1,1868.0,0
17.07,2,699,0,0,2,4502.0,1
38.19,2,187,0,0,0,4754.0,1
141.6,2,970,0,0,0,1001.0,1
40.45,5,930,0,0,0,2254.0,1
86.52,3,1401,0,0,0,3147.0,0
47.49,0,1438,1,0,0,536.0,0
70.58,1,44,0,0,1,1198.0,1
43.45,2,166,1,0,0,540.0,1
106.39,4,1177,0,1,0,167.0,1
11.65,1,1176,0,0,0,2155.0,0
37.97,0,97,0,0,0,1529.0,0
73.45,4,701,0,0,0,919.0,0
93.1,4,1161,0,0,0,430.0,0
242.97,2,1241,0,0,1,378.0,1
36.93,2,340,1,0,1,590.0,1
239.72,1,209,0,0,0,7246.0,0
28.25,2,52,0,0,1,5914.0,1
206.16,6,1222,0,0,0,3353.0,0
123.65,1,1472,0,0,0,128.0,0
21.9,2,1129,0,0,0,3209.0,1
74.22,3,916,1,0,0,2536.0,1
51.87,2,1384,0,0,1,5023.0,1
102.06,4,946,0,0,0,1132.0,1
43.67,6,524,0,0,1,1302.0,1
40.16,7,903,0,0,3,1510.0,1
214.67,2,214,0,0,0,1421.0,0
49.47,3,1373,1,1,0,678.0,1
124.76,9,854,0,0,1,317.0,1
43.58,3,1496,0,0,0,2239.0,1
289.07,4,1091,0,0,2,4386.0,1
27.71,2,946,0,0,0,1976.0,1
29.54,5,169,0,0,0,3180.0,0
250.77,4,152,0,0,0,1326.0,1
34.99,1,474,1,0,1,1266.0,1
270.72,4,197,1,0,1,7617.0,1
133.2,4,13,0,0,0,9380.0,0
46.78,3,741,0,0,0,1689.0,0
8.91,1,886,0,0,0,834.0,1
53.55,5,162,0,0,0,839.0,0
60.44,4,615,0,0,0,2006.0,1
175.43,3,643,0,0,1,457.0,0
267.32,6,608,0,0,0,7062.0,1
27.52,2,728,0,0,0,2247.0,0
121.65,4,643,0,0,1,316.0,1
117.38,5,920,0,0,0,815.0,1
159.72,1,803,0,0,0,456.0,0
89.9,0,1356,1,0,0,162.0,1
7.83,6,1072,0,0,0,1863.0,0
46.74,4,555,0,0,1,198.0,1
17.19,4,1092,0,0,0,908.0,1
44.58,4,234,0,0,1,1993.0,1
145.47,1,241,0,0,0,316.0,1
74.08,2,1480,0,0,0,3880.0,0
172.1,5,1023,0,0,2,368.0,1
76.84,5,1234,0,0,0,1698.0,1
14.9,3,154,0,0,0,4634.0,0
4.39,6,159,0,0,1,180.0,1
63.36,3,182,0,1,1,200.0,1
44.08,4,1208,0,0,0,242.0,0
20.55,0,568,0,1,1,796.0,0
9.97,1,565,0,0,1,2004.0,1
26.19,2,1224,0,0,1,1392.0,1
44.95,2,546,0,0,0,637.0,1
106.26,7,1070,0,0,0,1732.0,0
65.93,3,340,0,0,0,1065.0,1
272.62,3,842,0,0,1,783.0,1
19.38,2,562,1,0,1,868.0,1
131.77,6,709,0,0,0,801.0,1
57.24,2,523,0,0,0,1290.0,0
109.36,5,231,0,0,1,861.0,1
35.29,2,1110,1,0,0,693.0,1
159.44,4,1170,1,0,1,697.0,1
73.35,5,671,0,1,1,445.0,1
27.68,2,318,0,1,1,424.0,1
53.95,3,535,0,0,0,607.0,0
42.97,1,1384,0,0,1,6453.0,0
89.05,3,1205,0,0,1,411.0,1
16.78,3,74,0,0,0,1058.0,0
53.02,2,529,0,0,0,4305.0,0
81.07,3,894,1,0,2,21.0,1
56.43,0,1279,1,0,1,1671.0,0
209.97,2,365,0,0,0,3675.0,0
118.39,6,264,1,0,1,330.0,1
54.19,1,817,1,0,1,3015.0,0
67.81,3,185,0,0,0,1870.0,1
73.38,4,1456,0,0,0,3100.0,0
81.72,3,693,1,0,1,132.0,1
8.8,1,958,0,0,0,133.0,0
40.39,3,730,0,0,0,278.0,0
12.37,0,1130,0,0,0,6951.0,0
196.03,4,1458,0,0,0,3807.0,0
51.37,2,567,0,0,2,1529.0,1
45.0,2,137,0,0,1,1353.0,1
133.86,2,1312,0,0,1,530.0,0
83.29,2,343,0,0,0,429.0,1
17.66,5,1376,0,0,1,481.0,1
50.86,3,612,1,0,0,2357.0,1
39.05,3,5,1,0,1,1809.0,1
9.54,2,624,1,0,0,1254.0,1
27.38,2,1473,0,0,0,3228.0,0
45.44,0,498,0,0,0,110.0,1
48.67,3,223,0,0,0,66.0,0
12.4,4,953,0,0,0,3094.0,0
172.72,4,1161,0,0,0,969.0,1
49.3,3,737,0,0,0,1971.0,0
56.69,3,538,0,0,0,932.0,1
81.5,1,703,0,1,0,1039.0,1
24.83,4,194,0,0,0,41.0,1
86.17,3,802,0,1,0,1361.0,1
37.82,3,1361,0,1,0,65.0,1
22.27,4,1030,0,0,0,779.0,1
96.88,3,997,1,0,1,265.0,1
242.66,3,732,0,0,1,442.0,1
112.71,4,213,0,0,2,4285.0,1
137.41,1,587,0,0,1,6273.0,0
32.44,1,937,0,0,0,61.0,0
11.05,5,822,0,0,0,4416.0,0
242.29,0,676,0,0,0,3429.0,0
426.03,6,1255,1,0,0,1307.0,1
255.39,2,1005,1,0,1,1190.0,1
39.03,4,1115,1,1,0,881.0,1
17.21,1,852,0,0,1,1907.0,1
18.81,8,625,0,0,1,363.0,1
10.14,1,1364,0,0,0,139.0,1
49.04,7,642,0,0,1,7025.0,1
271.97,1,613,1,0,1,3099.0,0
47.39,0,530,0,0,3,861.0,1
73.87,1,1234,0,0,0,122.0,0
216.07,5,1404,0,1,0,5675.0,1
36.45,2,11,0,0,1,95.0,1
418.02,3,555,0,0,0,5.0,1
400.25,4,764,0,1,2,613.0,1
47.89,5,551,0,0,0,2461.0,1
30.64,3,755,0,0,0,3358.0,0
109.64,2,1108,1,0,0,1583.0,0
38.57,2,337,0,0,1,1110.0,0
17.17,2,55,0,0,0,27.0,1
196.61,4,1345,1,0,0,770.0,0
184.28,2,1117,0,1,0,158.0,1
63.78,5,108,0,0,2,446.0,1
15.44,4,851,1,0,0,128.0,1
15.97,2,1374,0,0,1,4086.0,0
60.78,0,409,0,0,0,2215.0,1
33.12,6,549,0,0,1,1090.0,1
38.82,8,746,1,0,1,4814.0,1
151.71,3,587,0,0,0,421.0,0
113.66,2,1232,0,0,1,5527.0,0
216.62,2,850,1,0,0,139.0,1
20.27,2,489,0,0,0,2894.0,0
38.74,1,822,0,0,0,717.0,1
116.63,0,73,0,1,0,255.0,0
85.46,4,924,0,0,0,1950.0,0
252.74,3,1115,0,0,0,1816.0,0
83.14,2,820,0,0,0,4898.0,0
346.58,7,448,0,0,0,582.0,0
93.69,7,806,0,0,0,2615.0,0
157.93,0,1259,0,0,0,4582.0,0
39.51,4,830,0,0,0,1097.0,0
55.38,2,580,0,0,1,971.0,1
135.77,2,1248,0,0,1,828.0,0
273.96,5,1240,1,0,0,7420.0,0
113.21,1,166,0,0,0,1687.0,1
50.24,2,434,0,0,0,4600.0,0
216.44,3,1085,0,0,0,1074.0,0
6.1,2,70,0,0,2,3849.0,0
13.17,3,865,0,0,1,1118.0,0
107.95,3,543,0,0,0,309.0,0
55.37,3,185,0,0,1,1645.0,1
100.03,4,127,1,0,0,3664.0,1
58.23,0,140,0,0,0,63.0,1
96.64,1,1287,0,0,1,600.0,1
24.18,5,156,0,1,0,5263.0,0
96.59,5,331,0,0,0,567.0,0
147.59,3,632,1,0,0,915.0,1
185.04,5,988,0,0,0,715.0,0
408.93,3,321,0,0,0,543.0,1
69.69,3,164,1,0,0,896.0,0
71.8,3,1350,0,0,2,3436.0,0
11.9,6,138,0,1,1,721.0,1
32.09,3,812,0,0,0,2187.0,1
45.01,6,202,0,0,0,508.0,1
156.07,1,90,1,0,0,359.0,1
29.64,6,994,0,0,0,2962.0,0
121.07,2,1473,0,0,0,246.0,1
54.51,3,586,0,0,1,2672.0,1
45.73,3,1470,1,0,0,1821.0,1
70.03,0,801,0,0,2,1383.0,0
36.92,4,986,0,0,0,1111.0,1
35.55,2,677,0,0,0,1380.0,0
9.93,2,653,0,0,0,241.0,1
42.61,3,358,0,0,0,510.0,1
33.79,2,600,0,0,0,35.0,0
32.59,4,1002,0,0,0,2161.0,0
82.84,3,1043,0,0,0,2876.0,1
105.49,3,834,0,0,0,2106.0,0
68.87,6,1054,0,0,1,2220.0,0
147.73,7,1238,0,0,0,3585.0,1
97.08,4,1440,0,0,1,2180.0,0
40.65,3,929,1,0,0,777.0,0
34.37,3,764,0,0,0,492.0,1
74.65,5,168,0,0,2,951.0,0
96.91,3,655,0,0,0,1120.0,1
220.93,0,356,1,0,0,573.0,1
179.68,2,1388,0,0,1,626.0,1
31.77,1,1360,0,1,0,2227.0,0
49.3,1,85,0,0,1,418.0,1
106.81,3,866,0,1,1,2626.0,1
158.86,4,1128,1,0,0,535.0,1
139.63,2,1142,0,0,0,939.0,1
51.22,2,1062,0,0,1,580.0,0
15.58,5,483,0,0,0,3103.0,0
20.11,2,481,1,0,0,902.0,0
71.71,5,136,0,0,1,6914.0,1
76.88,6,76,0,0,0,1653.0,0
18.2,1,295,0,1,0,30.0,1
57.09,4,316,0,0,1,3039.0,0
102.64,1,497,0,1,2,2104.0,1
17.27,2,956,1,0,1,533.0,1
164.84,1,621,1,0,0,563.0,1
37.43,5,1018,0,0,1,1220.0,1
192.02,2,18,0,0,0,1976.0,0
32.03,3,432,0,0,0,4139.0,0
19.56,5,616,0,0,0,327.0,0
34.53,4,149,0,1,1,330.0,1
49.64,4,440,0,0,1,2150.0,0
37.02,1,219,0,0,0,689.0,1
43.99,4,6,0,0,0,464.0,1
76.25,3,671,0,0,1,2093.0,0
46.01,2,839,0,0,0,112.0,1
51.11,5,1019,0,0,1,1364.0,0
9.88,3,895,1,0,0,1842.0,1
80.78,2,1275,0,0,0,874.0,0
49.94,3,1085,0,0,0,242.0,1
273.22,3,68,0,0,1,755.0,1
21.34,4,1465,0,0,0,1016.0,1
8.95,2,253,0,0,0,316.0,1
101.3,5,829,0,0,0,1206.0,1
77.21,7,884,0,0,1,745.0,1
19.92,5,624,0,0,1,4145.0,1
11.83,3,1091,1,0,1,120.0,1
254.02,4,515,1,0,0,1995.0,0
224.55,6,1006,0,0,0,2304.0,0
4.54,2,615,0,0,0,1690.0,0
34.53,3,155,0,0,0,1328.0,0
288.35,2,1359,0,0,1,220.0,1
33.92,3,846,0,0,1,1687.0,1
33.43,1,388,0,0,0,1505.0,0
41.15,3,4,0,0,0,4392.0,0
17.8,4,985,1,0,0,3703.0,1
9.93,1,380,0,0,0,37.0,0
156.42,0,33,0,0,1,7511.0,0
8.65,4,1035,0,0,2,1500.0,1
69.91,3,716,0,0,1,4458.0,0
132.5,2,185,0,0,1,291.0,1
12.79,5,1178,0,0,0,2145.0,1
21.67,2,856,0,0,1,1104.0,1
183.68,3,922,0,0,1,259.0,1
93.03,4,694,0,0,0,41.0,1
29.45,1,512,0,0,1,439.0,0
181.68,2,667,0,0,0,30.0,0
182.46,0,1252,0,0,0,1639.0,1
71.45,5,475,0,0,0,655.0,1
22.19,2,102,0,0,1,5529.0,0
36.11,5,258,0,0,2,1802.0,1
72.7,3,72,0,0,1,2597.0,0
45.21,2,360,0,1,2,1024.0,1
139.62,2,884,1,0,0,560.0,1
11.83,2,1002,1,0,1,2625.0,1
12.25,5,1265,0,0,0,1135.0,0
65.42,2,115,0,0,0,13892.0,0
33.4,4,577,0,0,1,1616.0,1
29.16,2,1434,0,0,1,3358.0,0
9.32,3,1451,1,0,0,611.0,1
55.68,4,547,0,0,0,1002.0,1
51.79,1,1164,0,0,0,495.0,0
104.95,3,308,0,0,1,2688.0,1
58.49,2,787,0,0,0,2548.0,0
47.82,4,392,0,0,0,1617.0,0
177.15,4,87,0,1,0,2364.0,1
14.7,3,1163,0,0,0,805.0,0
93.35,4,1403,0,0,0,3788.0,1
10.27,1,1067,0,0,0,4599.0,0
23.61,2,866,1,0,0,1963.0,0
16.24,5,1093,0,0,0,840.0,0
119.34,2,153,0,0,0,3319.0,0
51.14,2,472,1,0,0,7096.0,1
53.87,2,664,0,0,0,1557.0,0
18.05,3,618,0,1,0,1941.0,1
40.46,2,290,1,0,1,3423.0,0
25.45,0,938,0,0,0,2010.0,0
80.11,5,871,0,0,2,394.0,1
20.27,3,1135,0,0,0,990.0,1
206.4,4,1292,1,0,0,1704.0,1
10.22,0,1437,0,0,1,1122.0,0
24.37,2,477,0,0,1,2051.0,0
292.13,2,1359,0,0,0,595.0,1
35.33,2,387,0,0,0,311.0,1
14.66,3,1360,1,0,0,52.0,1
67.97,4,467,0,0,1,71.0,1
33.94,3,1265,0,1,0,794.0,1
23.67,4,228,1,0,0,40.0,1
18.25,0,975,1,0,0,571.0,1
869.9,2,73,0,0,0,1297.0,0
42.46,2,97,1,1,1,2454.0,1
7.96,2,1282,0,0,1,1600.0,1
243.16,2,263,0,0,1,1377.0,1
100.59,3,1015,0,0,0,499.0,1
25.37,6,223,0,0,0,29.0,1
21.47,6,485,1,0,1,250.0,1
107.07,1,260,0,0,0,7214.0,0
42.65,2,191,0,0,2,4730.0,0
7.96,4,266,0,0,1,671.0,1
326.11,6,557,0,0,0,697.0,1
35.38,4,982,0,0,0,3995.0,0
243.61,4,216,0,0,0,147.0,0
196.06,5,1324,0,0,0,338.0,0
20.07,2,146,0,0,0,226.0,0
153.42,5,523,0,0,0,3685.0,0
28.46,3,754,0,0,0,12.0,0
8.44,3,1206,0,0,0,26.0,0
35.71,2,1153,0,0,0,3026.0,0
81.26,1,565,0,0,0,1824.0,1
34.37,4,718,0,0,1,1491.0,1
40.16,4,1057,0,1,2,4612.0,0
171.33,5,391,0,0,0,1189.0,1
60.73,2,83,0,0,1,1132.0,1
23.49,4,1049,0,0,1,983.0,0
110.17,3,453,1,0,0,1901.0,1
66.53,2,1457,1,0,2,703.0,1
4.39,3,1098,0,0,1,1987.0,0
83.79,3,430,0,0,1,2189.0,1
80.79,1,1420,0,0,2,428.0,1
55.71,5,702,0,0,1,1627.0,0
133.18,3,852,0,0,1,2336.0,1
27.87,2,218,0,0,0,5850.0,0
76.44,5,460,1,0,0,5032.0,1
11.39,0,1342,0,0,1,413.0,0
82.03,1,1342,0,0,0,1550.0,0
384.93,1,1466,1,1,1,1141.0,1
20.19,1,166,0,0,1,773.0,1
25.54,3,1476,0,0,0,754.0,0
26.84,3,145,0,1,0,6369.0,0
62.18,7,522,0,0,1,67.0,1
18.86,3,467,0,0,0,3446.0,1
83.2,3,1313,0,0,0,1088.0,0
127.34,5,1061,0,1,1,1505.0,1
93.16,2,412,0,0,2,2420.0,1
9.31,0,686,0,0,1,1097.0,1
147.7,2,386,1,0,1,7862.0,0
139.4,3,942,0,0,1,3640.0,1
125.23,2,1446,0,0,0,432.0,0
79.27,5,38,0,0,1,1998.0,0
68.05,5,919,0,0,1,1161.0,0
153.3,0,161,0,0,0,806.0,1
373.72,2,1242,0,0,0,780.0,0
21.05,4,1268,0,0,0,320.0,1
160.47,2,1067,0,0,1,1101.0,0
50.09,3,118,0,1,0,1630.0,1
47.96,0,606,0,0,1,2882.0,1
11.75,5,1348,1,0,0,613.0,1
41.07,4,198,0,0,0,2675.0,1
20.14,1,251,1,0,0,1452.0,0
34.33,5,1017,1,0,1,537.0,1
18.21,3,468,0,0,0,2784.0,1
34.85,3,832,0,0,1,1662.0,1
36.38,4,1149,1,0,1,5577.0,0
60.14,3,104,0,0,0,612.0,0
10.86,4,1258,0,0,0,6510.0,0
12.86,3,73,0,0,1,1460.0,1
78.41,4,34,0,0,0,1092.0,0
24.6,2,1387,0,0,0,3742.0,0
159.9,4,1186,0,1,0,309.0,1
68.39,4,923,0,0,0,1116.0,0
100.16,3,720,0,0,0,241.0,1
223.79,4,1284,0,0,0,1710.0,1
40.06,2,476,0,0,0,78.0,1
30.74,4,337,0,0,0,7058.0,0
130.54,0,197,0,0,0,15.0,0
90.88,4,995,0,0,1,4843.0,1
45.27,4,1254,0,0,0,1860.0,0
219.52,4,100,0,0,0,3114.0,1
44.16,3,606,0,0,0,798.0,1
56.42,3,63,0,0,0,503.0,0
55.77,5,1358,0,0,0,342.0,1
21.44,1,1021,0,0,0,1364.0,0
59.0,2,910,0,0,0,558.0,1
220.69,6,284,0,0,0,3818.0,1
85.2,10,876,0,0,1,55.0,1
56.32,3,1162,1,0,0,159.0,1
46.44,4,538,1,0,0,438.0,1
76.01,4,419,0,0,1,155.0,0
115.56,2,1314,0,0,0,3169.0,0
100.41,3,991,0,0,0,7.0,0
39.18,3,427,0,0,1,1898.0,1
75.55,1,684,0,0,1,1094.0,0
88.23,3,751,0,0,1,2667.0,1
19.94,5,1452,1,0,1,951.0,1
64.6,2,43,0,0,0,1864.0,1
6.29,1,1332,0,0,0,1835.0,0
88.46,4,147,0,0,0,814.0,0
105.67,3,817,0,0,1,218.0,1
115.3,3,381,0,0,0,1021.0,0
36.78,0,1140,0,0,1,3744.0,0
74.37,2,1489,0,0,0,2865.0,1
226.77,0,844,0,0,1,836.0,1
224.48,1,968,0,1,0,3635.0,0
53.03,2,1231,0,0,0,1040.0,0
62.76,3,1077,1,0,1,393.0,1
165.82,7,1122,0,0,1,3591.0,0
12.17,1,1052,0,0,1,1225.0,1
39.52,3,213,0,0,0,1024.0,1
207.59,5,657,0,0,1,482.0,1
144.78,1,757,0,0,0,2604.0,0
78.99,3,248,0,0,1,1438.0,0
12.11,3,850,0,0,0,418.0,1
51.94,1,765,0,0,2,540.0,0
30.27,0,1356,0,0,0,868.0,1
76.02,3,961,0,0,0,1376.0,0
24.3,1,1060,0,0,1,2944.0,0
19.58,2,1221,0,0,0,418.0,1
6.92,5,1434,0,0,2,2415.0,1
185.27,3,184,0,1,0,4463.0,1
36.61,2,67,0,0,0,907.0,0
63.89,6,33,0,0,0,820.0,1
54.48,2,1191,0,0,0,1169.0,0
18.78,2,340,0,1,0,3058.0,1
15.5,4,698,0,0,0,175.0,1
19.98,2,1269,1,0,0,882.0,1
26.49,6,596,0,0,1,54.0,1
78.78,5,849,0,0,0,1313.0,1
24.64,4,43,0,1,2,5192.0,1
313.09,2,619,1,0,1,314.0,1
152.5,4,457,0,0,0,531.0,0
122.53,1,602,0,0,0,2161.0,0
48.44,4,116,0,1,2,2111.0,1
248.21,3,901,0,0,0,1635.0,1
43.9,4,106,0,0,0,498.0,0
52.92,6,685,0,0,0,124.0,1
64.71,6,1369,0,0,1,452.0,1
110.15,4,1413,0,0,0,1834.0,0
103.22,2,535,0,0,0,632.0,0
33.95,1,803,0,0,0,3318.0,1
32.04,3,241,1,0,0,1724.0,1
103.53,1,96,0,0,1,92.0,1
111.64,2,1334,0,0,1,166.0,1
36.84,2,125,0,0,0,593.0,1
11.17,1,234,0,0,0,1534.0,1
44.38,2,689,1,0,0,4973.0,0
101.85,2,582,0,0,0,196.0,1
332.09,2,1230,0,0,0,3197.0,0
16.48,5,233,0,0,1,1531.0,1
35.64,2,120,0,0,0,814.0,1
36.99,4,631,0,0,0,1854.0,1
211.83,2,22,0,0,0,2767.0,1
52.72,1,761,0,0,0,800.0,0
22.04,1,1236,0,0,0,4539.0,0
95.46,2,904,0,0,0,1441.0,0
36.43,5,475,0,0,1,307.0,1
16.05,3,697,1,0,0,1424.0,1
22.36,3,839,0,0,0,2610.0,0
309.22,4,188,0,0,1,1590.0,1
80.17,3,1207,0,0,1,1579.0,1
60.81,0,418,0,0,0,51.0,1
42.53,2,553,0,0,0,1120.0,0
73.12,3,540,0,0,1,819.0,1
72.26,1,1098,0,0,0,81.0,1
73.12,2,36,0,1,0,2058.0,1
61.24,3,1434,0,0,0,364.0,0
130.16,4,531,0,0,0,775.0,1
55.87,4,688,0,0,1,1551.0,0
20.53,3,1039,0,0,0,1045.0,1
29.59,1,1133,0,0,0,2178.0,0
7.55,3,124,0,0,0,3353.0,0
414.39,0,1329,0,0,1,334.0,0
129.38,3,1042,0,0,1,588.0,1
23.81,2,84,0,0,0,370.0,1
41.19,4,705,0,0,0,1245.0,1
28.88,4,918,0,0,0,149.0,1
255.33,3,1212,0,0,1,2434.0,0
13.2,1,1188,1,1,0,246.0,1
61.22,5,368,0,0,0,5280.0,0
48.98,2,394,0,0,2,3303.0,1
124.82,2,20,0,0,0,6270.0,0
49.2,2,1020,0,0,1,75.0,1
9.41,2,113,0,0,1,413.0,0
42.47,1,1341,0,0,0,5841.0,0
20.65,3,357,0,0,0,7517.0,0
59.12,1,1174,0,0,0,593.0,0
229.1,7,836,0,0,0,1644.0,1
9.59,5,772,1,0,0,419.0,1
24.53,1,413,0,0,0,4053.0,0
31.42,1,826,0,0,0,265.0,1
37.28,4,58,1,1,1,2098.0,1
114.45,2,1078,0,0,1,617.0,1
45.9,2,1385,0,0,0,843.0,0
82.75,3,717,0,0,0,1429.0,1
29.2,1,423,0,0,0,1004.0,0
68.71,9,1081,0,0,1,1334.0,0
118.84,4,64,0,1,0,2049.0,1
26.25,2,286,0,0,0,632.0,1
119.27,4,342,0,0,0,2417.0,1
57.53,4,509,1,0,0,972.0,1
155.32,7,1458,1,0,0,40.0,1
44.64,1,1462,1,0,1,3375.0,1
79.94,2,535,0,0,0,595.0,0
52.43,7,81,0,0,3,3542.0,1
49.59,3,381,0,0,0,2457.0,0
70.73,3,694,0,0,0,940.0,1
93.39,6,648,0,0,0,1891.0,0
15.65,0,416,0,0,0,8680.0,1
228.98,7,619,0,0,2,661.0,1
8.5,4,134,1,0,0,1078.0,1
27.53,3,712,0,0,0,289.0,0
49.69,2,886,0,0,0,3691.0,0
82.46,1,559,1,0,1,1449.0,1
264.06,5,223,0,0,0,194.0,0
8.51,4,115,0,0,0,1638.0,1
32.86,7,326,0,0,1,1136.0,1
6.51,1,196,0,0,1,661.0,1
56.35,3,1015,0,0,0,34.0,1
71.64,4,1019,0,1,0,439.0,1
267.95,3,249,1,0,0,415.0,1
61.6,5,226,1,0,2,2262.0,1
155.09,1,283,0,0,0,540.0,0
97.89,3,450,0,0,0,6919.0,0
35.33,2,1078,0,0,0,366.0,1
13.34,2,745,1,0,0,4024.0,1
71.88,4,487,0,0,1,818.0,1
12.28,8,1174,0,0,2,13371.0,0
199.38,2,1080,0,0,1,2931.0,0
46.43,5,210,0,0,1,1668.0,1
180.4,3,316,0,0,0,3196.0,0
33.78,3,400,0,1,1,4087.0,1
71.44,3,1152,0,0,2,10849.0,0
67.31,2,769,0,0,0,336.0,0
52.19,3,1036,0,0,0,1582.0,0
35.42,4,24,0,0,0,880.0,1
80.84,6,126,0,0,0,876.0,1
21.62,0,331,0,0,0,1801.0,0
16.29,5,1195,0,0,0,1263.0,1
189.2,1,105,0,0,2,2994.0,0
112.98,6,1245,0,0,1,716.0,0
58.32,4,1081,0,0,0,1359.0,1
288.63,0,33,0,0,2,6064.0,1
41.77,4,1185,0,0,1,171.0,1
204.94,6,1132,0,0,1,563.0,1
65.08,2,996,0,0,1,193.0,1
19.59,1,65,0,0,2,117.0,1
346.55,0,1100,0,0,0,30.0,0
147.04,9,1070,0,0,0,819.0,1
48.37,9,1477,0,0,1,3397.0,1
112.98,2,450,0,0,0,498.0,1
36.46,2,984,0,0,2,706.0,1
125.1,2,950,0,0,0,3492.0,0
5.0,4,434,0,0,0,293.0,0
19.69,4,626,0,0,0,487.0,0
145.37,5,1332,0,0,1,2240.0,1
42.54,3,1007,1,0,0,2432.0,1
67.19,2,405,1,0,1,800.0,1
14.2,3,143,0,0,0,19.0,0
346.49,1,759,0,0,0,865.0,1
179.56,1,288,1,0,2,2262.0,1
44.67,2,72,0,0,0,2258.0,0
36.43,1,407,0,1,0,980.0,0
152.87,1,554,0,0,0,772.0,0
396.42,5,1288,0,0,0,2180.0,0
141.71,5,1245,0,0,2,5355.0,0
479.05,2,779,0,0,1,2833.0,0
21.71,4,1068,0,0,0,469.0,1
24.06,3,1447,0,0,0,5917.0,0
16.63,5,990,0,0,0,1694.0,1
84.92,1,289,0,1,0,215.0,0
65.08,1,781,0,0,2,739.0,0
46.9,4,1060,0,0,0,2318.0,1
122.64,2,538,0,1,0,3670.0,0
187.23,5,458,0,0,0,1357.0,1
11.87,4,1318,1,0,0,267.0,1
30.05,2,1124,0,0,0,237.0,0
123.98,5,1175,0,0,0,710.0,0
34.2,3,1160,0,0,2,69.0,1
24.58,1,1304,0,1,1,976.0,1
151.19,2,1399,0,0,1,2702.0,0
15.04,2,1490,1,0,0,1113.0,1
40.38,0,1448,0,0,0,3193.0,0
75.84,2,1142,0,0,0,1928.0,1
30.76,1,980,0,0,1,387.0,0
119.48,0,409,0,0,0,434.0,0
30.91,2,1041,0,0,0,774.0,1
223.32,6,644,0,0,1,1390.0,1
48.15,1,251,0,0,2,2041.0,1
106.83,4,879,1,0,0,342.0,1
115.13,7,105,0,0,0,299.0,1
29.15,3,849,0,0,2,22.0,1
7.0,3,1065,0,0,0,216.0,1
78.32,6,572,0,0,0,2509.0,1
58.69,6,469,0,0,1,103.0,1
95.19,4,555,0,0,1,1676.0,1
43.53,3,533,0,0,0,1653.0,0
35.5,5,1445,0,0,1,8819.0,0
406.86,2,634,0,0,1,2038.0,0
12.52,1,978,0,0,0,2163.0,1
113.74,2,504,0,0,0,169.0,1
30.73,3,1235,1,0,1,3762.0,0
39.03,3,133,0,0,1,694.0,1
39.76,4,957,0,0,0,675.0,0
24.45,1,1324,0,0,2,1128.0,1
96.66,5,219,0,0,0,2214.0,1
219.34,0,1414,0,0,0,628.0,1
87.36,2,1009,0,1,0,2705.0,1
60.54,4,1358,1,0,0,507.0,1
20.36,4,387,0,0,0,236.0,1
91.54,1,671,1,0,1,2147.0,1
471.7,3,951,0,0,1,4582.0,1
37.31,3,1325,0,0,1,4327.0,0
37.49,5,114,0,0,0,116.0,0
31.15,0,823,0,0,0,895.0,1
33.47,5,60,0,0,1,610.0,1
3.51,5,927,0,0,0,1092.0,1
81.86,5,755,0,0,1,93.0,1
23.44,2,115,0,0,0,952.0,0
10.91,6,295,0,0,0,5837.0,0
115.95,2,1404,0,0,0,1506.0,0
18.5,4,616,0,0,0,441.0,1
38.91,0,80,0,0,0,2982.0,1
236.62,1,1051,1,0,0,912.0,0
13.34,3,1460,0,0,0,119.0,1
11.79,0,1257,0,0,0,782.0,1
71.47,5,254,0,0,0,3028.0,0
172.34,8,1389,0,0,1,449.0,1
11.31,4,1412,0,1,1,712.0,1
82.08,3,938,0,0,1,570.0,1
97.61,3,373,0,0,0,4110.0,0
6.96,2,347,1,0,2,627.0,1
121.33,2,1462,0,0,1,495.0,0
131.18,8,1161,0,0,0,4715.0,0
39.97,3,1177,0,0,1,15122.0,0
191.01,0,344,1,1,1,1621.0,1
170.11,4,58,0,0,0,4914.0,0
60.53,4,220,1,0,1,2631.0,1
34.76,1,1042,0,0,2,374.0,1
20.64,1,428,0,0,0,2073.0,0
52.59,2,842,0,0,2,2810.0,0
96.52,3,1201,0,0,1,2446.0,1
39.48,3,486,0,0,1,1359.0,0
6.06,5,974,0,1,0,1303.0,0
194.17,3,503,1,0,1,3105.0,1
66.04,1,622,0,0,0,2102.0,0
37.35,4,705,0,0,1,2834.0,1
128.66,4,849,0,0,0,418.0,1
250.8,6,1009,0,0,0,6110.0,0
3.31,6,640,1,0,1,2376.0,1
84.29,6,1034,0,0,0,988.0,0
13.11,6,1343,0,0,0,1646.0,0
89.94,2,606,0,0,1,1838.0,0
62.05,3,814,0,0,0,2908.0,1
103.1,7,258,0,1,1,2172.0,1
33.14,1,882,0,0,3,3349.0,0
8.39,4,404,0,0,0,904.0,1
34.8,6,1248,0,0,0,984.0,0
82.01,1,771,0,0,1,376.0,0
150.72,3,548,0,0,0,1305.0,0
16.91,2,261,0,0,2,924.0,1
152.48,3,1300,0,0,0,1968.0,1
28.56,4,771,0,0,1,1663.0,1
78.45,3,1380,0,0,0,3507.0,0
32.79,1,326,0,0,1,332.0,1
65.51,3,999,1,0,0,4447.0,1
133.2,0,228,0,0,2,448.0,0
16.01,2,600,0,1,1,2296.0,1
27.66,5,1327,1,0,0,1241.0,0
65.69,3,1126,0,0,1,2183.0,1
602.8,0,1317,0,0,0,1383.0,0
23.03,1,8,1,0,0,1902.0,1
419.95,3,614,0,0,0,2510.0,1
405.22,6,625,0,0,0,386.0,0
49.54,2,208,0,0,0,754.0,1
40.52,0,1387,0,0,2,3634.0,0
27.33,2,897,0,0,0,3255.0,0
51.0,4,1069,0,0,2,2057.0,0
13.37,2,458,0,0,1,656.0,1
50.59,6,522,0,0,0,416.0,0
243.93,9,342,0,0,0,90.0,1
29.63,4,232,0,0,0,4894.0,1
42.92,3,1367,1,0,0,1818.0,1
9.96,3,169,0,0,0,959.0,0
79.37,6,268,0,0,0,2109.0,1
71.13,3,749,0,1,0,1102.0,1
58.19,2,1288,0,1,1,777.0,1
43.96,0,892,0,0,0,1252.0,0
40.74,4,1325,0,0,0,2401.0,0
90.19,1,600,1,0,0,3273.0,0
53.05,0,666,0,0,1,189.0,0
74.81,4,342,0,0,0,121.0,1
67.69,1,107,0,0,1,749.0,0
167.91,3,159,0,0,0,72.0,1
107.45,1,1378,0,1,0,1229.0,0
66.21,2,459,0,0,0,3127.0,0
249.24,2,72,1,0,0,769.0,1
83.12,4,633,0,0,0,1163.0,1
201.33,2,1196,0,0,0,1537.0,0
100.18,3,227,0,0,0,4409.0,0
8.65,6,729,0,0,0,4702.0,0
201.31,3,607,0,0,0,1799.0,0
62.5,1,1201,0,0,0,18.0,1
51.83,2,599,0,0,0,378.0,0
72.34,3,102,0,0,0,405.0,1
38.67,3,1348,0,0,0,1645.0,1
68.51,2,1380,1,0,0,2213.0,0
30.21,3,1151,1,0,1,168.0,1
195.25,7,1418,0,0,1,616.0,1
48.74,2,582,0,0,1,1274.0,0
37.24,3,735,0,0,0,2656.0,1
21.65,6,260,0,1,0,760.0,1
71.43,7,277,0,0,0,1238.0,1
65.83,0,810,0,0,0,1234.0,1
80.51,5,596,0,0,0,4705.0,1
19.55,5,465,0,0,0,3358.0,1
11.01,4,1396,0,0,0,3512.0,1
102.06,4,134,0,0,1,328.0,1
240.96,1,1279,0,0,0,4160.0,1
19.56,0,887,1,0,2,901.0,1
267.59,4,73,0,0,0,1416.0,1
72.52,2,652,0,0,2,1715.0,1
54.21,6,1311,1,0,0,1012.0,1
36.69,5,171,0,0,1,757.0,1
13.67,2,698,0,0,1,513.0,1
146.6,6,247,1,1,1,1297.0,1
25.14,0,354,0,0,1,3272.0,0
25.03,3,41,1,0,0,2608.0,1
147.22,3,112,0,0,0,1284.0,1
8.31,7,716,0,1,0,756.0,1
11.9,5,461,0,0,0,23.0,1
53.62,1,1229,0,0,1,419.0,0
73.21,5,639,0,0,0,372.0,1
88.65,4,66,0,0,1,1598.0,1
40.37,2,1393,0,0,0,4564.0,0
685.65,5,461,0,0,1,684.0,0
43.47,3,546,0,0,0,2836.0,1
43.35,2,1498,0,0,0,720.0,0
24.61,4,710,0,0,2,5992.0,1
61.8,7,44,0,0,1,390.0,1
100.98,3,1359,1,1,0,940.0,1
181.92,1,1379,0,0,1,291.0,0
12.31,2,1372,1,0,2,462.0,1
42.69,3,1386,0,0,1,202.0,0
85.35,4,1414,1,0,1,209.0,1
98.21,7,1286,1,0,0,1782.0,0
54.96,2,75,0,0,1,2757.0,1
93.92,4,468,0,0,0,152.0,1
24.31,5,5,0,0,0,450.0,1
259.28,0,301,1,0,1,697.0,1
147.32,4,1211,0,0,2,4970.0,1
14.23,5,1225,0,0,1,1641.0,1
18.63,5,1323,0,1,1,204.0,1
19.16,4,486,0,0,0,831.0,1
107.55,2,949,0,0,2,2261.0,1
15.11,4,251,0,1,0,6889.0,1
39.21,1,667,0,0,0,2413.0,1
86.03,1,1400,1,0,1,360.0,1
51.1,4,1221,0,0,0,3079.0,1
70.73,1,69,1,1,0,6.0,1
18.81,1,560,0,0,1,1185.0,1
98.97,1,1273,0,0,0,762.0,0
29.57,4,232,0,0,0,5265.0,0
39.46,2,1487,0,0,0,85.0,0
69.25,2,329,0,0,0,531.0,1
60.53,1,793,0,0,1,542.0,1
55.92,1,1160,0,0,0,991.0,0
25.77,3,743,1,0,0,4623.0,1
40.47,2,767,0,0,1,1903.0,1
54.72,5,479,1,0,0,233.0,1
13.8,6,1085,0,0,0,3136.0,0
34.38,3,87,0,0,1,1789.0,1
80.45,1,1183,0,0,0,29.0,1
15.22,2,967,0,0,2,4514.0,1
173.57,6,399,0,0,0,87.0,0
194.34,6,746,1,0,1,1695.0,1
15.72,1,1424,0,0,1,1653.0,0
212.22,4,462,0,0,0,1689.0,1
47.3,6,364,1,0,1,3394.0,1
82.97,4,81,1,0,0,238.0,1
33.23,2,714,0,0,0,1377.0,0
137.42,6,93,1,0,1,1534.0,1
81.95,1,874,0,0,0,913.0,0
24.19,5,72,0,0,1,1352.0,1
17.03,3,1081,0,0,1,1251.0,1
12.68,2,507,0,0,0,2561.0,0
65.89,1,1453,0,0,0,284.0,1
96.78,3,720,0,0,1,54.0,0
104.69,1,599,0,0,0,4825.0,1
48.52,2,398,0,0,0,677.0,0
17.17,0,460,0,0,1,2824.0,0
27.6,2,621,0,0,0,693.0,1
172.84,1,1307,0,0,0,7.0,0
33.63,5,205,0,0,1,437.0,1
63.02,4,976,0,0,0,201.0,0
18.62,5,97,1,0,0,3114.0,1
76.45,8,472,0,0,1,337.0,1
34.55,1,1484,0,0,0,9116.0,0
155.51,1,265,0,0,0,1707.0,1
118.34,2,269,0,0,0,702.0,0
33.26,1,941,0,0,0,1265.0,1
48.1,3,264,0,0,1,5873.0,0
31.47,0,824,0,0,1,1820.0,0
13.2,4,1016,0,0,0,2522.0,0
23.16,3,1490,0,0,0,1225.0,0
66.57,2,7,1,0,0,1370.0,1
75.59,3,1152,1,0,2,7434.0,1
63.34,1,399,0,1,1,1670.0,1
40.38,2,184,1,0,0,1405.0,1
138.8,1,616,0,1,0,3721.0,1
58.18,4,1108,0,0,0,1074.0,1
110.31,2,440,1,0,0,1155.0,1
9.26,5,805,0,0,0,2229.0,0
1.08,1,1257,0,1,0,313.0,1
72.51,3,93,0,0,0,251.0,0
13.13,3,789,0,0,1,1734.0,1
44.15,6,477,1,0,1,365.0,1
40.36,4,361,1,0,1,1029.0,1
267.04,1,111,0,0,1,2937.0,1
81.45,5,1366,0,0,1,668.0,1
64.45,2,308,0,0,0,2441.0,0
126.09,2,417,0,0,1,715.0,1
78.92,3,77,0,0,1,73.0,1
34.55,1,746,0,0,0,173.0,1
159.41,1,607,0,1,0,1024.0,1
18.0,3,1292,0,0,1,689.0,1
75.43,2,1376,0,1,0,1139.0,1
11.62,4,1070,0,0,0,1333.0,1
66.95,1,1350,0,0,1,5147.0,1
66.22,4,1483,0,0,2,1150.0,0
291.91,2,1406,0,0,3,3507.0,0
11.42,3,215,0,0,1,3423.0,0
29.94,3,839,0,0,0,3932.0,1
124.3,4,441,0,0,0,1390.0,0
76.35,5,788,0,0,0,607.0,1
65.39,1,580,1,0,0,2777.0,1
20.99,2,1365,0,0,2,701.0,0
30.24,4,1324,0,0,0,4070.0,0
189.62,3,1310,1,0,0,199.0,1
51.86,7,1433,0,0,0,2041.0,1
79.47,6,639,0,0,0,1182.0,0
48.66,4,1410,0,0,1,1681.0,0
16.73,5,1492,0,0,0,212.0,1
138.91,0,494,0,0,1,6391.0,0
90.31,6,526,0,0,0,2256.0,0
547.65,4,151,0,0,0,604.0,1
19.78,1,692,0,0,1,3965.0,0
124.28,4,891,1,0,1,1085.0,0
14.71,2,979,0,0,0,371.0,1
63.9,4,1202,0,0,2,1014.0,1
144.97,3,725,0,0,0,692.0,1
6.87,4,980,0,0,0,2218.0,0
44.48,0,9,0,0,0,39.0,1
31.09,1,1375,0,1,0,3819.0,0
27.06,5,776,0,0,0,1019.0,0
80.26,2,203,0,0,0,216.0,1
167.45,3,263,0,1,0,2629.0,1
47.79,5,1173,0,0,1,8007.0,0
67.05,5,1009,0,0,0,4195.0,1
61.21,1,1116,0,0,2,324.0,0
54.7,0,565,0,0,0,439.0,1
18.37,1,527,0,0,0,7916.0,0
165.41,1,1480,0,0,0,408.0,0
73.35,4,1484,1,0,1,646.0,1
81.04,6,1477,0,0,1,1755.0,0
24.37,4,1224,0,0,0,620.0,1
34.49,2,1061,1,0,0,864.0,1
45.78,1,1412,0,0,0,2434.0,0
11.77,1,980,0,0,0,1619.0,1
10.09,5,662,0,1,0,2991.0,1
29.94,3,1457,0,0,0,2689.0,0
92.07,2,548,0,0,2,2890.0,1
28.41,6,94,0,0,1,352.0,1
19.71,6,865,0,0,0,535.0,0
24.17,3,1215,0,0,0,363.0,1
34.63,8,476,0,0,2,235.0,1
38.33,5,166,1,0,0,3418.0,1
476.05,4,1064,0,0,1,7.0,1
156.75,2,1088,0,0,0,1778.0,0
152.14,4,1476,0,0,1,3713.0,0
175.67,5,997,0,0,0,330.0,1
20.11,1,382,0,0,1,4829.0,0
16.08,3,447,0,1,0,5684.0,1
18.05,2,275,0,0,1,1565.0,1
207.37,3,1102,0,0,1,1980.0,0
31.59,2,125,0,0,0,372.0,0
15.62,2,521,0,0,1,7459.0,0
35.48,4,1313,0,0,1,2421.0,1
43.01,3,1151,0,0,1,1307.0,1
71.41,2,216,0,0,0,1251.0,1
70.17,4,1130,0,0,0,1732.0,1
23.85,2,725,0,0,0,371.0,1
108.38,1,597,0,0,0,1636.0,0
28.81,1,57,0,0,0,130.0,0
46.7,3,744,0,0,0,1671.0,0
108.5,4,1304,0,0,0,1539.0,1
28.74,2,614,0,0,0,797.0,0
30.9,4,172,0,0,0,170.0,1
98.66,3,1129,0,0,0,1438.0,1
23.16,2,6,0,0,0,1036.0,1
37.16,1,1058,0,0,1,674.0,0
95.18,4,921,0,0,0,1006.0,0
425.85,2,539,1,0,0,113.0,1
100.02,2,517,0,1,0,160.0,1
87.59,2,472,0,0,0,281.0,0
92.83,2,1279,0,0,0,1451.0,0
18.67,2,556,0,0,0,599.0,0
61.29,5,866,0,0,0,482.0,0
53.0,7,605,0,0,0,1792.0,1
75.31,2,247,1,0,0,1635.0,1
61.34,2,773,0,0,0,743.0,0
79.81,2,317,0,1,1,4982.0,0
39.99,6,1275,1,0,0,914.0,1
57.89,2,754,1,0,1,378.0,1
15.99,4,1372,0,0,1,3953.0,1
39.65,3,1099,1,0,1,2180.0,1
219.39,3,240,0,0,1,2487.0,0
75.1,0,136,0,0,1,3402.0,1
53.47,0,227,1,0,0,2863.0,1
363.63,2,459,0,1,0,3388.0,0
14.0,2,892,0,0,1,465.0,0
18.0,2,755,0,0,0,1722.0,0
302.69,2,939,0,0,0,2027.0,0
57.17,0,1110,0,0,2,623.0,0
42.84,3,937,0,1,0,9295.0,0
16.46,3,1484,0,0,0,2964.0,0
85.43,3,1136,0,0,0,4429.0,1
94.11,7,69,0,0,1,297.0,1
18.27,2,994,0,0,0,69.0,1
47.45,7,1386,1,0,0,52.0,1
39.04,2,286,0,0,0,3627.0,0
70.53,2,1467,0,0,2,1423.0,1
17.83,3,151,0,0,0,662.0,1
190.94,2,441,0,0,0,2948.0,0
136.43,2,921,0,0,1,1859.0,0
37.97,1,1200,1,0,0,1738.0,0
43.97,4,1053,1,0,1,2875.0,1
47.64,2,597,0,1,0,1140.0,1
25.07,2,741,0,0,1,318.0,1
35.04,4,685,0,0,1,4494.0,0
41.67,3,553,0,0,0,3608.0,1
273.93,5,713,1,0,0,515.0,0
140.7,1,375,0,1,1,718.0,1
139.03,4,431,0,0,1,3088.0,1
79.04,2,612,0,0,1,6451.0,0
17.86,6,1409,0,0,0,2688.0,1
52.38,1,1375,0,0,1,97.0,0
144.1,4,916,0,0,0,945.0,0
15.51,5,1244,0,0,2,2694.0,0
103.19,8,494,1,0,1,1129.0,1
557.02,2,1171,0,0,1,2028.0,1
157.88,5,577,0,0,2,67.0,1
224.53,1,202,0,0,0,428.0,0
67.92,1,413,0,0,1,2562.0,1
143.73,2,220,1,0,0,385.0,1
26.63,5,812,0,0,0,6386.0,1
121.01,2,1407,0,0,0,822.0,1
105.04,3,927,1,0,0,389.0,1
72.96,7,617,1,0,0,389.0,1
203.57,4,251,0,1,0,346.0,1
31.86,3,975,0,0,0,768.0,1
45.28,2,1302,0,1,1,1568.0,0
60.07,3,749,0,0,0,3864.0,1
19.5,4,715,0,0,0,4879.0,0
68.51,1,1078,0,0,0,1649.0,0
9.79,2,438,0,0,0,1803.0,0
155.55,1,1235,0,0,1,1325.0,0
57.2,3,518,0,0,0,739.0,1
32.43,4,1225,1,0,0,1374.0,1
23.7,4,876,0,0,0,326.0,0
43.18,5,797,0,0,2,702.0,1
108.66,3,1067,0,0,1,401.0,1
94.42,3,707,0,0,2,3297.0,0
26.96,3,1010,0,0,1,320.0,1
23.43,3,248,0,0,1,2473.0,0
105.31,2,1389,0,0,0,124.0,1
26.51,3,1342,0,0,1,1940.0,1
57.97,4,781,0,0,0,2611.0,1
61.79,2,1395,0,0,1,191.0,1
74.59,1,188,1,0,1,2661.0,1
128.8,7,271,0,0,1,1587.0,1
15.44,2,1282,0,1,0,2086.0,0
8.08,1,626,0,1,2,2312.0,1
30.96,5,1266,0,0,1,321.0,1
330.8,2,94,0,0,0,2878.0,0
412.47,2,694,0,0,0,2741.0,1
340.76,3,508,1,0,1,1874.0,1
45.02,2,988,0,0,0,1265.0,1
9.19,2,295,0,0,2,3414.0,0
5.24,4,480,1,0,2,3827.0,1
29.55,4,1044,0,0,0,734.0,0
44.79,3,762,1,0,1,1370.0,1
200.46,3,1428,0,0,1,1076.0,0
130.04,6,419,0,0,0,997.0,0
68.54,5,416,0,0,2,3167.0,1
22.42,3,529,0,0,1,1961.0,0
20.89,3,1160,1,0,0,1156.0,0
70.4,0,661,1,0,0,2796.0,0
109.62,0,663,0,0,0,5160.0,0
80.79,4,115,1,0,0,943.0,0
19.4,1,859,0,0,0,262.0,1
104.65,3,180,0,0,1,4542.0,0
83.59,3,648,0,0,1,5679.0,0
18.72,3,611,1,0,1,947.0,1
24.92,2,325,0,1,0,1881.0,1
108.69,3,190,0,0,0,171.0,1
43.18,5,961,0,0,0,86.0,1
267.51,4,1215,0,0,0,179.0,1
90.12,4,728,0,0,2,2681.0,0
33.56,1,672,0,0,1,1106.0,1
54.04,1,823,0,0,0,1918.0,0
58.17,2,1313,0,0,1,1456.0,1
26.35,2,1190,0,0,1,388.0,0
21.92,4,1282,0,0,0,3031.0,0
110.1,4,236,0,0,1,434.0,1
127.14,6,1418,0,0,3,362.0,0
99.86,6,741,0,0,1,1731.0,1
248.47,1,578,0,0,0,3662.0,0
31.76,1,460,0,0,0,3620.0,1
291.28,2,734,0,0,1,1039.0,0
22.18,0,1039,0,0,0,2082.0,0
19.83,4,471,1,0,1,3141.0,1
9.39,1,884,0,0,0,439.0,0
34.96,3,829,1,0,0,904.0,0
32.99,2,671,0,0,3,1806.0,0
92.38,2,1269,0,0,0,3293.0,0
69.68,6,251,0,0,2,737.0,1
16.56,1,1190,0,0,0,1748.0,1
36.87,10,1230,0,0,0,109.0,1
37.66,0,1145,0,1,0,4852.0,0
9.24,0,683,0,0,0,4074.0,0
20.47,4,279,0,0,0,4595.0,1
25.26,5,1001,0,0,0,6212.0,0
228.98,3,1243,0,0,1,3364.0,0
66.12,5,1224,0,0,1,426.0,1
105.87,1,83,1,0,2,1567.0,0
12.2,0,877,1,0,0,357.0,0
180.23,4,876,1,0,1,37.0,1
200.56,4,1300,0,0,1,279.0,1
7.4,6,222,0,0,0,3319.0,0
26.97,5,648,1,0,2,2451.0,1
89.64,1,1086,0,0,1,2568.0,0
104.0,4,398,0,0,0,937.0,0
